client_id,month,client_segment,client_region,industry_vertical,tenure_months,active_products_count,product_lines,total_revenue_sek,total_gp_sek,gp_margin,total_volume,mom_revenue_growth,nps_score_proxy,support_tickets_30d,days_since_last_contact,contract_type,months_to_renewal,churned,nba_label,ltv_12m_estimate_sek
CLT0001,2023-01,Enterprise,UK & Ireland,Logistics,33,3,Verification|SMS|Voice,798974.72,351472.53,0.44,12984560,0.0,7.2,2,54,Annual,2,False,Expand,9587696.64
CLT0001,2023-03,Enterprise,UK & Ireland,Logistics,33,3,Verification|SMS|Voice,416286.72,178538.59,0.429,6951001,-0.479,7.2,5,48,Annual,5,False,Retain,4995440.64
CLT0001,2023-04,Enterprise,UK & Ireland,Logistics,33,3,Verification|SMS|Voice,428124.92,214574.14,0.501,7066586,0.0284,7.2,1,71,Annual,8,False,Expand,5283404.01
CLT0001,2023-05,Enterprise,UK & Ireland,Logistics,33,3,Verification|SMS|Voice,885724.96,449873.48,0.508,14784126,1.0688,7.2,2,87,Annual,3,False,Upsell,21988653.57
CLT0001,2023-06,Enterprise,UK & Ireland,Logistics,33,3,Verification|SMS|Voice,471906.96,235793.37,0.5,8134284,-0.4672,7.2,3,2,Annual,2,False,Retain,5662883.52
CLT0001,2023-07,Enterprise,UK & Ireland,Logistics,33,3,Verification|SMS|Voice,489784.2,231808.5,0.473,8474304,0.0379,7.2,3,19,Annual,5,False,Upsell,6100164.25
CLT0001,2023-08,Enterprise,UK & Ireland,Logistics,33,3,Verification|SMS|Voice,499038.6,194795.88,0.39,8661626,0.0189,7.2,3,86,Annual,1,False,Expand,6101645.15
CLT0001,2023-09,Enterprise,UK & Ireland,Logistics,33,3,Verification|SMS|Voice,531772.56,228446.27,0.43,9439209,0.0656,7.2,2,18,Annual,6,False,Upsell,6799882.08
CLT0001,2023-10,Enterprise,UK & Ireland,Logistics,33,3,Verification|SMS|Voice,547965.04,282567.95,0.516,9588424,0.0305,7.2,0,38,Annual,6,False,Upsell,6776135.68
CLT0001,2023-11,Enterprise,UK & Ireland,Logistics,33,3,Verification|SMS|Voice,529425.72,228747.77,0.432,9261317,-0.0338,7.2,2,42,Annual,1,False,Nurture,6353108.64
CLT0002,2023-01,Enterprise,DACH,Healthcare,59,2,Voice|SMS,233626.76,114038.47,0.488,4308131,0.0,8.7,3,85,Annual,1,False,Nurture,2803521.12
CLT0002,2023-03,Enterprise,DACH,Healthcare,59,2,Voice|SMS,122673.32,58801.75,0.479,2251683,-0.4749,8.7,2,44,Annual,5,False,Retain,1472079.84
CLT0002,2023-04,Enterprise,DACH,Healthcare,59,2,Voice|SMS,129963.52,55914.21,0.43,2383084,0.0594,8.7,0,76,Annual,1,False,Upsell,1652200.24
CLT0002,2023-05,Enterprise,DACH,Healthcare,59,2,Voice|SMS,272488.32,130353.36,0.478,4945442,1.0967,8.7,3,65,Annual,12,False,Upsell,6855915.13
CLT0002,2023-06,Enterprise,DACH,Healthcare,59,2,Voice|SMS,139549.52,77923.56,0.558,2522720,-0.4879,8.7,4,5,Annual,11,False,Retain,1674594.24
CLT0002,2023-07,Enterprise,DACH,Healthcare,59,2,Voice|SMS,150999.36,73845.94,0.489,2702314,0.082,8.7,1,73,Annual,10,False,Upsell,1960575.69
CLT0002,2023-08,Enterprise,DACH,Healthcare,59,2,Voice|SMS,152205.08,72222.05,0.475,2679503,0.008,8.7,4,71,Annual,4,False,Nurture,1841072.65
CLT0002,2023-09,Enterprise,DACH,Healthcare,59,2,Voice|SMS,165242.88,73125.97,0.443,2895874,0.0857,8.7,0,73,Annual,8,False,Upsell,2152850.34
CLT0002,2023-10,Enterprise,DACH,Healthcare,59,2,Voice|SMS,170406.6,95797.64,0.562,2942997,0.0312,8.7,3,52,Annual,11,False,Upsell,2108679.43
CLT0002,2023-11,Enterprise,DACH,Healthcare,59,2,Voice|SMS,171175.04,85650.43,0.5,2868790,0.0045,8.7,3,59,Annual,4,False,Nurture,2063343.93
CLT0003,2023-01,Enterprise,LATAM,Retail & E-commerce,39,2,Voice|WhatsApp Business,870989.25,385714.48,0.443,3842829,0.0,8.4,3,67,Multi-year,9,False,Nurture,10451871.0
CLT0003,2023-03,Enterprise,LATAM,Retail & E-commerce,39,2,Voice|WhatsApp Business,457779.26,208584.31,0.456,2045972,-0.4744,8.4,3,62,Multi-year,3,False,Retain,5493351.12
CLT0003,2023-04,Enterprise,LATAM,Retail & E-commerce,39,2,Voice|WhatsApp Business,453709.41,172588.76,0.38,2050667,-0.0089,8.4,2,40,Multi-year,7,False,Nurture,5444512.92
CLT0003,2023-05,Enterprise,LATAM,Retail & E-commerce,39,2,Voice|WhatsApp Business,968832.23,448260.93,0.463,4208357,1.1354,8.4,1,13,Multi-year,7,False,Upsell,24826132.13
CLT0003,2023-06,Enterprise,LATAM,Retail & E-commerce,39,2,Voice|WhatsApp Business,497306.09,200177.15,0.403,2124511,-0.4867,8.4,3,28,Multi-year,1,False,Retain,5967673.08
CLT0003,2023-07,Enterprise,LATAM,Retail & E-commerce,39,2,Voice|WhatsApp Business,493832.58,239937.95,0.486,2043897,-0.007,8.4,1,26,Multi-year,5,False,Nurture,5925990.96
CLT0003,2023-08,Enterprise,LATAM,Retail & E-commerce,39,2,Voice|WhatsApp Business,499474.81,229704.11,0.46,2022886,0.0114,8.4,3,32,Multi-year,9,False,Nurture,6062025.87
CLT0003,2023-09,Enterprise,LATAM,Retail & E-commerce,39,2,Voice|WhatsApp Business,492079.98,194999.47,0.396,2083558,-0.0148,8.4,3,29,Multi-year,11,False,Nurture,5904959.76
CLT0003,2023-10,Enterprise,LATAM,Retail & E-commerce,39,2,Voice|WhatsApp Business,508924.24,215995.85,0.424,2194436,0.0342,8.4,3,8,Multi-year,1,False,Upsell,6315953.39
CLT0003,2023-11,Enterprise,LATAM,Retail & E-commerce,39,2,Voice|WhatsApp Business,518394.52,237088.89,0.457,2279031,0.0186,8.4,2,4,Multi-year,10,False,Nurture,6336439.9
CLT0004,2023-01,SMB,Southern Europe,Healthcare,3,2,Verification|SMS,113802.56,49875.58,0.438,1990446,0.0,7.1,3,11,Monthly,5,False,Nurture,1365630.72
CLT0004,2023-03,SMB,Southern Europe,Healthcare,3,2,Verification|SMS,63063.88,35344.18,0.56,1099121,-0.4458,7.1,1,29,Monthly,6,False,Retain,756766.56
CLT0004,2023-04,SMB,Southern Europe,Healthcare,3,2,Verification|SMS,65430.48,31149.24,0.476,1130103,0.0375,7.1,2,21,Monthly,10,False,Upsell,814609.48
CLT0004,2023-05,SMB,Southern Europe,Healthcare,3,2,Verification|SMS,138853.12,68051.06,0.49,2420582,1.1221,7.1,1,40,Monthly,10,False,Upsell,3535922.47
CLT0004,2023-06,SMB,Southern Europe,Healthcare,3,2,Verification|SMS,77925.28,39900.4,0.512,1360141,-0.4388,7.1,4,29,Monthly,1,False,Retain,935103.36
CLT0004,2023-07,SMB,Southern Europe,Healthcare,3,2,Verification|SMS,81184.56,38968.76,0.48,1400243,0.0418,7.1,3,63,Monthly,12,False,Upsell,1014936.9
CLT0004,2023-08,SMB,Southern Europe,Healthcare,3,2,Verification|SMS,85925.96,46792.04,0.545,1496262,0.0584,7.1,4,36,Monthly,2,False,Upsell,1091328.43
CLT0004,2023-09,SMB,Southern Europe,Healthcare,3,2,Verification|SMS,87460.36,45282.48,0.518,1529724,0.0179,7.1,4,57,Monthly,10,False,Nurture,1068310.81
CLT0004,2023-10,SMB,Southern Europe,Healthcare,3,2,Verification|SMS,90677.24,37195.54,0.41,1569872,0.0368,7.1,4,73,Monthly,11,False,Upsell,1128169.95
CLT0004,2023-11,SMB,Southern Europe,Healthcare,3,2,Verification|SMS,93645.92,50479.17,0.539,1609842,0.0327,7.1,4,53,Monthly,6,False,Upsell,1160497.7
CLT0005,2023-01,SMB,Southern Europe,Technology & SaaS,9,2,SMS|Email,48965.53,23997.86,0.49,1647463,0.0,5.9,2,99,Annual,7,True,Retain,587586.36
CLT0005,2023-03,SMB,Southern Europe,Technology & SaaS,9,2,SMS|Email,23006.64,11388.83,0.495,758138,-0.5301,5.9,0,129,Annual,3,True,Retain,276079.68
CLT0005,2023-04,SMB,Southern Europe,Technology & SaaS,9,2,SMS|Email,21187.19,12221.81,0.577,703074,-0.0791,5.9,6,161,Annual,10,True,Retain,254246.28
CLT0005,2023-05,SMB,Southern Europe,Technology & SaaS,9,2,SMS|Email,40346.9,20599.7,0.511,1319239,0.9043,5.9,2,157,Annual,12,True,Retain,921991.22
CLT0005,2023-06,SMB,Southern Europe,Technology & SaaS,9,2,SMS|Email,20552.13,7877.84,0.383,648282,-0.4906,5.9,2,79,Annual,6,True,Retain,246625.56
CLT0005,2023-07,SMB,Southern Europe,Technology & SaaS,9,2,SMS|Email,19656.52,8546.57,0.435,607494,-0.0436,5.9,3,55,Annual,9,True,Retain,235878.24
CLT0005,2023-08,SMB,Southern Europe,Technology & SaaS,9,2,SMS|Email,18549.06,10915.81,0.588,571768,-0.0563,5.9,7,126,Annual,3,True,Retain,222588.72
CLT0005,2023-09,SMB,Southern Europe,Technology & SaaS,9,2,SMS|Email,17583.26,7750.86,0.441,543696,-0.0521,5.9,4,67,Annual,6,True,Retain,210999.12
CLT0005,2023-10,SMB,Southern Europe,Technology & SaaS,9,2,SMS|Email,17018.39,8508.22,0.5,528442,-0.0321,5.9,3,69,Annual,8,True,Retain,204220.68
CLT0005,2023-11,SMB,Southern Europe,Technology & SaaS,9,2,SMS|Email,15346.15,6983.64,0.455,476689,-0.0983,5.9,4,113,Annual,11,True,Retain,184153.8
CLT0006,2023-01,Enterprise,APAC,Logistics,33,4,Voice|Verification|SMS|WhatsApp Business,1184553.25,561262.61,0.474,8638339,0.0,7.6,1,52,Monthly,1,False,Expand,14214639.0
CLT0006,2023-03,Enterprise,APAC,Logistics,33,4,Voice|Verification|SMS|WhatsApp Business,609277.19,274564.11,0.451,4473584,-0.4856,7.6,0,1,Monthly,3,False,Retain,7311326.28
CLT0006,2023-04,Enterprise,APAC,Logistics,33,4,Voice|Verification|SMS|WhatsApp Business,634748.26,284491.15,0.448,4765351,0.0418,7.6,1,17,Monthly,4,False,Expand,7935368.85
CLT0006,2023-05,Enterprise,APAC,Logistics,33,4,Voice|Verification|SMS|WhatsApp Business,1332299.46,685324.23,0.514,10053183,1.0989,7.6,3,5,Monthly,3,False,Expand,33556360.04
CLT0006,2023-06,Enterprise,APAC,Logistics,33,4,Voice|Verification|SMS|WhatsApp Business,714547.02,321232.02,0.45,5394576,-0.4637,7.6,1,29,Monthly,5,False,Retain,8574564.24
CLT0006,2023-07,Enterprise,APAC,Logistics,33,4,Voice|Verification|SMS|WhatsApp Business,723273.96,365686.36,0.506,5344265,0.0122,7.6,1,5,Monthly,6,False,Expand,8785174.83
CLT0006,2023-08,Enterprise,APAC,Logistics,33,4,Voice|Verification|SMS|WhatsApp Business,756271.4,369953.76,0.489,5614976,0.0456,7.6,3,49,Monthly,12,False,Expand,9489088.51
CLT0006,2023-09,Enterprise,APAC,Logistics,33,4,Voice|Verification|SMS|WhatsApp Business,767065.03,416033.18,0.542,5643219,0.0143,7.6,3,60,Monthly,8,False,Expand,9336408.72
CLT0006,2023-10,Enterprise,APAC,Logistics,33,4,Voice|Verification|SMS|WhatsApp Business,785222.86,424321.46,0.54,5805652,0.0237,7.6,1,14,Monthly,3,False,Expand,9645991.7
CLT0006,2023-11,Enterprise,APAC,Logistics,33,4,Voice|Verification|SMS|WhatsApp Business,797489.62,319279.66,0.4,5901243,0.0156,7.6,0,47,Monthly,2,False,Expand,9719165.5
CLT0007,2023-01,SMB,DACH,Gaming & Entertainment,2,2,SMS|Verification,65771.44,26437.38,0.402,1511665,0.0,4.1,4,85,Annual,6,False,Retain,789257.28
CLT0007,2023-03,SMB,DACH,Gaming & Entertainment,2,2,SMS|Verification,34564.28,17309.03,0.501,792273,-0.4745,4.1,2,67,Annual,10,False,Retain,414771.36
CLT0007,2023-04,SMB,DACH,Gaming & Entertainment,2,2,SMS|Verification,34855.96,15056.76,0.432,800585,0.0084,4.1,1,6,Annual,5,False,Retain,421785.0
CLT0007,2023-05,SMB,DACH,Gaming & Entertainment,2,2,SMS|Verification,72790.24,36094.9,0.496,1671874,1.0883,4.1,3,14,Annual,9,False,Retain,1824094.3
CLT0007,2023-06,SMB,DACH,Gaming & Entertainment,2,2,SMS|Verification,36910.64,21384.32,0.579,849194,-0.4929,4.1,1,81,Annual,3,False,Retain,442927.68
CLT0007,2023-07,SMB,DACH,Gaming & Entertainment,2,2,SMS|Verification,35380.2,15144.88,0.428,803284,-0.0415,4.1,1,65,Annual,1,False,Retain,424562.4
CLT0007,2023-08,SMB,DACH,Gaming & Entertainment,2,2,SMS|Verification,36881.4,19779.97,0.536,839208,0.0424,4.1,4,44,Annual,2,False,Retain,461342.06
CLT0007,2023-09,SMB,DACH,Gaming & Entertainment,2,2,SMS|Verification,37868.96,15471.32,0.409,860907,0.0268,4.1,4,53,Annual,7,False,Retain,466606.18
CLT0007,2023-10,SMB,DACH,Gaming & Entertainment,2,2,SMS|Verification,39870.84,22243.51,0.558,905616,0.0529,4.1,1,56,Annual,1,False,Retain,503760.09
CLT0007,2023-11,SMB,DACH,Gaming & Entertainment,2,2,SMS|Verification,36795.32,19997.18,0.543,824423,-0.0771,4.1,2,70,Annual,2,False,Retain,441543.84
CLT0008,2023-01,SMB,Southern Europe,Retail & E-commerce,5,1,SMS,45979.52,22438.8,0.488,1149488,0.0,7.0,4,24,Monthly,4,False,Nurture,551754.24
CLT0008,2023-03,SMB,Southern Europe,Retail & E-commerce,5,1,SMS,25676.76,9880.99,0.385,641919,-0.4416,7.0,2,75,Monthly,3,False,Retain,308121.12
CLT0008,2023-04,SMB,Southern Europe,Retail & E-commerce,5,1,SMS,25829.68,12573.16,0.487,645742,0.006,7.0,2,63,Monthly,9,False,Nurture,311815.9
CLT0008,2023-05,SMB,Southern Europe,Retail & E-commerce,5,1,SMS,53821.76,30023.9,0.558,1345544,1.0837,7.0,1,71,Monthly,5,False,Upsell,1345780.82
CLT0008,2023-06,SMB,Southern Europe,Retail & E-commerce,5,1,SMS,29017.88,14968.41,0.516,725447,-0.4609,7.0,2,36,Monthly,8,False,Retain,348214.56
CLT0008,2023-07,SMB,Southern Europe,Retail & E-commerce,5,1,SMS,30635.4,17448.93,0.57,765885,0.0557,7.0,1,82,Monthly,10,False,Upsell,388101.5
CLT0008,2023-08,SMB,Southern Europe,Retail & E-commerce,5,1,SMS,31671.2,12950.49,0.409,791780,0.0338,7.0,3,5,Monthly,10,False,Upsell,392900.24
CLT0008,2023-09,SMB,Southern Europe,Retail & E-commerce,5,1,SMS,30484.84,11225.37,0.368,762121,-0.0375,7.0,4,72,Monthly,7,False,Nurture,365818.08
CLT0008,2023-10,SMB,Southern Europe,Retail & E-commerce,5,1,SMS,32728.48,19211.6,0.587,818212,0.0736,7.0,3,25,Monthly,7,False,Upsell,421647.55
CLT0008,2023-11,SMB,Southern Europe,Retail & E-commerce,5,1,SMS,31498.12,18145.47,0.576,787453,-0.0376,7.0,1,11,Monthly,6,False,Nurture,377977.44
CLT0009,2023-01,Enterprise,Southern Europe,Technology & SaaS,23,2,SMS|Verification,525996.28,252628.87,0.48,11469697,0.0,7.5,0,18,Annual,8,False,Nurture,6311955.36
CLT0009,2023-03,Enterprise,Southern Europe,Technology & SaaS,23,2,SMS|Verification,277543.24,115862.07,0.417,6052141,-0.4723,7.5,1,51,Annual,10,False,Retain,3330518.88
CLT0009,2023-04,Enterprise,Southern Europe,Technology & SaaS,23,2,SMS|Verification,296693.08,145451.29,0.49,6450619,0.069,7.5,4,42,Annual,9,False,Upsell,3805978.83
CLT0009,2023-05,Enterprise,Southern Europe,Technology & SaaS,23,2,SMS|Verification,643283.92,327373.53,0.509,14051253,1.1682,7.5,1,37,Annual,5,False,Upsell,16737218.34
CLT0009,2023-06,Enterprise,Southern Europe,Technology & SaaS,23,2,SMS|Verification,361254.76,204167.57,0.565,7966152,-0.4384,7.5,2,39,Annual,3,False,Retain,4335057.12
CLT0009,2023-07,Enterprise,Southern Europe,Technology & SaaS,23,2,SMS|Verification,382716.84,187101.14,0.489,8464200,0.0594,7.5,0,2,Annual,3,False,Upsell,4865402.64
CLT0009,2023-08,Enterprise,Southern Europe,Technology & SaaS,23,2,SMS|Verification,393370.76,159271.24,0.405,8739740,0.0278,7.5,5,21,Annual,5,False,Retain,4851677.61
CLT0009,2023-09,Enterprise,Southern Europe,Technology & SaaS,23,2,SMS|Verification,418047.0,224844.95,0.538,9380812,0.0627,7.5,2,89,Annual,9,False,Upsell,5331102.56
CLT0009,2023-10,Enterprise,Southern Europe,Technology & SaaS,23,2,SMS|Verification,458472.04,185991.8,0.406,10285147,0.0967,7.5,1,20,Annual,5,False,Upsell,6033675.44
CLT0009,2023-11,Enterprise,Southern Europe,Technology & SaaS,23,2,SMS|Verification,458388.52,223033.04,0.487,10281124,-0.0002,7.5,3,69,Annual,9,False,Nurture,5500662.24
CLT0010,2023-01,Mid-Market,UK & Ireland,Healthcare,23,2,Voice|SMS,163669.56,73401.14,0.448,2377527,0.0,6.6,4,51,Multi-year,4,False,Nurture,1964034.72
CLT0010,2023-03,Mid-Market,UK & Ireland,Healthcare,23,2,Voice|SMS,80545.0,35513.82,0.441,1185615,-0.5079,6.6,1,10,Multi-year,4,False,Retain,966540.0
CLT0010,2023-04,Mid-Market,UK & Ireland,Healthcare,23,2,Voice|SMS,82300.36,44827.92,0.545,1253655,0.0218,6.6,1,60,Multi-year,4,False,Nurture,1009134.09
CLT0010,2023-05,Mid-Market,UK & Ireland,Healthcare,23,2,Voice|SMS,181837.68,84934.02,0.467,2738280,1.2094,6.6,4,60,Multi-year,2,False,Nurture,4821026.04
CLT0010,2023-06,Mid-Market,UK & Ireland,Healthcare,23,2,Voice|SMS,94031.24,44049.08,0.468,1422381,-0.4829,6.6,4,39,Multi-year,6,False,Retain,1128374.88
CLT0010,2023-07,Mid-Market,UK & Ireland,Healthcare,23,2,Voice|SMS,101920.6,45370.39,0.445,1513919,0.0839,6.6,1,6,Multi-year,4,False,Nurture,1325660.86
CLT0010,2023-08,Mid-Market,UK & Ireland,Healthcare,23,2,Voice|SMS,107290.16,59888.57,0.558,1582988,0.0527,6.6,2,10,Multi-year,2,False,Nurture,1355332.22
CLT0010,2023-09,Mid-Market,UK & Ireland,Healthcare,23,2,Voice|SMS,108722.64,52460.11,0.483,1606974,0.0134,6.6,3,69,Multi-year,1,False,Nurture,1322154.28
CLT0010,2023-10,Mid-Market,UK & Ireland,Healthcare,23,2,Voice|SMS,104078.92,42524.28,0.409,1575573,-0.0427,6.6,2,90,Multi-year,3,False,Nurture,1248947.04
CLT0010,2023-11,Mid-Market,UK & Ireland,Healthcare,23,2,Voice|SMS,111343.92,56087.17,0.504,1638762,0.0698,6.6,3,49,Multi-year,11,False,Nurture,1429388.71
CLT0011,2023-01,SMB,North America,Technology & SaaS,4,1,SMS,20145.08,9358.23,0.465,503627,0.0,5.8,2,49,Monthly,11,False,Retain,241740.96
CLT0011,2023-03,SMB,North America,Technology & SaaS,4,1,SMS,9482.08,5429.5,0.573,237052,-0.5293,5.8,8,76,Monthly,2,False,Retain,113784.96
CLT0011,2023-04,SMB,North America,Technology & SaaS,4,1,SMS,9537.52,5717.95,0.6,238438,0.0058,5.8,2,34,Monthly,2,False,Retain,115114.05
CLT0011,2023-05,SMB,North America,Technology & SaaS,4,1,SMS,18189.28,7555.03,0.415,454732,0.9071,5.8,1,78,Monthly,4,False,Retain,416265.31
CLT0011,2023-06,SMB,North America,Technology & SaaS,4,1,SMS,9087.32,4674.48,0.514,227183,-0.5004,5.8,1,86,Monthly,10,False,Retain,109047.84
CLT0011,2023-07,SMB,North America,Technology & SaaS,4,1,SMS,9682.16,4978.06,0.514,242054,0.0655,5.8,0,53,Monthly,1,False,Retain,123796.1
CLT0011,2023-08,SMB,North America,Technology & SaaS,4,1,SMS,10132.48,3739.84,0.369,253312,0.0465,5.8,0,50,Monthly,2,False,Retain,127243.68
CLT0011,2023-09,SMB,North America,Technology & SaaS,4,1,SMS,9595.04,5609.19,0.585,239876,-0.053,5.8,2,4,Monthly,5,False,Retain,115140.48
CLT0011,2023-10,SMB,North America,Technology & SaaS,4,1,SMS,9309.04,3737.26,0.401,232726,-0.0298,5.8,1,59,Monthly,2,False,Retain,111708.48
CLT0011,2023-11,SMB,North America,Technology & SaaS,4,1,SMS,9750.4,5131.77,0.526,243760,0.0474,5.8,3,65,Monthly,10,False,Retain,122550.83
CLT0012,2023-01,Enterprise,UK & Ireland,Healthcare,37,4,WhatsApp Business|Voice|SMS|Verification,1081034.3,534814.19,0.495,13568693,0.0,8.6,2,16,Multi-year,2,False,Expand,12972411.6
CLT0012,2023-03,Enterprise,UK & Ireland,Healthcare,37,4,WhatsApp Business|Voice|SMS|Verification,565938.73,223014.94,0.394,6867145,-0.4765,8.6,1,75,Multi-year,10,False,Retain,6791264.76
CLT0012,2023-04,Enterprise,UK & Ireland,Healthcare,37,4,WhatsApp Business|Voice|SMS|Verification,581838.72,274653.31,0.472,7152104,0.0281,8.6,1,17,Multi-year,12,False,Expand,7178260.66
CLT0012,2023-05,Enterprise,UK & Ireland,Healthcare,37,4,WhatsApp Business|Voice|SMS|Verification,1221943.96,581651.11,0.476,14947319,1.1001,8.6,2,41,Multi-year,7,False,Expand,30794454.12
CLT0012,2023-06,Enterprise,UK & Ireland,Healthcare,37,4,WhatsApp Business|Voice|SMS|Verification,636665.06,287724.37,0.452,7769056,-0.479,8.6,4,85,Multi-year,11,False,Retain,7639980.72
CLT0012,2023-07,Enterprise,UK & Ireland,Healthcare,37,4,WhatsApp Business|Voice|SMS|Verification,673788.5,351350.67,0.521,8149468,0.0583,8.6,2,77,Multi-year,3,False,Expand,8556844.43
CLT0012,2023-08,Enterprise,UK & Ireland,Healthcare,37,4,WhatsApp Business|Voice|SMS|Verification,669490.38,266550.66,0.398,8083332,-0.0064,8.6,2,39,Multi-year,12,False,Nurture,8033884.56
CLT0012,2023-09,Enterprise,UK & Ireland,Healthcare,37,4,WhatsApp Business|Voice|SMS|Verification,702583.1,368972.88,0.525,8596744,0.0494,8.6,1,63,Multi-year,7,False,Expand,8847488.46
CLT0012,2023-10,Enterprise,UK & Ireland,Healthcare,37,4,WhatsApp Business|Voice|SMS|Verification,708287.79,308199.57,0.435,8474485,0.0081,8.6,1,72,Multi-year,9,False,Expand,8568299.05
CLT0012,2023-11,Enterprise,UK & Ireland,Healthcare,37,4,WhatsApp Business|Voice|SMS|Verification,762322.31,356490.31,0.468,8991346,0.0763,8.6,1,86,Multi-year,4,False,Expand,9845850.03
CLT0013,2023-01,SMB,DACH,Logistics,9,1,Voice,70811.76,33199.43,0.469,590098,0.0,6.4,1,38,Monthly,2,False,Nurture,849741.12
CLT0013,2023-03,SMB,DACH,Logistics,9,1,Voice,39435.96,14072.18,0.357,328633,-0.4431,6.4,2,6,Monthly,4,False,Retain,473231.52
CLT0013,2023-04,SMB,DACH,Logistics,9,1,Voice,38892.96,20669.53,0.531,324108,-0.0138,6.4,2,34,Monthly,2,False,Nurture,466715.52
CLT0013,2023-05,SMB,DACH,Logistics,9,1,Voice,83155.92,44654.01,0.537,692966,1.1381,6.4,4,36,Monthly,2,False,Nurture,2133548.07
CLT0013,2023-06,SMB,DACH,Logistics,9,1,Voice,42759.72,23331.98,0.546,356331,-0.4858,6.4,3,26,Monthly,2,False,Retain,513116.64
CLT0013,2023-07,SMB,DACH,Logistics,9,1,Voice,42769.68,24898.01,0.582,356414,0.0002,6.4,4,67,Monthly,2,False,Nurture,513338.81
CLT0013,2023-08,SMB,DACH,Logistics,9,1,Voice,42132.84,22671.69,0.538,351107,-0.0149,6.4,5,15,Monthly,9,False,Retain,505594.08
CLT0013,2023-09,SMB,DACH,Logistics,9,1,Voice,40775.52,22501.94,0.552,339796,-0.0322,6.4,3,82,Monthly,2,False,Nurture,489306.24
CLT0013,2023-10,SMB,DACH,Logistics,9,1,Voice,40058.04,19561.28,0.488,333817,-0.0176,6.4,2,40,Monthly,1,False,Nurture,480696.48
CLT0013,2023-11,SMB,DACH,Logistics,9,1,Voice,38432.4,22602.8,0.588,320270,-0.0406,6.4,1,44,Monthly,2,False,Nurture,461188.8
CLT0014,2023-01,Mid-Market,DACH,Technology & SaaS,13,3,SMS|Email|Verification,308428.14,160677.68,0.521,12582298,0.0,6.6,3,90,Annual,12,False,Nurture,3701137.68
CLT0014,2023-03,Mid-Market,DACH,Technology & SaaS,13,3,SMS|Email|Verification,157201.74,66175.97,0.421,6387547,-0.4903,6.6,2,30,Annual,3,False,Retain,1886420.88
CLT0014,2023-04,Mid-Market,DACH,Technology & SaaS,13,3,SMS|Email|Verification,154343.7,71073.72,0.46,6290509,-0.0182,6.6,0,41,Annual,11,False,Nurture,1852124.4
CLT0014,2023-05,Mid-Market,DACH,Technology & SaaS,13,3,SMS|Email|Verification,329512.55,148087.18,0.449,12916265,1.1349,6.6,4,15,Annual,8,False,Nurture,8441716.12
CLT0014,2023-06,Mid-Market,DACH,Technology & SaaS,13,3,SMS|Email|Verification,170111.18,93525.5,0.55,6410247,-0.4837,6.6,3,76,Annual,11,False,Retain,2041334.16
CLT0014,2023-07,Mid-Market,DACH,Technology & SaaS,13,3,SMS|Email|Verification,175598.83,84887.99,0.483,6309310,0.0323,6.6,2,1,Annual,5,False,Nurture,2175248.07
CLT0014,2023-08,Mid-Market,DACH,Technology & SaaS,13,3,SMS|Email|Verification,184680.28,98429.93,0.533,6460851,0.0517,6.6,0,40,Annual,8,False,Nurture,2330739.01
CLT0014,2023-09,Mid-Market,DACH,Technology & SaaS,13,3,SMS|Email|Verification,183345.05,83362.2,0.455,6279534,-0.0072,6.6,1,5,Annual,9,False,Nurture,2200140.6
CLT0014,2023-10,Mid-Market,DACH,Technology & SaaS,13,3,SMS|Email|Verification,193905.05,91444.58,0.472,6399289,0.0576,6.6,6,47,Annual,7,False,Retain,2460887.77
CLT0014,2023-11,Mid-Market,DACH,Technology & SaaS,13,3,SMS|Email|Verification,200707.64,99033.94,0.493,6643030,0.0351,6.6,1,1,Annual,10,False,Nurture,2493029.74
CLT0015,2023-01,SMB,LATAM,Retail & E-commerce,11,2,SMS|Email,80405.79,31794.27,0.395,6391743,0.0,5.9,6,100,Monthly,1,True,Retain,964869.48
CLT0015,2023-03,SMB,LATAM,Retail & E-commerce,11,2,SMS|Email,37246.29,20017.73,0.537,3104064,-0.5368,5.9,5,128,Monthly,8,True,Retain,446955.48
CLT0015,2023-04,SMB,LATAM,Retail & E-commerce,11,2,SMS|Email,33909.19,13567.48,0.4,2933770,-0.0896,5.9,6,55,Monthly,5,True,Retain,406910.28
CLT0015,2023-05,SMB,LATAM,Retail & E-commerce,11,2,SMS|Email,60518.71,28734.78,0.475,5579568,0.7847,5.9,2,158,Monthly,8,True,Retain,1296092.9
CLT0015,2023-06,SMB,LATAM,Retail & E-commerce,11,2,SMS|Email,27223.12,12802.55,0.47,2586860,-0.5502,5.9,5,164,Monthly,4,True,Retain,326677.44
CLT0015,2023-07,SMB,LATAM,Retail & E-commerce,11,2,SMS|Email,24941.38,11109.22,0.445,2551387,-0.0838,5.9,4,47,Monthly,1,True,Retain,299296.56
CLT0015,2023-08,SMB,LATAM,Retail & E-commerce,11,2,SMS|Email,23916.6,12702.01,0.531,2457590,-0.0411,5.9,5,80,Monthly,2,True,Retain,286999.2
CLT0015,2023-09,SMB,LATAM,Retail & E-commerce,11,2,SMS|Email,23806.35,9386.99,0.394,2345865,-0.0046,5.9,4,97,Monthly,6,True,Retain,285676.2
CLT0015,2023-10,SMB,LATAM,Retail & E-commerce,11,2,SMS|Email,22889.79,10166.2,0.444,2310861,-0.0385,5.9,8,129,Monthly,5,True,Retain,274677.48
CLT0015,2023-11,SMB,LATAM,Retail & E-commerce,11,2,SMS|Email,21893.13,9179.61,0.419,2174143,-0.0435,5.9,4,110,Monthly,8,True,Retain,262717.56
CLT0016,2023-01,Mid-Market,Southern Europe,Retail & E-commerce,12,2,SMS|Email,125436.61,56019.73,0.447,10388337,0.0,7.8,4,62,Annual,3,True,Retain,1505239.32
CLT0016,2023-03,Mid-Market,Southern Europe,Retail & E-commerce,12,2,SMS|Email,58021.58,23283.74,0.401,4748614,-0.5374,7.8,3,147,Annual,6,True,Retain,696258.96
CLT0016,2023-04,Mid-Market,Southern Europe,Retail & E-commerce,12,2,SMS|Email,55158.39,25604.08,0.464,4549355,-0.0493,7.8,4,150,Annual,10,True,Retain,661900.68
CLT0016,2023-05,Mid-Market,Southern Europe,Retail & E-commerce,12,2,SMS|Email,100445.1,50154.51,0.499,8334046,0.821,7.8,6,98,Annual,1,True,Retain,2194926.33
CLT0016,2023-06,Mid-Market,Southern Europe,Retail & E-commerce,12,2,SMS|Email,47660.06,22351.61,0.469,3879428,-0.5255,7.8,7,146,Annual,12,True,Retain,571920.72
CLT0016,2023-07,Mid-Market,Southern Europe,Retail & E-commerce,12,2,SMS|Email,43874.51,18979.13,0.433,3411383,-0.0794,7.8,3,98,Annual,1,True,Retain,526494.12
CLT0016,2023-08,Mid-Market,Southern Europe,Retail & E-commerce,12,2,SMS|Email,40346.85,19871.63,0.493,3097585,-0.0804,7.8,8,86,Annual,4,True,Retain,484162.2
CLT0016,2023-09,Mid-Market,Southern Europe,Retail & E-commerce,12,2,SMS|Email,35985.52,14423.56,0.401,2851384,-0.1081,7.8,2,145,Annual,5,True,Retain,431826.24
CLT0016,2023-10,Mid-Market,Southern Europe,Retail & E-commerce,12,2,SMS|Email,31895.82,12813.29,0.402,2537789,-0.1136,7.8,7,96,Annual,10,True,Retain,382749.84
CLT0016,2023-11,Mid-Market,Southern Europe,Retail & E-commerce,12,2,SMS|Email,29658.43,15362.83,0.518,2419367,-0.0701,7.8,4,178,Annual,10,True,Retain,355901.16
CLT0017,2023-01,Mid-Market,LATAM,Fintech,33,3,WhatsApp Business|Verification|Voice,435916.03,222787.09,0.511,2192905,0.0,6.5,5,68,Annual,8,False,Retain,5230992.36
CLT0017,2023-03,Mid-Market,LATAM,Fintech,33,3,WhatsApp Business|Verification|Voice,228329.35,121481.01,0.532,1132989,-0.4762,6.5,0,1,Annual,10,False,Retain,2739952.2
CLT0017,2023-04,Mid-Market,LATAM,Fintech,33,3,WhatsApp Business|Verification|Voice,242666.62,131003.26,0.54,1155770,0.0628,6.5,1,30,Annual,4,False,Nurture,3094873.0
CLT0017,2023-05,Mid-Market,LATAM,Fintech,33,3,WhatsApp Business|Verification|Voice,496963.68,237313.19,0.478,2274245,1.0479,6.5,2,78,Annual,2,False,Nurture,12212783.04
CLT0017,2023-06,Mid-Market,LATAM,Fintech,33,3,WhatsApp Business|Verification|Voice,254401.6,125301.27,0.493,1156263,-0.4881,6.5,2,30,Annual,7,False,Retain,3052819.2
CLT0017,2023-07,Mid-Market,LATAM,Fintech,33,3,WhatsApp Business|Verification|Voice,261552.79,106556.92,0.407,1187799,0.0281,6.5,4,79,Annual,5,False,Nurture,3226829.08
CLT0017,2023-08,Mid-Market,LATAM,Fintech,33,3,WhatsApp Business|Verification|Voice,266028.77,142543.53,0.536,1194582,0.0171,6.5,3,12,Annual,3,False,Nurture,3246934.34
CLT0017,2023-09,Mid-Market,LATAM,Fintech,33,3,WhatsApp Business|Verification|Voice,271472.52,140941.72,0.519,1179067,0.0205,6.5,2,81,Annual,7,False,Nurture,3324452.48
CLT0017,2023-10,Mid-Market,LATAM,Fintech,33,3,WhatsApp Business|Verification|Voice,284861.21,154182.57,0.541,1240895,0.0493,6.5,2,39,Annual,2,False,Nurture,3586858.41
CLT0017,2023-11,Mid-Market,LATAM,Fintech,33,3,WhatsApp Business|Verification|Voice,295068.44,158740.98,0.538,1283250,0.0358,6.5,1,1,Annual,7,False,Nurture,3667582.68
CLT0018,2023-01,SMB,Southern Europe,Retail & E-commerce,18,1,WhatsApp Business,88366.85,40249.32,0.455,160667,0.0,6.4,1,3,Monthly,4,False,Nurture,1060402.2
CLT0018,2023-03,SMB,Southern Europe,Retail & E-commerce,18,1,WhatsApp Business,42268.05,17227.93,0.408,76851,-0.5217,6.4,1,22,Monthly,7,False,Retain,507216.6
CLT0018,2023-04,SMB,Southern Europe,Retail & E-commerce,18,1,WhatsApp Business,40575.15,22177.4,0.547,73773,-0.0401,6.4,6,58,Monthly,6,False,Retain,486901.8
CLT0018,2023-05,SMB,Southern Europe,Retail & E-commerce,18,1,WhatsApp Business,82770.05,40102.87,0.485,150491,1.0399,6.4,0,30,Monthly,2,False,Nurture,2026111.5
CLT0018,2023-06,SMB,Southern Europe,Retail & E-commerce,18,1,WhatsApp Business,40124.7,23941.86,0.597,72954,-0.5152,6.4,3,90,Monthly,11,False,Retain,481496.4
CLT0018,2023-07,SMB,Southern Europe,Retail & E-commerce,18,1,WhatsApp Business,37348.3,21715.39,0.581,67906,-0.0692,6.4,4,72,Monthly,1,False,Retain,448179.6
CLT0018,2023-08,SMB,Southern Europe,Retail & E-commerce,18,1,WhatsApp Business,39372.3,16191.31,0.411,71586,0.0542,6.4,3,45,Monthly,8,False,Nurture,498075.34
CLT0018,2023-09,SMB,Southern Europe,Retail & E-commerce,18,1,WhatsApp Business,38859.15,22434.03,0.577,70653,-0.013,6.4,3,51,Monthly,4,False,Nurture,466309.8
CLT0018,2023-10,SMB,Southern Europe,Retail & E-commerce,18,1,WhatsApp Business,37638.15,19516.37,0.519,68433,-0.0314,6.4,0,12,Monthly,11,False,Nurture,451657.8
CLT0018,2023-11,SMB,Southern Europe,Retail & E-commerce,18,1,WhatsApp Business,39028.55,20157.3,0.516,70961,0.0369,6.4,0,5,Monthly,2,False,Nurture,485624.44
CLT0019,2023-01,Mid-Market,Nordics,Retail & E-commerce,11,2,Email|SMS,218869.5,117521.48,0.537,11242457,0.0,6.8,5,36,Monthly,9,True,Retain,2626434.0
CLT0019,2023-03,Mid-Market,Nordics,Retail & E-commerce,11,2,Email|SMS,109137.23,42826.69,0.392,5656361,-0.5014,6.8,2,133,Monthly,11,True,Retain,1309646.76
CLT0019,2023-04,Mid-Market,Nordics,Retail & E-commerce,11,2,Email|SMS,104458.1,39318.1,0.376,5387818,-0.0429,6.8,5,115,Monthly,5,True,Retain,1253497.2
CLT0019,2023-05,Mid-Market,Nordics,Retail & E-commerce,11,2,Email|SMS,195546.94,93761.85,0.479,10576218,0.872,6.8,4,134,Monthly,2,True,Retain,4392766.46
CLT0019,2023-06,Mid-Market,Nordics,Retail & E-commerce,11,2,Email|SMS,87587.56,51905.26,0.593,4943741,-0.5521,6.8,9,72,Monthly,6,True,Retain,1051050.72
CLT0019,2023-07,Mid-Market,Nordics,Retail & E-commerce,11,2,Email|SMS,81118.81,31329.51,0.386,4726178,-0.0739,6.8,6,87,Monthly,7,True,Retain,973425.72
CLT0019,2023-08,Mid-Market,Nordics,Retail & E-commerce,11,2,Email|SMS,81509.21,43492.45,0.534,4789419,0.0048,6.8,7,39,Monthly,7,True,Retain,982805.45
CLT0019,2023-09,Mid-Market,Nordics,Retail & E-commerce,11,2,Email|SMS,77181.86,42857.59,0.555,4764368,-0.0531,6.8,2,103,Monthly,1,True,Retain,926182.32
CLT0019,2023-10,Mid-Market,Nordics,Retail & E-commerce,11,2,Email|SMS,71277.0,38166.04,0.535,4528956,-0.0765,6.8,5,45,Monthly,5,True,Retain,855324.0
CLT0019,2023-11,Mid-Market,Nordics,Retail & E-commerce,11,2,Email|SMS,68893.79,30452.7,0.442,4298001,-0.0334,6.8,5,142,Monthly,5,True,Retain,826725.48
CLT0020,2023-01,Enterprise,Nordics,Fintech,55,3,WhatsApp Business|Verification|SMS,1114500.45,487047.51,0.437,14182690,0.0,8.7,2,67,Annual,7,False,Expand,13374005.4
CLT0020,2023-03,Enterprise,Nordics,Fintech,55,3,WhatsApp Business|Verification|SMS,589687.2,280094.9,0.475,7251194,-0.4709,8.7,1,60,Annual,10,False,Retain,7076246.4
CLT0020,2023-04,Enterprise,Nordics,Fintech,55,3,WhatsApp Business|Verification|SMS,599292.52,276356.94,0.461,7375247,0.0163,8.7,1,39,Annual,9,False,Expand,7308731.86
CLT0020,2023-05,Enterprise,Nordics,Fintech,55,3,WhatsApp Business|Verification|SMS,1274200.41,600374.11,0.471,15837074,1.1262,8.7,2,49,Annual,11,False,Upsell,32510458.94
CLT0020,2023-06,Enterprise,Nordics,Fintech,55,3,WhatsApp Business|Verification|SMS,684362.21,322064.19,0.471,8530648,-0.4629,8.7,3,82,Annual,10,False,Retain,8212346.52
CLT0020,2023-07,Enterprise,Nordics,Fintech,55,3,WhatsApp Business|Verification|SMS,705137.54,350078.18,0.496,8707937,0.0304,8.7,0,67,Annual,10,False,Upsell,8718884.65
CLT0020,2023-08,Enterprise,Nordics,Fintech,55,3,WhatsApp Business|Verification|SMS,734012.12,295259.37,0.402,8852358,0.0409,8.7,1,35,Annual,9,False,Upsell,9168398.59
CLT0020,2023-09,Enterprise,Nordics,Fintech,55,3,WhatsApp Business|Verification|SMS,755903.34,414819.61,0.549,9029883,0.0298,8.7,1,33,Annual,9,False,Expand,9341151.11
CLT0020,2023-10,Enterprise,Nordics,Fintech,55,3,WhatsApp Business|Verification|SMS,771252.37,408075.51,0.529,9070292,0.0203,8.7,0,9,Annual,8,False,Expand,9442905.52
CLT0020,2023-11,Enterprise,Nordics,Fintech,55,3,WhatsApp Business|Verification|SMS,818388.56,445497.0,0.544,9475681,0.0611,8.7,1,2,Annual,11,False,Upsell,10420705.21
CLT0021,2023-01,Enterprise,Nordics,Technology & SaaS,33,4,Verification|Voice|SMS|Email,426893.51,198018.4,0.464,28188821,0.0,10.0,2,32,Annual,7,False,Expand,5122722.12
CLT0021,2023-03,Enterprise,Nordics,Technology & SaaS,33,4,Verification|Voice|SMS|Email,218894.32,99522.87,0.455,14386971,-0.4872,10.0,1,14,Annual,1,False,Retain,2626731.84
CLT0021,2023-04,Enterprise,Nordics,Technology & SaaS,33,4,Verification|Voice|SMS|Email,229651.06,122281.06,0.532,14823796,0.0491,10.0,2,7,Annual,8,False,Expand,2891123.12
CLT0021,2023-05,Enterprise,Nordics,Technology & SaaS,33,4,Verification|Voice|SMS|Email,461550.54,227921.89,0.494,29095791,1.0098,10.0,3,60,Annual,1,False,Expand,11131491.3
CLT0021,2023-06,Enterprise,Nordics,Technology & SaaS,33,4,Verification|Voice|SMS|Email,231408.69,100346.91,0.434,14926412,-0.4986,10.0,3,10,Annual,8,False,Retain,2776904.28
CLT0021,2023-07,Enterprise,Nordics,Technology & SaaS,33,4,Verification|Voice|SMS|Email,231187.73,112190.81,0.485,14876138,-0.001,10.0,2,63,Annual,4,False,Nurture,2774252.76
CLT0021,2023-08,Enterprise,Nordics,Technology & SaaS,33,4,Verification|Voice|SMS|Email,239227.95,122435.35,0.512,15911945,0.0348,10.0,2,84,Annual,8,False,Expand,2970636.99
CLT0021,2023-09,Enterprise,Nordics,Technology & SaaS,33,4,Verification|Voice|SMS|Email,241878.08,108291.24,0.448,15853635,0.0111,10.0,0,41,Annual,10,False,Expand,2934755.12
CLT0021,2023-10,Enterprise,Nordics,Technology & SaaS,33,4,Verification|Voice|SMS|Email,248484.54,108829.42,0.438,16171424,0.0273,10.0,1,40,Annual,10,False,Expand,3063218.02
CLT0021,2023-11,Enterprise,Nordics,Technology & SaaS,33,4,Verification|Voice|SMS|Email,251256.42,106853.56,0.425,16814584,0.0112,10.0,1,26,Annual,4,False,Expand,3048845.9
CLT0022,2023-01,Enterprise,APAC,Technology & SaaS,38,4,Voice|Email|Verification|SMS,677921.12,294548.9,0.434,36118764,0.0,9.1,2,5,Annual,8,False,Expand,8135053.44
CLT0022,2023-03,Enterprise,APAC,Technology & SaaS,38,4,Voice|Email|Verification|SMS,333811.56,162729.73,0.487,18893348,-0.5076,9.1,6,68,Annual,2,False,Retain,4005738.72
CLT0022,2023-04,Enterprise,APAC,Technology & SaaS,38,4,Voice|Email|Verification|SMS,344191.26,159637.79,0.464,18924000,0.0311,9.1,1,15,Annual,2,False,Expand,4258747.3
CLT0022,2023-05,Enterprise,APAC,Technology & SaaS,38,4,Voice|Email|Verification|SMS,727966.73,381005.42,0.523,38211888,1.115,9.1,1,57,Annual,2,False,Expand,18475795.61
CLT0022,2023-06,Enterprise,APAC,Technology & SaaS,38,4,Voice|Email|Verification|SMS,381779.94,159765.94,0.418,19538220,-0.4756,9.1,3,74,Annual,12,False,Retain,4581359.28
CLT0022,2023-07,Enterprise,APAC,Technology & SaaS,38,4,Voice|Email|Verification|SMS,386170.21,190057.9,0.492,19487163,0.0115,9.1,4,55,Annual,1,False,Expand,4687334.01
CLT0022,2023-08,Enterprise,APAC,Technology & SaaS,38,4,Voice|Email|Verification|SMS,402877.76,220636.65,0.548,20265097,0.0433,9.1,1,5,Annual,5,False,Expand,5043868.4
CLT0022,2023-09,Enterprise,APAC,Technology & SaaS,38,4,Voice|Email|Verification|SMS,424089.03,179683.7,0.424,21163073,0.0526,9.1,2,79,Annual,1,False,Expand,5356753.36
CLT0022,2023-10,Enterprise,APAC,Technology & SaaS,38,4,Voice|Email|Verification|SMS,451539.63,187911.75,0.416,21741668,0.0647,9.1,2,22,Annual,2,False,Expand,5769050.93
CLT0022,2023-11,Enterprise,APAC,Technology & SaaS,38,4,Voice|Email|Verification|SMS,475441.9,228922.93,0.481,23145471,0.0529,9.1,1,35,Annual,5,False,Expand,6007113.32
CLT0023,2023-01,SMB,Nordics,Healthcare,3,2,Verification|SMS,127784.56,55373.2,0.433,2497556,0.0,6.4,1,38,Monthly,2,False,Nurture,1533414.72
CLT0023,2023-03,SMB,Nordics,Healthcare,3,2,Verification|SMS,66832.56,37718.96,0.564,1314327,-0.477,6.4,0,46,Monthly,6,False,Retain,801990.72
CLT0023,2023-04,SMB,Nordics,Healthcare,3,2,Verification|SMS,69464.6,38537.81,0.555,1379288,0.0394,6.4,1,76,Monthly,7,False,Nurture,866418.06
CLT0023,2023-05,SMB,Nordics,Healthcare,3,2,Verification|SMS,136595.28,69381.26,0.508,2748601,0.9664,6.4,2,58,Monthly,5,False,Nurture,3223211.5
CLT0023,2023-06,SMB,Nordics,Healthcare,3,2,Verification|SMS,67075.92,25885.37,0.386,1352521,-0.5089,6.4,3,30,Monthly,4,False,Retain,804911.04
CLT0023,2023-07,SMB,Nordics,Healthcare,3,2,Verification|SMS,68904.16,31533.02,0.458,1367555,0.0273,6.4,2,30,Monthly,11,False,Nurture,849422.92
CLT0023,2023-08,SMB,Nordics,Healthcare,3,2,Verification|SMS,71820.52,28230.87,0.393,1408468,0.0423,6.4,5,85,Monthly,9,False,Retain,898302.34
CLT0023,2023-09,SMB,Nordics,Healthcare,3,2,Verification|SMS,73317.48,38253.17,0.522,1443809,0.0208,6.4,1,39,Monthly,11,False,Nurture,898109.8
CLT0023,2023-10,SMB,Nordics,Healthcare,3,2,Verification|SMS,75599.72,33489.17,0.443,1501029,0.0311,6.4,1,73,Monthly,12,False,Nurture,935410.46
CLT0023,2023-11,SMB,Nordics,Healthcare,3,2,Verification|SMS,76285.24,33784.02,0.443,1501668,0.0091,6.4,1,53,Monthly,12,False,Nurture,923753.23
CLT0024,2023-01,Mid-Market,UK & Ireland,Retail & E-commerce,25,3,Voice|WhatsApp Business|SMS,352447.82,168104.26,0.477,5713661,0.0,7.9,3,44,Monthly,6,False,Nurture,4229373.84
CLT0024,2023-03,Mid-Market,UK & Ireland,Retail & E-commerce,25,3,Voice|WhatsApp Business|SMS,183760.03,88187.64,0.48,3015039,-0.4786,7.9,2,21,Monthly,4,False,Retain,2205120.36
CLT0024,2023-04,Mid-Market,UK & Ireland,Retail & E-commerce,25,3,Voice|WhatsApp Business|SMS,187832.95,81090.61,0.432,3156103,0.0222,7.9,0,73,Monthly,2,False,Nurture,2304034.1
CLT0024,2023-05,Mid-Market,UK & Ireland,Retail & E-commerce,25,3,Voice|WhatsApp Business|SMS,385657.26,171989.24,0.446,6523144,1.0532,7.9,2,62,Monthly,11,False,Upsell,9501977.83
CLT0024,2023-06,Mid-Market,UK & Ireland,Retail & E-commerce,25,3,Voice|WhatsApp Business|SMS,193917.83,109432.81,0.564,3282736,-0.4972,7.9,2,4,Monthly,4,False,Retain,2327013.96
CLT0024,2023-07,Mid-Market,UK & Ireland,Retail & E-commerce,25,3,Voice|WhatsApp Business|SMS,200800.01,80285.55,0.4,3381794,0.0355,7.9,1,30,Monthly,6,False,Upsell,2495140.92
CLT0024,2023-08,Mid-Market,UK & Ireland,Retail & E-commerce,25,3,Voice|WhatsApp Business|SMS,199366.76,104945.84,0.526,3341876,-0.0071,7.9,0,32,Monthly,1,False,Nurture,2392401.12
CLT0024,2023-09,Mid-Market,UK & Ireland,Retail & E-commerce,25,3,Voice|WhatsApp Business|SMS,189622.03,102801.33,0.542,3087267,-0.0489,7.9,1,8,Monthly,5,False,Nurture,2275464.36
CLT0024,2023-10,Mid-Market,UK & Ireland,Retail & E-commerce,25,3,Voice|WhatsApp Business|SMS,194398.36,84814.71,0.436,3199853,0.0252,7.9,3,80,Monthly,12,False,Nurture,2391566.38
CLT0024,2023-11,Mid-Market,UK & Ireland,Retail & E-commerce,25,3,Voice|WhatsApp Business|SMS,204867.57,87405.35,0.427,3386877,0.0539,7.9,1,75,Monthly,10,False,Upsell,2590919.18
CLT0025,2023-01,Mid-Market,APAC,Retail & E-commerce,16,3,Email|SMS|WhatsApp Business,130968.27,57745.73,0.441,6638201,0.0,6.3,8,76,Monthly,7,True,Retain,1571619.24
CLT0025,2023-03,Mid-Market,APAC,Retail & E-commerce,16,3,Email|SMS|WhatsApp Business,62248.62,35034.97,0.563,3223808,-0.5247,6.3,6,133,Monthly,6,True,Retain,746983.44
CLT0025,2023-04,Mid-Market,APAC,Retail & E-commerce,16,3,Email|SMS|WhatsApp Business,58284.62,30282.52,0.52,3356679,-0.0637,6.3,1,84,Monthly,12,True,Retain,699415.44
CLT0025,2023-05,Mid-Market,APAC,Retail & E-commerce,16,3,Email|SMS|WhatsApp Business,107551.01,51966.58,0.483,6349490,0.8453,6.3,1,128,Monthly,12,True,Retain,2381566.55
CLT0025,2023-06,Mid-Market,APAC,Retail & E-commerce,16,3,Email|SMS|WhatsApp Business,51002.85,24529.01,0.481,2998264,-0.5258,6.3,7,58,Monthly,12,True,Retain,612034.2
CLT0025,2023-07,Mid-Market,APAC,Retail & E-commerce,16,3,Email|SMS|WhatsApp Business,50172.24,22831.42,0.455,3064644,-0.0163,6.3,8,152,Monthly,11,True,Retain,602066.88
CLT0025,2023-08,Mid-Market,APAC,Retail & E-commerce,16,3,Email|SMS|WhatsApp Business,46909.34,22050.89,0.47,2915481,-0.065,6.3,1,146,Monthly,4,True,Retain,562912.08
CLT0025,2023-09,Mid-Market,APAC,Retail & E-commerce,16,3,Email|SMS|WhatsApp Business,47117.66,19359.59,0.411,2808714,0.0044,6.3,4,56,Monthly,8,True,Retain,567899.73
CLT0025,2023-10,Mid-Market,APAC,Retail & E-commerce,16,3,Email|SMS|WhatsApp Business,44902.29,23671.66,0.527,2696384,-0.047,6.3,5,85,Monthly,10,True,Retain,538827.48
CLT0025,2023-11,Mid-Market,APAC,Retail & E-commerce,16,3,Email|SMS|WhatsApp Business,42529.63,20075.38,0.472,2530811,-0.0528,6.3,3,107,Monthly,7,True,Retain,510355.56
CLT0026,2023-01,Enterprise,UK & Ireland,Gaming & Entertainment,26,2,SMS|Voice,255049.6,119872.34,0.47,5543830,0.0,6.7,2,89,Annual,3,False,Nurture,3060595.2
CLT0026,2023-03,Enterprise,UK & Ireland,Gaming & Entertainment,26,2,SMS|Voice,124707.28,62447.67,0.501,2702208,-0.511,6.7,1,35,Annual,9,False,Retain,1496487.36
CLT0026,2023-04,Enterprise,UK & Ireland,Gaming & Entertainment,26,2,SMS|Voice,130821.32,61360.8,0.469,2838943,0.049,6.7,0,64,Annual,12,False,Nurture,1646778.78
CLT0026,2023-05,Enterprise,UK & Ireland,Gaming & Entertainment,26,2,SMS|Voice,262747.88,133453.55,0.508,5666547,1.0084,6.7,1,20,Annual,4,False,Nurture,6332434.11
CLT0026,2023-06,Enterprise,UK & Ireland,Gaming & Entertainment,26,2,SMS|Voice,130908.56,54315.08,0.415,2776152,-0.5018,6.7,1,72,Annual,6,False,Retain,1570902.72
CLT0026,2023-07,Enterprise,UK & Ireland,Gaming & Entertainment,26,2,SMS|Voice,137403.48,49743.21,0.362,2876335,0.0496,6.7,0,68,Annual,7,False,Nurture,1730624.31
CLT0026,2023-08,Enterprise,UK & Ireland,Gaming & Entertainment,26,2,SMS|Voice,148555.84,71617.54,0.482,3130088,0.0812,6.7,2,43,Annual,11,False,Nurture,1927422.89
CLT0026,2023-09,Enterprise,UK & Ireland,Gaming & Entertainment,26,2,SMS|Voice,146102.36,62704.97,0.429,3048499,-0.0165,6.7,2,32,Annual,10,False,Nurture,1753228.32
CLT0026,2023-10,Enterprise,UK & Ireland,Gaming & Entertainment,26,2,SMS|Voice,148416.64,67530.9,0.455,3088576,0.0158,6.7,2,20,Annual,8,False,Nurture,1809139.47
CLT0026,2023-11,Enterprise,UK & Ireland,Gaming & Entertainment,26,2,SMS|Voice,156127.84,72793.97,0.466,3276674,0.052,6.7,2,85,Annual,7,False,Nurture,1970957.85
CLT0027,2023-01,SMB,DACH,Gaming & Entertainment,14,3,SMS|Email|Verification,161122.61,71588.57,0.444,8131360,0.0,5.4,0,71,Monthly,8,False,Retain,1933471.32
CLT0027,2023-03,SMB,DACH,Gaming & Entertainment,14,3,SMS|Email|Verification,82953.85,39485.27,0.476,4307069,-0.4852,5.4,3,85,Monthly,2,False,Retain,995446.2
CLT0027,2023-04,SMB,DACH,Gaming & Entertainment,14,3,SMS|Email|Verification,85994.58,43763.9,0.509,4531840,0.0367,5.4,0,34,Monthly,12,False,Retain,1069806.97
CLT0027,2023-05,SMB,DACH,Gaming & Entertainment,14,3,SMS|Email|Verification,172037.82,85626.63,0.498,9278474,1.0006,5.4,2,11,Monthly,4,False,Retain,4130146.35
CLT0027,2023-06,SMB,DACH,Gaming & Entertainment,14,3,SMS|Email|Verification,88652.08,37179.73,0.419,4800722,-0.4847,5.4,0,36,Monthly,10,False,Retain,1063824.96
CLT0027,2023-07,SMB,DACH,Gaming & Entertainment,14,3,SMS|Email|Verification,91060.19,41478.85,0.456,4826687,0.0272,5.4,4,26,Monthly,2,False,Retain,1122444.33
CLT0027,2023-08,SMB,DACH,Gaming & Entertainment,14,3,SMS|Email|Verification,89909.09,46018.24,0.512,5099263,-0.0126,5.4,0,62,Monthly,10,False,Retain,1078909.08
CLT0027,2023-09,SMB,DACH,Gaming & Entertainment,14,3,SMS|Email|Verification,90655.58,40914.17,0.451,5179054,0.0083,5.4,5,50,Monthly,8,False,Retain,1096896.26
CLT0027,2023-10,SMB,DACH,Gaming & Entertainment,14,3,SMS|Email|Verification,95393.25,48087.65,0.504,5565600,0.0523,5.4,4,5,Monthly,7,False,Retain,1204587.8
CLT0027,2023-11,SMB,DACH,Gaming & Entertainment,14,3,SMS|Email|Verification,97952.38,40377.58,0.412,5973678,0.0268,5.4,0,1,Monthly,6,False,Retain,1206930.05
CLT0028,2023-01,Mid-Market,North America,Logistics,34,4,Voice|WhatsApp Business|Verification|SMS,544273.23,250518.56,0.46,7162706,0.0,6.7,0,47,Monthly,9,False,Nurture,6531278.76
CLT0028,2023-03,Mid-Market,North America,Logistics,34,4,Voice|WhatsApp Business|Verification|SMS,286732.77,124079.17,0.433,3755513,-0.4732,6.7,2,83,Monthly,2,False,Retain,3440793.24
CLT0028,2023-04,Mid-Market,North America,Logistics,34,4,Voice|WhatsApp Business|Verification|SMS,293525.81,133511.19,0.455,3929266,0.0237,6.7,3,62,Monthly,4,False,Nurture,3605788.46
CLT0028,2023-05,Mid-Market,North America,Logistics,34,4,Voice|WhatsApp Business|Verification|SMS,617585.87,298331.58,0.483,8088122,1.104,6.7,1,41,Monthly,8,False,Nurture,15592808.05
CLT0028,2023-06,Mid-Market,North America,Logistics,34,4,Voice|WhatsApp Business|Verification|SMS,319190.03,167815.97,0.526,4138417,-0.4832,6.7,1,78,Monthly,3,False,Retain,3830280.36
CLT0028,2023-07,Mid-Market,North America,Logistics,34,4,Voice|WhatsApp Business|Verification|SMS,319100.77,166106.73,0.521,4145476,-0.0003,6.7,2,16,Monthly,12,False,Nurture,3829209.24
CLT0028,2023-08,Mid-Market,North America,Logistics,34,4,Voice|WhatsApp Business|Verification|SMS,334976.64,149967.96,0.448,4337935,0.0498,6.7,4,16,Monthly,7,False,Nurture,4219901.72
CLT0028,2023-09,Mid-Market,North America,Logistics,34,4,Voice|WhatsApp Business|Verification|SMS,339227.57,154125.08,0.454,4311030,0.0127,6.7,1,18,Monthly,6,False,Nurture,4122429.12
CLT0028,2023-10,Mid-Market,North America,Logistics,34,4,Voice|WhatsApp Business|Verification|SMS,336287.71,165404.95,0.492,4259278,-0.0087,6.7,1,4,Monthly,7,False,Nurture,4035452.52
CLT0028,2023-11,Mid-Market,North America,Logistics,34,4,Voice|WhatsApp Business|Verification|SMS,348559.25,165174.63,0.474,4336088,0.0365,6.7,0,90,Monthly,10,False,Nurture,4335379.95
CLT0029,2023-01,Mid-Market,Southern Europe,Logistics,31,3,SMS|Verification|WhatsApp Business,233140.77,121741.98,0.522,3806988,0.0,7.8,1,72,Monthly,10,False,Nurture,2797689.24
CLT0029,2023-03,Mid-Market,Southern Europe,Logistics,31,3,SMS|Verification|WhatsApp Business,121908.31,61088.57,0.501,2006998,-0.4771,7.8,0,25,Monthly,6,False,Retain,1462899.72
CLT0029,2023-04,Mid-Market,Southern Europe,Logistics,31,3,SMS|Verification|WhatsApp Business,119672.86,59947.41,0.501,1991819,-0.0183,7.8,1,34,Monthly,7,False,Nurture,1436074.32
CLT0029,2023-05,Mid-Market,Southern Europe,Logistics,31,3,SMS|Verification|WhatsApp Business,260632.56,100894.24,0.387,4317670,1.1779,7.8,2,39,Monthly,7,False,Upsell,6811579.83
CLT0029,2023-06,Mid-Market,Southern Europe,Logistics,31,3,SMS|Verification|WhatsApp Business,137285.37,60238.89,0.439,2261368,-0.4733,7.8,3,27,Monthly,10,False,Retain,1647424.44
CLT0029,2023-07,Mid-Market,Southern Europe,Logistics,31,3,SMS|Verification|WhatsApp Business,145297.65,57497.22,0.396,2382883,0.0584,7.8,1,69,Monthly,12,False,Upsell,1845396.39
CLT0029,2023-08,Mid-Market,Southern Europe,Logistics,31,3,SMS|Verification|WhatsApp Business,157581.01,85984.75,0.546,2577768,0.0845,7.8,4,77,Monthly,8,False,Upsell,2050759.26
CLT0029,2023-09,Mid-Market,Southern Europe,Logistics,31,3,SMS|Verification|WhatsApp Business,169069.51,85279.1,0.504,2749812,0.0729,7.8,3,2,Monthly,2,False,Upsell,2176736.13
CLT0029,2023-10,Mid-Market,Southern Europe,Logistics,31,3,SMS|Verification|WhatsApp Business,181698.84,73836.64,0.406,2933786,0.0747,7.8,2,38,Monthly,11,False,Upsell,2343260.92
CLT0029,2023-11,Mid-Market,Southern Europe,Logistics,31,3,SMS|Verification|WhatsApp Business,193178.16,92107.0,0.477,3125809,0.0632,7.8,1,81,Monthly,11,False,Upsell,2464644.24
CLT0030,2023-01,SMB,UK & Ireland,Fintech,10,1,Verification,33866.32,13528.16,0.399,423329,0.0,7.1,3,42,Annual,6,False,Nurture,406395.84
CLT0030,2023-03,SMB,UK & Ireland,Fintech,10,1,Verification,17307.92,8677.24,0.501,216349,-0.4889,7.1,3,63,Annual,1,False,Retain,207695.04
CLT0030,2023-04,SMB,UK & Ireland,Fintech,10,1,Verification,18125.2,7313.06,0.403,226565,0.0472,7.1,2,30,Annual,10,False,Upsell,227768.51
CLT0030,2023-05,SMB,UK & Ireland,Fintech,10,1,Verification,37786.16,17026.19,0.451,472327,1.0847,7.1,1,31,Annual,5,False,Upsell,945273.69
CLT0030,2023-06,SMB,UK & Ireland,Fintech,10,1,Verification,18945.36,7946.33,0.419,236817,-0.4986,7.1,2,85,Annual,3,False,Retain,227344.32
CLT0030,2023-07,SMB,UK & Ireland,Fintech,10,1,Verification,19805.12,7639.25,0.386,247564,0.0454,7.1,2,61,Annual,12,False,Upsell,248451.27
CLT0030,2023-08,SMB,UK & Ireland,Fintech,10,1,Verification,19577.68,8992.24,0.459,244721,-0.0115,7.1,4,13,Annual,12,False,Nurture,234932.16
CLT0030,2023-09,SMB,UK & Ireland,Fintech,10,1,Verification,21126.4,9726.84,0.46,264080,0.0791,7.1,1,70,Annual,7,False,Upsell,273569.98
CLT0030,2023-10,SMB,UK & Ireland,Fintech,10,1,Verification,22224.96,11640.88,0.524,277812,0.052,7.1,0,51,Annual,12,False,Upsell,280567.9
CLT0030,2023-11,SMB,UK & Ireland,Fintech,10,1,Verification,22011.6,9082.75,0.413,275145,-0.0096,7.1,7,75,Annual,3,False,Retain,264139.2
CLT0031,2023-01,SMB,UK & Ireland,Logistics,1,2,SMS|Voice,31624.6,14980.73,0.474,509171,0.0,6.1,1,47,Multi-year,6,False,Nurture,379495.2
CLT0031,2023-03,SMB,UK & Ireland,Logistics,1,2,SMS|Voice,17486.52,7054.44,0.403,273607,-0.4471,6.1,2,17,Multi-year,10,False,Retain,209838.24
CLT0031,2023-04,SMB,UK & Ireland,Logistics,1,2,SMS|Voice,18639.84,7786.84,0.418,293790,0.066,6.1,1,84,Multi-year,1,False,Nurture,238440.83
CLT0031,2023-05,SMB,UK & Ireland,Logistics,1,2,SMS|Voice,37284.84,17767.28,0.477,579343,1.0003,6.1,7,43,Multi-year,1,False,Retain,894970.39
CLT0031,2023-06,SMB,UK & Ireland,Logistics,1,2,SMS|Voice,18756.16,10454.21,0.557,295934,-0.4969,6.1,1,80,Multi-year,3,False,Retain,225073.92
CLT0031,2023-07,SMB,UK & Ireland,Logistics,1,2,SMS|Voice,19141.0,9529.12,0.498,306947,0.0205,6.1,4,50,Multi-year,1,False,Nurture,234400.69
CLT0031,2023-08,SMB,UK & Ireland,Logistics,1,2,SMS|Voice,20152.88,9717.49,0.482,320920,0.0529,6.1,0,1,Multi-year,1,False,Nurture,254627.61
CLT0031,2023-09,SMB,UK & Ireland,Logistics,1,2,SMS|Voice,20973.84,9666.71,0.461,327604,0.0407,6.1,1,86,Multi-year,2,False,Nurture,261929.7
CLT0031,2023-10,SMB,UK & Ireland,Logistics,1,2,SMS|Voice,21029.6,10348.22,0.492,330558,0.0027,6.1,3,15,Multi-year,11,False,Nurture,253036.56
CLT0031,2023-11,SMB,UK & Ireland,Logistics,1,2,SMS|Voice,22070.64,10680.77,0.484,338800,0.0495,6.1,5,8,Multi-year,2,False,Retain,277957.64
CLT0032,2023-01,SMB,Nordics,Retail & E-commerce,13,3,SMS|Email|WhatsApp Business,105957.73,45482.8,0.429,6785266,0.0,5.9,4,113,Monthly,7,True,Retain,1271492.76
CLT0032,2023-03,SMB,Nordics,Retail & E-commerce,13,3,SMS|Email|WhatsApp Business,51195.66,24016.17,0.469,3242964,-0.5168,5.9,3,48,Monthly,7,True,Retain,614347.92
CLT0032,2023-04,SMB,Nordics,Retail & E-commerce,13,3,SMS|Email|WhatsApp Business,50348.98,24291.17,0.482,3196649,-0.0165,5.9,4,48,Monthly,10,True,Retain,604187.76
CLT0032,2023-05,SMB,Nordics,Retail & E-commerce,13,3,SMS|Email|WhatsApp Business,92237.68,50875.77,0.552,5928775,0.832,5.9,5,147,Monthly,4,True,Retain,2027753.16
CLT0032,2023-06,SMB,Nordics,Retail & E-commerce,13,3,SMS|Email|WhatsApp Business,40732.74,21076.68,0.517,2792200,-0.5584,5.9,2,173,Monthly,5,True,Retain,488792.88
CLT0032,2023-07,SMB,Nordics,Retail & E-commerce,13,3,SMS|Email|WhatsApp Business,37839.03,20594.14,0.544,2678215,-0.071,5.9,6,94,Monthly,12,True,Retain,454068.36
CLT0032,2023-08,SMB,Nordics,Retail & E-commerce,13,3,SMS|Email|WhatsApp Business,36253.11,19966.87,0.551,2640523,-0.0419,5.9,4,161,Monthly,2,True,Retain,435037.32
CLT0032,2023-09,SMB,Nordics,Retail & E-commerce,13,3,SMS|Email|WhatsApp Business,34131.67,16387.04,0.48,2549339,-0.0585,5.9,1,65,Monthly,2,True,Retain,409580.04
CLT0032,2023-10,SMB,Nordics,Retail & E-commerce,13,3,SMS|Email|WhatsApp Business,33085.74,16386.64,0.495,2538583,-0.0306,5.9,3,89,Monthly,1,True,Retain,397028.88
CLT0032,2023-11,SMB,Nordics,Retail & E-commerce,13,3,SMS|Email|WhatsApp Business,31655.48,13602.89,0.43,2475641,-0.0432,5.9,5,42,Monthly,11,True,Retain,379865.76
CLT0033,2023-01,Enterprise,APAC,Retail & E-commerce,39,4,WhatsApp Business|Email|SMS|Voice,214480.24,111880.3,0.522,11999919,0.0,6.9,4,72,Multi-year,9,False,Expand,2573762.88
CLT0033,2023-03,Enterprise,APAC,Retail & E-commerce,39,4,WhatsApp Business|Email|SMS|Voice,111931.98,53173.61,0.475,6269083,-0.4781,6.9,3,18,Multi-year,11,False,Retain,1343183.76
CLT0033,2023-04,Enterprise,APAC,Retail & E-commerce,39,4,WhatsApp Business|Email|SMS|Voice,118110.79,54064.01,0.458,6662602,0.0552,6.9,4,25,Multi-year,9,False,Expand,1495566.07
CLT0033,2023-05,Enterprise,APAC,Retail & E-commerce,39,4,WhatsApp Business|Email|SMS|Voice,250694.58,112937.44,0.45,14006429,1.1225,6.9,2,39,Multi-year,11,False,Expand,6385190.95
CLT0033,2023-06,Enterprise,APAC,Retail & E-commerce,39,4,WhatsApp Business|Email|SMS|Voice,131400.46,62169.42,0.473,7424164,-0.4759,6.9,1,49,Multi-year,10,False,Retain,1576805.52
CLT0033,2023-07,Enterprise,APAC,Retail & E-commerce,39,4,WhatsApp Business|Email|SMS|Voice,134319.64,64003.74,0.477,7240845,0.0222,6.9,1,80,Multi-year,1,False,Expand,1647618.43
CLT0033,2023-08,Enterprise,APAC,Retail & E-commerce,39,4,WhatsApp Business|Email|SMS|Voice,140265.75,64958.73,0.463,7682072,0.0443,6.9,2,88,Multi-year,11,False,Expand,1757754.27
CLT0033,2023-09,Enterprise,APAC,Retail & E-commerce,39,4,WhatsApp Business|Email|SMS|Voice,145090.7,61838.82,0.426,8199028,0.0344,6.9,2,72,Multi-year,7,False,Expand,1800981.84
CLT0033,2023-10,Enterprise,APAC,Retail & E-commerce,39,4,WhatsApp Business|Email|SMS|Voice,150336.88,80571.56,0.536,8179733,0.0362,6.9,2,62,Multi-year,3,False,Expand,1869348.9
CLT0033,2023-11,Enterprise,APAC,Retail & E-commerce,39,4,WhatsApp Business|Email|SMS|Voice,156419.2,70965.43,0.454,8372927,0.0405,6.9,4,26,Multi-year,11,False,Expand,1953050.13
CLT0034,2023-01,Enterprise,APAC,Healthcare,42,4,WhatsApp Business|SMS|Voice|Verification,1312185.36,641225.19,0.489,15024009,0.0,9.1,1,28,Annual,2,False,Expand,15746224.32
CLT0034,2023-03,Enterprise,APAC,Healthcare,42,4,WhatsApp Business|SMS|Voice|Verification,635310.28,262415.25,0.413,7243270,-0.5158,9.1,2,8,Annual,5,False,Retain,7623723.36
CLT0034,2023-04,Enterprise,APAC,Healthcare,42,4,WhatsApp Business|SMS|Voice|Verification,660559.68,314008.43,0.475,7441452,0.0397,9.1,1,86,Annual,5,False,Expand,8241406.79
CLT0034,2023-05,Enterprise,APAC,Healthcare,42,4,WhatsApp Business|SMS|Voice|Verification,1395962.31,672597.15,0.482,16377801,1.1133,9.1,1,68,Annual,2,False,Expand,35401045.8
CLT0034,2023-06,Enterprise,APAC,Healthcare,42,4,WhatsApp Business|SMS|Voice|Verification,740262.22,395356.66,0.534,8826387,-0.4697,9.1,3,64,Annual,11,False,Retain,8883146.64
CLT0034,2023-07,Enterprise,APAC,Healthcare,42,4,WhatsApp Business|SMS|Voice|Verification,746754.68,294692.35,0.395,9055296,0.0088,9.1,1,60,Annual,11,False,Expand,9039913.45
CLT0034,2023-08,Enterprise,APAC,Healthcare,42,4,WhatsApp Business|SMS|Voice|Verification,739848.86,383536.62,0.518,8761144,-0.0092,9.1,4,32,Annual,11,False,Nurture,8878186.32
CLT0034,2023-09,Enterprise,APAC,Healthcare,42,4,WhatsApp Business|SMS|Voice|Verification,747059.02,340696.41,0.456,8796802,0.0097,9.1,2,53,Annual,6,False,Expand,9051665.91
CLT0034,2023-10,Enterprise,APAC,Healthcare,42,4,WhatsApp Business|SMS|Voice|Verification,757058.61,368456.38,0.487,8856000,0.0134,9.1,0,41,Annual,12,False,Expand,9206438.34
CLT0034,2023-11,Enterprise,APAC,Healthcare,42,4,WhatsApp Business|SMS|Voice|Verification,775208.11,326659.05,0.421,8954523,0.024,9.1,5,54,Annual,2,False,Expand,9525757.26
CLT0035,2023-01,Mid-Market,DACH,Healthcare,22,2,SMS|Voice,250915.0,106496.22,0.424,4338963,0.0,8.1,3,78,Annual,3,False,Nurture,3010980.0
CLT0035,2023-03,Mid-Market,DACH,Healthcare,22,2,SMS|Voice,129627.56,64504.01,0.498,2307113,-0.4834,8.1,2,17,Annual,2,False,Retain,1555530.72
CLT0035,2023-04,Mid-Market,DACH,Healthcare,22,2,SMS|Voice,140142.68,76155.14,0.543,2435965,0.0811,8.1,0,68,Annual,9,False,Upsell,1818099.02
CLT0035,2023-05,Mid-Market,DACH,Healthcare,22,2,SMS|Voice,303321.28,165629.79,0.546,5288546,1.1644,8.1,0,18,Annual,3,False,Upsell,7878102.94
CLT0035,2023-06,Mid-Market,DACH,Healthcare,22,2,SMS|Voice,163509.88,81068.27,0.496,2906801,-0.4609,8.1,4,3,Annual,7,False,Retain,1962118.56
CLT0035,2023-07,Mid-Market,DACH,Healthcare,22,2,SMS|Voice,169890.92,95691.89,0.563,3031521,0.039,8.1,1,28,Annual,2,False,Upsell,2118199.99
CLT0035,2023-08,Mid-Market,DACH,Healthcare,22,2,SMS|Voice,170543.56,95276.26,0.559,3000549,0.0038,8.1,1,68,Annual,12,False,Nurture,2054299.51
CLT0035,2023-09,Mid-Market,DACH,Healthcare,22,2,SMS|Voice,183235.84,79898.74,0.436,3262458,0.0744,8.1,1,51,Annual,5,False,Upsell,2362423.04
CLT0035,2023-10,Mid-Market,DACH,Healthcare,22,2,SMS|Voice,187687.88,83637.13,0.446,3320657,0.0243,8.1,4,16,Annual,8,False,Nurture,2306984.35
CLT0035,2023-11,Mid-Market,DACH,Healthcare,22,2,SMS|Voice,191811.88,108159.27,0.564,3394083,0.022,8.1,1,50,Annual,2,False,Nurture,2352380.9
CLT0036,2023-01,Mid-Market,DACH,Logistics,10,2,Voice|SMS,86909.56,45507.57,0.524,1826117,0.0,6.2,6,82,Annual,11,False,Retain,1042914.72
CLT0036,2023-03,Mid-Market,DACH,Logistics,10,2,Voice|SMS,42534.28,16127.06,0.379,888895,-0.5106,6.2,3,81,Annual,12,False,Retain,510411.36
CLT0036,2023-04,Mid-Market,DACH,Logistics,10,2,Voice|SMS,41386.64,16150.49,0.39,850260,-0.027,6.2,0,29,Annual,1,False,Nurture,496639.68
CLT0036,2023-05,Mid-Market,DACH,Logistics,10,2,Voice|SMS,81913.88,33999.25,0.415,1686217,0.9792,6.2,1,20,Annual,4,False,Nurture,1945487.42
CLT0036,2023-06,Mid-Market,DACH,Logistics,10,2,Voice|SMS,42451.76,20339.37,0.479,884130,-0.4818,6.2,3,53,Annual,5,False,Retain,509421.12
CLT0036,2023-07,Mid-Market,DACH,Logistics,10,2,Voice|SMS,43336.48,17710.47,0.409,902806,0.0208,6.2,2,15,Annual,12,False,Nurture,530854.55
CLT0036,2023-08,Mid-Market,DACH,Logistics,10,2,Voice|SMS,44422.84,19719.94,0.444,927997,0.0251,6.2,2,81,Annual,7,False,Nurture,546454.24
CLT0036,2023-09,Mid-Market,DACH,Logistics,10,2,Voice|SMS,45097.56,19644.39,0.436,945577,0.0152,6.2,2,78,Annual,4,False,Nurture,549396.51
CLT0036,2023-10,Mid-Market,DACH,Logistics,10,2,Voice|SMS,44865.0,20151.43,0.449,929469,-0.0052,6.2,1,55,Annual,9,False,Nurture,538380.0
CLT0036,2023-11,Mid-Market,DACH,Logistics,10,2,Voice|SMS,46038.44,18445.76,0.401,949285,0.0262,6.2,1,25,Annual,6,False,Nurture,566935.77
CLT0037,2023-01,Mid-Market,Southern Europe,Logistics,13,3,SMS|WhatsApp Business|Voice,559981.0,265079.83,0.473,7158727,0.0,6.2,2,81,Annual,10,False,Nurture,6719772.0
CLT0037,2023-03,Mid-Market,Southern Europe,Logistics,13,3,SMS|WhatsApp Business|Voice,276071.13,111092.18,0.402,3741905,-0.507,6.2,1,76,Annual,2,False,Retain,3312853.56
CLT0037,2023-04,Mid-Market,Southern Europe,Logistics,13,3,SMS|WhatsApp Business|Voice,277439.56,135391.44,0.488,3807502,0.005,6.2,2,53,Annual,8,False,Nurture,3345921.09
CLT0037,2023-05,Mid-Market,Southern Europe,Logistics,13,3,SMS|WhatsApp Business|Voice,558599.33,278295.11,0.498,7824785,1.0134,6.2,2,56,Annual,5,False,Nurture,13496206.69
CLT0037,2023-06,Mid-Market,Southern Europe,Logistics,13,3,SMS|WhatsApp Business|Voice,281282.24,140677.34,0.5,3965373,-0.4965,6.2,2,2,Annual,4,False,Retain,3375386.88
CLT0037,2023-07,Mid-Market,Southern Europe,Logistics,13,3,SMS|WhatsApp Business|Voice,280101.89,131415.03,0.469,3844588,-0.0042,6.2,2,19,Annual,4,False,Nurture,3361222.68
CLT0037,2023-08,Mid-Market,Southern Europe,Logistics,13,3,SMS|WhatsApp Business|Voice,273090.97,114452.86,0.419,3817259,-0.025,6.2,3,74,Annual,11,False,Nurture,3277091.64
CLT0037,2023-09,Mid-Market,Southern Europe,Logistics,13,3,SMS|WhatsApp Business|Voice,263519.19,101714.64,0.386,3690257,-0.035,6.2,1,9,Annual,12,False,Nurture,3162230.28
CLT0037,2023-10,Mid-Market,Southern Europe,Logistics,13,3,SMS|WhatsApp Business|Voice,252276.37,120868.56,0.479,3556908,-0.0427,6.2,6,74,Annual,12,False,Retain,3027316.44
CLT0037,2023-11,Mid-Market,Southern Europe,Logistics,13,3,SMS|WhatsApp Business|Voice,247588.33,117203.19,0.473,3527678,-0.0186,6.2,2,30,Annual,11,False,Nurture,2971059.96
CLT0038,2023-01,SMB,Nordics,Healthcare,15,3,SMS|Voice|Verification,139088.64,65223.03,0.469,2316559,0.0,6.4,1,23,Monthly,6,False,Nurture,1669063.68
CLT0038,2023-03,SMB,Nordics,Healthcare,15,3,SMS|Voice|Verification,72492.16,34196.49,0.472,1232127,-0.4788,6.4,0,18,Monthly,9,False,Retain,869905.92
CLT0038,2023-04,SMB,Nordics,Healthcare,15,3,SMS|Voice|Verification,74172.52,33938.69,0.458,1261797,0.0232,6.4,2,20,Monthly,11,False,Nurture,910719.87
CLT0038,2023-05,SMB,Nordics,Healthcare,15,3,SMS|Voice|Verification,154071.68,77048.16,0.5,2655591,1.0772,6.4,1,52,Monthly,8,False,Nurture,3840452.32
CLT0038,2023-06,SMB,Nordics,Healthcare,15,3,SMS|Voice|Verification,80279.76,32253.36,0.402,1396288,-0.4789,6.4,1,14,Monthly,3,False,Retain,963357.12
CLT0038,2023-07,SMB,Nordics,Healthcare,15,3,SMS|Voice|Verification,85952.6,42692.75,0.497,1491606,0.0707,6.4,1,49,Monthly,10,False,Nurture,1104353.39
CLT0038,2023-08,SMB,Nordics,Healthcare,15,3,SMS|Voice|Verification,91388.36,46015.46,0.504,1600523,0.0632,6.4,1,31,Monthly,8,False,Nurture,1165969.25
CLT0038,2023-09,SMB,Nordics,Healthcare,15,3,SMS|Voice|Verification,100125.0,41255.56,0.412,1791871,0.0956,6.4,2,75,Monthly,5,False,Nurture,1316363.4
CLT0038,2023-10,SMB,Nordics,Healthcare,15,3,SMS|Voice|Verification,105611.16,48268.11,0.457,1896983,0.0548,6.4,0,78,Monthly,10,False,Nurture,1336783.82
CLT0038,2023-11,SMB,Nordics,Healthcare,15,3,SMS|Voice|Verification,108808.72,54228.65,0.498,1949636,0.0303,6.4,1,73,Monthly,6,False,Nurture,1345267.49
CLT0039,2023-01,Mid-Market,UK & Ireland,Logistics,30,2,Verification|WhatsApp Business,178482.05,81503.69,0.457,737019,0.0,8.5,3,22,Annual,3,False,Nurture,2141784.6
CLT0039,2023-03,Mid-Market,UK & Ireland,Logistics,30,2,Verification|WhatsApp Business,95830.41,37366.5,0.39,398134,-0.4631,8.5,1,41,Annual,3,False,Retain,1149964.92
CLT0039,2023-04,Mid-Market,UK & Ireland,Logistics,30,2,Verification|WhatsApp Business,102595.31,52865.91,0.515,416578,0.0706,8.5,2,79,Annual,7,False,Upsell,1318062.47
CLT0039,2023-05,Mid-Market,UK & Ireland,Logistics,30,2,Verification|WhatsApp Business,210174.45,86332.6,0.411,830635,1.0486,8.5,1,33,Annual,5,False,Upsell,5166760.54
CLT0039,2023-06,Mid-Market,UK & Ireland,Logistics,30,2,Verification|WhatsApp Business,111479.83,45648.54,0.409,456594,-0.4696,8.5,0,39,Annual,11,False,Retain,1337757.96
CLT0039,2023-07,Mid-Market,UK & Ireland,Logistics,30,2,Verification|WhatsApp Business,118703.24,58568.17,0.493,492020,0.0648,8.5,3,67,Annual,5,False,Upsell,1516742.52
CLT0039,2023-08,Mid-Market,UK & Ireland,Logistics,30,2,Verification|WhatsApp Business,118856.31,57831.26,0.487,516981,0.0013,8.5,1,32,Annual,12,False,Nurture,1428129.88
CLT0039,2023-09,Mid-Market,UK & Ireland,Logistics,30,2,Verification|WhatsApp Business,116479.4,52253.31,0.449,542806,-0.02,8.5,7,81,Annual,7,False,Retain,1397752.8
CLT0039,2023-10,Mid-Market,UK & Ireland,Logistics,30,2,Verification|WhatsApp Business,119230.14,51081.41,0.428,565781,0.0236,8.5,3,70,Annual,7,False,Nurture,1464527.66
CLT0039,2023-11,Mid-Market,UK & Ireland,Logistics,30,2,Verification|WhatsApp Business,119906.99,66560.01,0.555,587478,0.0057,8.5,0,65,Annual,2,False,Nurture,1447085.52
CLT0040,2023-01,SMB,Nordics,Retail & E-commerce,5,2,SMS|Email,101182.11,55781.52,0.551,7343767,0.0,6.6,3,15,Monthly,2,False,Nurture,1214185.32
CLT0040,2023-03,SMB,Nordics,Retail & E-commerce,5,2,SMS|Email,53308.22,30377.08,0.57,4030026,-0.4731,6.6,3,40,Monthly,4,False,Retain,639698.64
CLT0040,2023-04,SMB,Nordics,Retail & E-commerce,5,2,SMS|Email,57115.58,30138.07,0.528,4185998,0.0714,6.6,3,29,Monthly,1,False,Nurture,734323.59
CLT0040,2023-05,SMB,Nordics,Retail & E-commerce,5,2,SMS|Email,122439.02,53790.3,0.439,9001305,1.1437,6.6,0,55,Monthly,5,False,Nurture,3149670.33
CLT0040,2023-06,SMB,Nordics,Retail & E-commerce,5,2,SMS|Email,65858.07,28113.57,0.427,4797354,-0.4621,6.6,0,4,Monthly,10,False,Retain,790296.84
CLT0040,2023-07,SMB,Nordics,Retail & E-commerce,5,2,SMS|Email,67505.73,27383.63,0.406,5230283,0.025,6.6,1,67,Monthly,1,False,Nurture,830320.48
CLT0040,2023-08,SMB,Nordics,Retail & E-commerce,5,2,SMS|Email,71496.95,37331.47,0.522,5410105,0.0591,6.6,2,42,Monthly,9,False,Nurture,908669.04
CLT0040,2023-09,SMB,Nordics,Retail & E-commerce,5,2,SMS|Email,74771.84,40334.56,0.539,5796841,0.0458,6.6,1,64,Monthly,8,False,Nurture,938356.68
CLT0040,2023-10,SMB,Nordics,Retail & E-commerce,5,2,SMS|Email,78933.49,41436.2,0.525,6079483,0.0557,6.6,7,11,Monthly,6,False,Retain,999961.02
CLT0040,2023-11,SMB,Nordics,Retail & E-commerce,5,2,SMS|Email,80338.74,30246.77,0.376,6454382,0.0178,6.6,1,41,Monthly,12,False,Nurture,981225.23
CLT0041,2023-01,Enterprise,Southern Europe,Retail & E-commerce,42,3,Email|Voice|SMS,379908.38,196789.62,0.518,15203029,0.0,7.9,0,45,Monthly,10,False,Expand,4558900.56
CLT0041,2023-03,Enterprise,Southern Europe,Retail & E-commerce,42,3,Email|Voice|SMS,196465.5,100111.97,0.51,7874946,-0.4829,7.9,2,87,Monthly,11,False,Retain,2357586.0
CLT0041,2023-04,Enterprise,Southern Europe,Retail & E-commerce,42,3,Email|Voice|SMS,206687.97,97328.08,0.471,7975728,0.052,7.9,3,89,Monthly,1,False,Upsell,2609228.93
CLT0041,2023-05,Enterprise,Southern Europe,Retail & E-commerce,42,3,Email|Voice|SMS,414821.29,178854.97,0.431,16482354,1.007,7.9,3,82,Monthly,7,False,Upsell,9990555.95
CLT0041,2023-06,Enterprise,Southern Europe,Retail & E-commerce,42,3,Email|Voice|SMS,219935.0,101025.49,0.459,8471292,-0.4698,7.9,2,90,Monthly,3,False,Retain,2639220.0
CLT0041,2023-07,Enterprise,Southern Europe,Retail & E-commerce,42,3,Email|Voice|SMS,228720.79,95064.5,0.416,8496790,0.0399,7.9,2,62,Monthly,9,False,Upsell,2854160.99
CLT0041,2023-08,Enterprise,Southern Europe,Retail & E-commerce,42,3,Email|Voice|SMS,234979.89,106613.73,0.454,8155956,0.0274,7.9,1,62,Monthly,10,False,Expand,2897020.07
CLT0041,2023-09,Enterprise,Southern Europe,Retail & E-commerce,42,3,Email|Voice|SMS,242088.37,116844.33,0.483,8346638,0.0303,7.9,1,7,Monthly,3,False,Upsell,2993083.77
CLT0041,2023-10,Enterprise,Southern Europe,Retail & E-commerce,42,3,Email|Voice|SMS,255159.27,142902.79,0.56,9122918,0.054,7.9,2,46,Monthly,10,False,Upsell,3227254.45
CLT0041,2023-11,Enterprise,Southern Europe,Retail & E-commerce,42,3,Email|Voice|SMS,270947.55,115692.86,0.427,9687782,0.0619,7.9,1,13,Monthly,12,False,Upsell,3452630.44
CLT0042,2023-01,Enterprise,Southern Europe,Healthcare,19,2,Voice|SMS,316651.52,155761.57,0.492,5910514,0.0,7.8,1,20,Annual,1,False,Nurture,3799818.24
CLT0042,2023-03,Enterprise,Southern Europe,Healthcare,19,2,Voice|SMS,154418.88,72383.94,0.469,2857104,-0.5123,7.8,3,35,Annual,7,False,Retain,1853026.56
CLT0042,2023-04,Enterprise,Southern Europe,Healthcare,19,2,Voice|SMS,151854.32,73942.24,0.487,2844646,-0.0166,7.8,2,31,Annual,8,False,Nurture,1822251.84
CLT0042,2023-05,Enterprise,Southern Europe,Healthcare,19,2,Voice|SMS,316144.04,153715.11,0.486,5909093,1.0819,7.8,2,22,Annual,2,False,Upsell,7898163.32
CLT0042,2023-06,Enterprise,Southern Europe,Healthcare,19,2,Voice|SMS,169240.8,67404.51,0.398,3179464,-0.4647,7.8,1,53,Annual,3,False,Retain,2030889.6
CLT0042,2023-07,Enterprise,Southern Europe,Healthcare,19,2,Voice|SMS,165967.64,73436.75,0.442,3072953,-0.0193,7.8,2,51,Annual,7,False,Nurture,1991611.68
CLT0042,2023-08,Enterprise,Southern Europe,Healthcare,19,2,Voice|SMS,159919.72,84478.03,0.528,2960673,-0.0364,7.8,3,3,Annual,4,False,Nurture,1919036.64
CLT0042,2023-09,Enterprise,Southern Europe,Healthcare,19,2,Voice|SMS,153949.52,81826.29,0.532,2822216,-0.0373,7.8,1,19,Annual,4,False,Nurture,1847394.24
CLT0042,2023-10,Enterprise,Southern Europe,Healthcare,19,2,Voice|SMS,152651.52,72603.88,0.476,2790550,-0.0084,7.8,3,42,Annual,9,False,Nurture,1831818.24
CLT0042,2023-11,Enterprise,Southern Europe,Healthcare,19,2,Voice|SMS,154064.44,80247.43,0.521,2824297,0.0093,7.8,3,39,Annual,2,False,Nurture,1865966.87
CLT0043,2023-01,Mid-Market,Nordics,Healthcare,26,2,Verification|WhatsApp Business,395794.01,181456.9,0.458,1508159,0.0,6.1,6,167,Multi-year,1,True,Retain,4749528.12
CLT0043,2023-03,Mid-Market,Nordics,Healthcare,26,2,Verification|WhatsApp Business,179524.59,78556.4,0.438,687811,-0.5464,6.1,9,74,Multi-year,10,True,Retain,2154295.08
CLT0043,2023-04,Mid-Market,Nordics,Healthcare,26,2,Verification|WhatsApp Business,183990.53,99576.84,0.541,681278,0.0249,6.1,2,111,Multi-year,6,True,Retain,2262862.73
CLT0043,2023-05,Mid-Market,Nordics,Healthcare,26,2,Verification|WhatsApp Business,335722.16,164397.57,0.49,1260202,0.8247,6.1,4,180,Multi-year,10,True,Retain,7351106.7
CLT0043,2023-06,Mid-Market,Nordics,Healthcare,26,2,Verification|WhatsApp Business,157550.29,76296.81,0.484,580558,-0.5307,6.1,3,155,Multi-year,8,True,Retain,1890603.48
CLT0043,2023-07,Mid-Market,Nordics,Healthcare,26,2,Verification|WhatsApp Business,156766.19,77951.5,0.497,567596,-0.005,6.1,6,88,Multi-year,12,True,Retain,1881194.28
CLT0043,2023-08,Mid-Market,Nordics,Healthcare,26,2,Verification|WhatsApp Business,146572.52,78556.75,0.536,558762,-0.065,6.1,8,146,Multi-year,10,True,Retain,1758870.24
CLT0043,2023-09,Mid-Market,Nordics,Healthcare,26,2,Verification|WhatsApp Business,144972.87,73280.0,0.505,542309,-0.0109,6.1,1,80,Multi-year,10,True,Retain,1739674.44
CLT0043,2023-10,Mid-Market,Nordics,Healthcare,26,2,Verification|WhatsApp Business,150655.9,73868.71,0.49,537530,0.0392,6.1,5,121,Multi-year,8,True,Retain,1878739.34
CLT0043,2023-11,Mid-Market,Nordics,Healthcare,26,2,Verification|WhatsApp Business,139604.15,64404.05,0.461,501379,-0.0734,6.1,2,178,Multi-year,6,True,Retain,1675249.8
CLT0044,2023-01,SMB,UK & Ireland,Retail & E-commerce,14,3,Email|WhatsApp Business|SMS,79954.63,42128.57,0.527,6377557,0.0,7.3,0,45,Monthly,2,False,Nurture,959455.56
CLT0044,2023-03,SMB,UK & Ireland,Retail & E-commerce,14,3,Email|WhatsApp Business|SMS,40362.24,20443.13,0.506,3266248,-0.4952,7.3,2,73,Monthly,11,False,Retain,484346.88
CLT0044,2023-04,SMB,UK & Ireland,Retail & E-commerce,14,3,Email|WhatsApp Business|SMS,40459.05,19100.21,0.472,3310170,0.0024,7.3,1,19,Monthly,5,False,Nurture,486673.82
CLT0044,2023-05,SMB,UK & Ireland,Retail & E-commerce,14,3,Email|WhatsApp Business|SMS,81722.02,40952.25,0.501,6699536,1.0199,7.3,2,58,Monthly,5,False,Upsell,1980843.7
CLT0044,2023-06,SMB,UK & Ireland,Retail & E-commerce,14,3,Email|WhatsApp Business|SMS,42914.47,19029.93,0.443,3665333,-0.4749,7.3,3,88,Monthly,2,False,Retain,514973.64
CLT0044,2023-07,SMB,UK & Ireland,Retail & E-commerce,14,3,Email|WhatsApp Business|SMS,43839.89,21506.79,0.491,3717045,0.0216,7.3,5,10,Monthly,2,False,Retain,537441.98
CLT0044,2023-08,SMB,UK & Ireland,Retail & E-commerce,14,3,Email|WhatsApp Business|SMS,45464.17,20814.35,0.458,3892460,0.0371,7.3,3,62,Monthly,11,False,Upsell,565810.69
CLT0044,2023-09,SMB,UK & Ireland,Retail & E-commerce,14,3,Email|WhatsApp Business|SMS,44845.43,22942.59,0.512,3765148,-0.0136,7.3,1,28,Monthly,7,False,Nurture,538145.16
CLT0044,2023-10,SMB,UK & Ireland,Retail & E-commerce,14,3,Email|WhatsApp Business|SMS,43348.97,21679.03,0.5,3666900,-0.0334,7.3,3,59,Monthly,1,False,Nurture,520187.64
CLT0044,2023-11,SMB,UK & Ireland,Retail & E-commerce,14,3,Email|WhatsApp Business|SMS,44729.05,20140.18,0.45,3801709,0.0318,7.3,0,28,Monthly,12,False,Upsell,553817.21
CLT0045,2023-01,SMB,LATAM,Gaming & Entertainment,1,2,SMS|Verification,83686.28,47170.17,0.564,1374357,0.0,5.8,5,68,Annual,7,False,Retain,1004235.36
CLT0045,2023-03,SMB,LATAM,Gaming & Entertainment,1,2,SMS|Verification,43456.36,22991.0,0.529,697306,-0.4807,5.8,3,19,Annual,6,False,Retain,521476.32
CLT0045,2023-04,SMB,LATAM,Gaming & Entertainment,1,2,SMS|Verification,45140.6,24085.75,0.534,724210,0.0388,5.8,1,51,Annual,11,False,Retain,562704.66
CLT0045,2023-05,SMB,LATAM,Gaming & Entertainment,1,2,SMS|Verification,88823.52,42172.43,0.475,1420230,0.9677,5.8,3,60,Annual,7,False,Retain,2097336.48
CLT0045,2023-06,SMB,LATAM,Gaming & Entertainment,1,2,SMS|Verification,45210.6,17848.31,0.395,722949,-0.491,5.8,0,14,Annual,2,False,Retain,542527.2
CLT0045,2023-07,SMB,LATAM,Gaming & Entertainment,1,2,SMS|Verification,47095.84,23765.27,0.505,740850,0.0417,5.8,4,21,Annual,6,False,Retain,588716.84
CLT0045,2023-08,SMB,LATAM,Gaming & Entertainment,1,2,SMS|Verification,47965.68,24730.07,0.516,749590,0.0185,5.8,2,72,Annual,5,False,Retain,586236.54
CLT0045,2023-09,SMB,LATAM,Gaming & Entertainment,1,2,SMS|Verification,51751.2,25172.48,0.486,801367,0.0789,5.8,0,21,Annual,4,False,Retain,670012.44
CLT0045,2023-10,SMB,LATAM,Gaming & Entertainment,1,2,SMS|Verification,50919.52,25299.73,0.497,791975,-0.0161,5.8,0,27,Annual,1,False,Retain,611034.24
CLT0045,2023-11,SMB,LATAM,Gaming & Entertainment,1,2,SMS|Verification,52562.68,26178.76,0.498,816501,0.0323,5.8,1,2,Annual,9,False,Retain,651125.45
CLT0046,2023-01,Enterprise,UK & Ireland,Healthcare,28,2,Verification|WhatsApp Business,837149.73,397051.66,0.474,3585998,0.0,6.8,1,6,Annual,6,False,Nurture,10045796.76
CLT0046,2023-03,Enterprise,UK & Ireland,Healthcare,28,2,Verification|WhatsApp Business,438664.41,214744.47,0.49,1865909,-0.476,6.8,1,51,Annual,4,False,Retain,5263972.92
CLT0046,2023-04,Enterprise,UK & Ireland,Healthcare,28,2,Verification|WhatsApp Business,450206.48,217760.58,0.484,1863492,0.0263,6.8,0,5,Annual,12,False,Nurture,5544562.93
CLT0046,2023-05,Enterprise,UK & Ireland,Healthcare,28,2,Verification|WhatsApp Business,929035.79,407994.11,0.439,3553405,1.0636,6.8,2,66,Annual,12,False,Nurture,23005899.07
CLT0046,2023-06,Enterprise,UK & Ireland,Healthcare,28,2,Verification|WhatsApp Business,476667.49,192815.92,0.405,1811704,-0.4869,6.8,3,19,Annual,10,False,Retain,5720009.88
CLT0046,2023-07,Enterprise,UK & Ireland,Healthcare,28,2,Verification|WhatsApp Business,495187.65,200472.37,0.405,1855864,0.0389,6.8,2,22,Annual,11,False,Nurture,6173405.4
CLT0046,2023-08,Enterprise,UK & Ireland,Healthcare,28,2,Verification|WhatsApp Business,499286.39,269712.55,0.54,1905700,0.0083,6.8,1,33,Annual,11,False,Nurture,6041165.6
CLT0046,2023-09,Enterprise,UK & Ireland,Healthcare,28,2,Verification|WhatsApp Business,494963.91,265873.31,0.537,1850024,-0.0087,6.8,3,72,Annual,3,False,Nurture,5939566.92
CLT0046,2023-10,Enterprise,UK & Ireland,Healthcare,28,2,Verification|WhatsApp Business,525754.75,202824.77,0.386,1927036,0.0622,6.8,1,66,Annual,8,False,Nurture,6701480.35
CLT0046,2023-11,Enterprise,UK & Ireland,Healthcare,28,2,Verification|WhatsApp Business,528699.9,212813.53,0.403,1973785,0.0056,6.8,5,29,Annual,3,False,Retain,6379927.43
CLT0047,2023-01,Enterprise,North America,Technology & SaaS,58,2,SMS|Voice,393298.28,173484.12,0.441,7276467,0.0,8.3,2,15,Annual,1,False,Nurture,4719579.36
CLT0047,2023-03,Enterprise,North America,Technology & SaaS,58,2,SMS|Voice,202728.04,97752.34,0.482,3674009,-0.4845,8.3,2,61,Annual,11,False,Retain,2432736.48
CLT0047,2023-04,Enterprise,North America,Technology & SaaS,58,2,SMS|Voice,204851.88,95767.04,0.467,3709281,0.0105,8.3,4,67,Annual,9,False,Nurture,2484033.9
CLT0047,2023-05,Enterprise,North America,Technology & SaaS,58,2,SMS|Voice,437066.12,195981.01,0.448,7974697,1.1336,8.3,1,26,Annual,2,False,Upsell,11190291.28
CLT0047,2023-06,Enterprise,North America,Technology & SaaS,58,2,SMS|Voice,229056.56,100655.61,0.439,4109066,-0.4759,8.3,0,22,Annual,11,False,Retain,2748678.72
CLT0047,2023-07,Enterprise,North America,Technology & SaaS,58,2,SMS|Voice,246062.0,120705.48,0.491,4370560,0.0742,8.3,3,57,Annual,4,False,Upsell,3171837.6
CLT0047,2023-08,Enterprise,North America,Technology & SaaS,58,2,SMS|Voice,263030.64,130389.95,0.496,4668088,0.069,8.3,1,55,Annual,6,False,Upsell,3374157.05
CLT0047,2023-09,Enterprise,North America,Technology & SaaS,58,2,SMS|Voice,265160.2,129858.51,0.49,4749957,0.0081,8.3,1,38,Annual,9,False,Nurture,3207695.97
CLT0047,2023-10,Enterprise,North America,Technology & SaaS,58,2,SMS|Voice,276828.32,139047.36,0.502,4877820,0.044,8.3,4,45,Annual,3,False,Upsell,3468105.19
CLT0047,2023-11,Enterprise,North America,Technology & SaaS,58,2,SMS|Voice,291787.84,136047.58,0.466,5241198,0.054,8.3,2,24,Annual,1,False,Upsell,3690532.6
CLT0048,2023-01,Enterprise,APAC,Logistics,39,3,SMS|Verification|Voice,540331.16,282009.96,0.522,10125087,0.0,7.8,1,61,Multi-year,3,False,Expand,6483973.92
CLT0048,2023-03,Enterprise,APAC,Logistics,39,3,SMS|Verification|Voice,294746.48,124797.07,0.423,5554384,-0.4545,7.8,3,1,Multi-year,2,False,Retain,3536957.76
CLT0048,2023-04,Enterprise,APAC,Logistics,39,3,SMS|Verification|Voice,326638.88,167586.52,0.513,6235170,0.1082,7.8,1,79,Multi-year,8,False,Upsell,4343774.48
CLT0048,2023-05,Enterprise,APAC,Logistics,39,3,SMS|Verification|Voice,677274.12,299186.55,0.442,12930087,1.0735,7.8,3,3,Multi-year,9,False,Upsell,16851934.65
CLT0048,2023-06,Enterprise,APAC,Logistics,39,3,SMS|Verification|Voice,345116.16,175966.55,0.51,6644771,-0.4904,7.8,4,38,Multi-year,3,False,Retain,4141393.92
CLT0048,2023-07,Enterprise,APAC,Logistics,39,3,SMS|Verification|Voice,358316.6,146776.75,0.41,6931038,0.0382,7.8,4,70,Multi-year,8,False,Upsell,4464051.53
CLT0048,2023-08,Enterprise,APAC,Logistics,39,3,SMS|Verification|Voice,366369.48,148088.67,0.404,6993253,0.0225,7.8,1,33,Multi-year,11,False,Expand,4495353.52
CLT0048,2023-09,Enterprise,APAC,Logistics,39,3,SMS|Verification|Voice,393707.0,212367.81,0.539,7548357,0.0746,7.8,4,9,Multi-year,7,False,Upsell,5076930.51
CLT0048,2023-10,Enterprise,APAC,Logistics,39,3,SMS|Verification|Voice,406223.76,205919.38,0.507,7739794,0.0318,7.8,0,88,Multi-year,12,False,Upsell,5029700.11
CLT0048,2023-11,Enterprise,APAC,Logistics,39,3,SMS|Verification|Voice,419795.08,163251.55,0.389,7989079,0.0334,7.8,0,21,Multi-year,8,False,Upsell,5205794.83
CLT0049,2023-01,SMB,APAC,Retail & E-commerce,9,2,Email|SMS,49550.61,25243.51,0.509,3095770,0.0,6.8,0,79,Monthly,12,False,Nurture,594607.32
CLT0049,2023-03,SMB,APAC,Retail & E-commerce,9,2,Email|SMS,26502.14,14967.07,0.565,1625316,-0.4652,6.8,1,56,Monthly,4,False,Retain,318025.68
CLT0049,2023-04,SMB,APAC,Retail & E-commerce,9,2,Email|SMS,26065.53,13055.91,0.501,1645010,-0.0165,6.8,4,81,Monthly,7,False,Nurture,312786.36
CLT0049,2023-05,SMB,APAC,Retail & E-commerce,9,2,Email|SMS,56293.61,27047.54,0.48,3456640,1.1597,6.8,1,42,Monthly,2,False,Nurture,1458927.71
CLT0049,2023-06,SMB,APAC,Retail & E-commerce,9,2,Email|SMS,28351.06,13193.53,0.465,1657588,-0.4964,6.8,2,21,Monthly,10,False,Retain,340212.72
CLT0049,2023-07,SMB,APAC,Retail & E-commerce,9,2,Email|SMS,29386.72,13704.51,0.466,1739308,0.0365,6.8,1,42,Monthly,6,False,Nurture,365512.02
CLT0049,2023-08,SMB,APAC,Retail & E-commerce,9,2,Email|SMS,28285.97,11570.17,0.409,1707571,-0.0375,6.8,5,43,Monthly,2,False,Retain,339431.64
CLT0049,2023-09,SMB,APAC,Retail & E-commerce,9,2,Email|SMS,29119.02,15809.19,0.543,1708832,0.0295,6.8,1,88,Monthly,12,False,Nurture,359736.37
CLT0049,2023-10,SMB,APAC,Retail & E-commerce,9,2,Email|SMS,28990.15,11785.87,0.407,1747487,-0.0044,6.8,1,3,Monthly,1,False,Nurture,347881.8
CLT0049,2023-11,SMB,APAC,Retail & E-commerce,9,2,Email|SMS,28324.19,15320.96,0.541,1730096,-0.023,6.8,2,47,Monthly,2,False,Nurture,339890.28
CLT0050,2023-01,Mid-Market,LATAM,Retail & E-commerce,20,2,SMS|WhatsApp Business,331164.54,164397.3,0.496,5593275,0.0,8.1,2,5,Annual,9,False,Nurture,3973974.48
CLT0050,2023-03,Mid-Market,LATAM,Retail & E-commerce,20,2,SMS|WhatsApp Business,167691.48,61239.34,0.365,2817225,-0.4936,8.1,2,15,Annual,10,False,Retain,2012297.76
CLT0050,2023-04,Mid-Market,LATAM,Retail & E-commerce,20,2,SMS|WhatsApp Business,172388.82,90443.43,0.525,2997873,0.028,8.1,2,39,Annual,12,False,Nurture,2126588.48
CLT0050,2023-05,Mid-Market,LATAM,Retail & E-commerce,20,2,SMS|WhatsApp Business,334401.3,147219.89,0.44,5738454,0.9398,8.1,1,69,Annual,5,False,Upsell,7784059.7
CLT0050,2023-06,Mid-Market,LATAM,Retail & E-commerce,20,2,SMS|WhatsApp Business,158386.82,61344.14,0.387,2679137,-0.5264,8.1,2,17,Annual,3,False,Retain,1900641.84
CLT0050,2023-07,Mid-Market,LATAM,Retail & E-commerce,20,2,SMS|WhatsApp Business,162499.57,85907.11,0.529,2821927,0.026,8.1,4,55,Annual,3,False,Nurture,2000694.71
CLT0050,2023-08,Mid-Market,LATAM,Retail & E-commerce,20,2,SMS|WhatsApp Business,163714.15,65071.38,0.397,2826460,0.0075,8.1,4,27,Annual,12,False,Nurture,1979304.07
CLT0050,2023-09,Mid-Market,LATAM,Retail & E-commerce,20,2,SMS|WhatsApp Business,162382.3,87634.18,0.54,2786674,-0.0081,8.1,4,7,Annual,1,False,Nurture,1948587.6
CLT0050,2023-10,Mid-Market,LATAM,Retail & E-commerce,20,2,SMS|WhatsApp Business,164299.65,73118.02,0.445,2823936,0.0118,8.1,4,27,Annual,7,False,Nurture,1994860.63
CLT0050,2023-11,Mid-Market,LATAM,Retail & E-commerce,20,2,SMS|WhatsApp Business,165976.88,67762.98,0.408,2895740,0.0102,8.1,1,2,Annual,8,False,Nurture,2012038.13
CLT0051,2023-01,Mid-Market,North America,Gaming & Entertainment,28,4,Email|Verification|SMS|Voice,344139.19,149822.36,0.435,16041332,0.0,8.4,6,18,Annual,3,False,Retain,4129670.28
CLT0051,2023-03,Mid-Market,North America,Gaming & Entertainment,28,4,Email|Verification|SMS|Voice,169117.95,80123.45,0.474,8202175,-0.5086,8.4,4,31,Annual,6,False,Retain,2029415.4
CLT0051,2023-04,Mid-Market,North America,Gaming & Entertainment,28,4,Email|Verification|SMS|Voice,172909.69,90757.06,0.525,8554878,0.0224,8.4,2,5,Annual,3,False,Nurture,2121394.4
CLT0051,2023-05,Mid-Market,North America,Gaming & Entertainment,28,4,Email|Verification|SMS|Voice,348843.67,166999.85,0.479,16246200,1.0175,8.4,1,84,Annual,9,False,Nurture,8445505.25
CLT0051,2023-06,Mid-Market,North America,Gaming & Entertainment,28,4,Email|Verification|SMS|Voice,181345.01,90402.18,0.499,7862787,-0.4802,8.4,1,30,Annual,1,False,Retain,2176140.12
CLT0051,2023-07,Mid-Market,North America,Gaming & Entertainment,28,4,Email|Verification|SMS|Voice,184420.84,84229.77,0.457,7839377,0.017,8.4,2,25,Annual,11,False,Nurture,2250671.93
CLT0051,2023-08,Mid-Market,North America,Gaming & Entertainment,28,4,Email|Verification|SMS|Voice,186190.29,93725.86,0.503,7913847,0.0096,8.4,4,35,Annual,11,False,Nurture,2255732.6
CLT0051,2023-09,Mid-Market,North America,Gaming & Entertainment,28,4,Email|Verification|SMS|Voice,183210.0,86129.74,0.47,7620977,-0.016,8.4,2,19,Annual,11,False,Nurture,2198520.0
CLT0051,2023-10,Mid-Market,North America,Gaming & Entertainment,28,4,Email|Verification|SMS|Voice,187329.93,81371.44,0.434,7567691,0.0225,8.4,1,36,Annual,4,False,Nurture,2298538.24
CLT0051,2023-11,Mid-Market,North America,Gaming & Entertainment,28,4,Email|Verification|SMS|Voice,187390.53,89444.99,0.477,7456476,0.0003,8.4,4,59,Annual,6,False,Nurture,2249360.97
CLT0052,2023-01,Mid-Market,LATAM,Logistics,6,2,Voice|SMS,82317.64,40959.13,0.498,1411273,0.0,7.0,1,27,Annual,10,False,Nurture,987811.68
CLT0052,2023-03,Mid-Market,LATAM,Logistics,6,2,Voice|SMS,41956.2,21296.78,0.508,705425,-0.4903,7.0,3,15,Annual,7,False,Retain,503474.4
CLT0052,2023-04,Mid-Market,LATAM,Logistics,6,2,Voice|SMS,43315.16,22250.73,0.514,710991,0.0324,7.0,6,74,Annual,3,False,Upsell,536622.85
CLT0052,2023-05,Mid-Market,LATAM,Logistics,6,2,Voice|SMS,86224.6,45117.82,0.523,1393499,0.9906,7.0,0,72,Annual,1,False,Upsell,2059664.27
CLT0052,2023-06,Mid-Market,LATAM,Logistics,6,2,Voice|SMS,45611.2,20946.1,0.459,716768,-0.471,7.0,3,78,Annual,2,False,Retain,547334.4
CLT0052,2023-07,Mid-Market,LATAM,Logistics,6,2,Voice|SMS,47930.0,23331.78,0.487,730302,0.0508,7.0,3,54,Annual,12,False,Upsell,604378.13
CLT0052,2023-08,Mid-Market,LATAM,Logistics,6,2,Voice|SMS,48641.8,23844.33,0.49,749045,0.0149,7.0,2,51,Annual,4,False,Nurture,592398.75
CLT0052,2023-09,Mid-Market,LATAM,Logistics,6,2,Voice|SMS,52268.96,24112.74,0.461,803648,0.0746,7.0,0,16,Annual,7,False,Upsell,674018.69
CLT0052,2023-10,Mid-Market,LATAM,Logistics,6,2,Voice|SMS,52900.8,28690.98,0.542,804582,0.0121,7.0,4,55,Annual,10,False,Nurture,642490.8
CLT0052,2023-11,Mid-Market,LATAM,Logistics,6,2,Voice|SMS,55230.28,22610.96,0.409,831637,0.044,7.0,6,50,Annual,9,False,Upsell,691924.95
CLT0053,2023-01,Mid-Market,APAC,Healthcare,23,3,Verification|SMS|Voice,335252.88,142590.69,0.425,5827113,0.0,7.0,3,61,Annual,12,False,Nurture,4023034.56
CLT0053,2023-03,Mid-Market,APAC,Healthcare,23,3,Verification|SMS|Voice,175387.6,68879.03,0.393,3053565,-0.4768,7.0,3,87,Annual,5,False,Retain,2104651.2
CLT0053,2023-04,Mid-Market,APAC,Healthcare,23,3,Verification|SMS|Voice,179084.72,94344.49,0.527,3061389,0.0211,7.0,1,2,Annual,4,False,Nurture,2194360.89
CLT0053,2023-05,Mid-Market,APAC,Healthcare,23,3,Verification|SMS|Voice,375974.56,179890.85,0.478,6455895,1.0994,7.0,1,27,Annual,1,False,Upsell,9471851.9
CLT0053,2023-06,Mid-Market,APAC,Healthcare,23,3,Verification|SMS|Voice,197333.36,102176.99,0.518,3378960,-0.4751,7.0,2,33,Annual,6,False,Retain,2368000.32
CLT0053,2023-07,Mid-Market,APAC,Healthcare,23,3,Verification|SMS|Voice,208803.52,113351.01,0.543,3611552,0.0581,7.0,2,36,Annual,5,False,Upsell,2651220.05
CLT0053,2023-08,Mid-Market,APAC,Healthcare,23,3,Verification|SMS|Voice,207362.76,97981.82,0.473,3556167,-0.0069,7.0,2,9,Annual,1,False,Nurture,2488353.12
CLT0053,2023-09,Mid-Market,APAC,Healthcare,23,3,Verification|SMS|Voice,215342.16,102925.58,0.478,3710062,0.0385,7.0,2,50,Annual,2,False,Upsell,2683594.0
CLT0053,2023-10,Mid-Market,APAC,Healthcare,23,3,Verification|SMS|Voice,221804.72,106579.38,0.481,3788082,0.03,7.0,2,56,Annual,7,False,Nurture,2741506.34
CLT0053,2023-11,Mid-Market,APAC,Healthcare,23,3,Verification|SMS|Voice,235342.88,110913.86,0.471,4050676,0.061,7.0,4,34,Annual,10,False,Upsell,2996385.55
CLT0054,2023-01,Mid-Market,LATAM,Fintech,28,2,Verification|Voice,282401.68,151032.69,0.535,2824223,0.0,7.0,2,60,Annual,1,False,Nurture,3388820.16
CLT0054,2023-03,Mid-Market,LATAM,Fintech,28,2,Verification|Voice,142239.44,64904.02,0.456,1438782,-0.4963,7.0,0,4,Annual,11,False,Retain,1706873.28
CLT0054,2023-04,Mid-Market,LATAM,Fintech,28,2,Verification|Voice,139727.16,74120.19,0.53,1427100,-0.0177,7.0,2,70,Annual,5,False,Nurture,1676725.92
CLT0054,2023-05,Mid-Market,LATAM,Fintech,28,2,Verification|Voice,297074.64,143755.98,0.484,3060092,1.1261,7.0,2,38,Annual,12,False,Upsell,7579324.71
CLT0054,2023-06,Mid-Market,LATAM,Fintech,28,2,Verification|Voice,157685.28,83528.18,0.53,1636193,-0.4692,7.0,3,43,Annual,9,False,Retain,1892223.36
CLT0054,2023-07,Mid-Market,LATAM,Fintech,28,2,Verification|Voice,163126.8,74611.26,0.457,1709382,0.0345,7.0,2,4,Annual,2,False,Upsell,2025056.1
CLT0054,2023-08,Mid-Market,LATAM,Fintech,28,2,Verification|Voice,165208.68,79085.11,0.479,1738788,0.0128,7.0,3,43,Annual,12,False,Nurture,2007880.21
CLT0054,2023-09,Mid-Market,LATAM,Fintech,28,2,Verification|Voice,167842.24,86004.48,0.512,1769138,0.0159,7.0,2,84,Annual,2,False,Nurture,2046131.18
CLT0054,2023-10,Mid-Market,LATAM,Fintech,28,2,Verification|Voice,168081.72,80781.23,0.481,1772725,0.0014,7.0,4,63,Annual,7,False,Nurture,2019804.41
CLT0054,2023-11,Mid-Market,LATAM,Fintech,28,2,Verification|Voice,161985.56,71970.24,0.444,1727387,-0.0363,7.0,1,39,Annual,3,False,Nurture,1943826.72
CLT0055,2023-01,SMB,UK & Ireland,Technology & SaaS,8,2,SMS|Email,74653.84,40323.33,0.54,2287647,0.0,4.2,1,75,Monthly,7,False,Retain,895846.08
CLT0055,2023-03,SMB,UK & Ireland,Technology & SaaS,8,2,SMS|Email,37500.76,14571.07,0.389,1167161,-0.4977,4.2,1,89,Monthly,3,False,Retain,450009.12
CLT0055,2023-04,SMB,UK & Ireland,Technology & SaaS,8,2,SMS|Email,42143.14,21396.22,0.508,1287913,0.1238,4.2,1,67,Monthly,1,False,Retain,568325.53
CLT0055,2023-05,SMB,UK & Ireland,Technology & SaaS,8,2,SMS|Email,86137.09,43120.73,0.501,2652136,1.0439,4.2,2,76,Monthly,3,False,Retain,2112667.18
CLT0055,2023-06,SMB,UK & Ireland,Technology & SaaS,8,2,SMS|Email,45018.23,24450.2,0.543,1404867,-0.4774,4.2,3,38,Monthly,2,False,Retain,540218.76
CLT0055,2023-07,SMB,UK & Ireland,Technology & SaaS,8,2,SMS|Email,46359.64,25541.99,0.551,1464645,0.0298,4.2,7,16,Monthly,6,False,Retain,572893.89
CLT0055,2023-08,SMB,UK & Ireland,Technology & SaaS,8,2,SMS|Email,47484.92,17554.44,0.37,1495025,0.0243,4.2,3,1,Monthly,6,False,Retain,583665.64
CLT0055,2023-09,SMB,UK & Ireland,Technology & SaaS,8,2,SMS|Email,49071.16,28906.83,0.589,1552965,0.0334,4.2,2,3,Monthly,11,False,Retain,608521.64
CLT0055,2023-10,SMB,UK & Ireland,Technology & SaaS,8,2,SMS|Email,53392.04,23569.16,0.441,1670381,0.0881,4.2,2,79,Monthly,7,False,Retain,697150.54
CLT0055,2023-11,SMB,UK & Ireland,Technology & SaaS,8,2,SMS|Email,51495.25,25281.04,0.491,1625258,-0.0355,4.2,2,79,Monthly,10,False,Retain,617943.0
CLT0056,2023-01,Enterprise,LATAM,Logistics,49,3,Voice|WhatsApp Business|SMS,1345297.36,678238.99,0.504,14609485,0.0,8.6,1,54,Multi-year,2,False,Expand,16143568.32
CLT0056,2023-03,Enterprise,LATAM,Logistics,49,3,Voice|WhatsApp Business|SMS,683117.52,360284.77,0.527,7694714,-0.4922,8.6,1,25,Multi-year,2,False,Retain,8197410.24
CLT0056,2023-04,Enterprise,LATAM,Logistics,49,3,Voice|WhatsApp Business|SMS,693089.66,382070.88,0.551,7708039,0.0146,8.6,3,43,Multi-year,3,False,Expand,8438505.23
CLT0056,2023-05,Enterprise,LATAM,Logistics,49,3,Voice|WhatsApp Business|SMS,1397295.16,712952.59,0.51,15068106,1.016,8.6,3,43,Multi-year,6,False,Upsell,33803364.51
CLT0056,2023-06,Enterprise,LATAM,Logistics,49,3,Voice|WhatsApp Business|SMS,701824.44,299772.62,0.427,7392691,-0.4977,8.6,3,21,Multi-year,12,False,Retain,8421893.28
CLT0056,2023-07,Enterprise,LATAM,Logistics,49,3,Voice|WhatsApp Business|SMS,726676.74,373771.89,0.514,7543146,0.0354,8.6,2,32,Multi-year,12,False,Upsell,9028813.16
CLT0056,2023-08,Enterprise,LATAM,Logistics,49,3,Voice|WhatsApp Business|SMS,736264.79,379027.84,0.515,8037634,0.0132,8.6,4,21,Multi-year,3,False,Expand,8951801.82
CLT0056,2023-09,Enterprise,LATAM,Logistics,49,3,Voice|WhatsApp Business|SMS,726685.67,292700.71,0.403,7715494,-0.013,8.6,2,85,Multi-year,9,False,Nurture,8720228.04
CLT0056,2023-10,Enterprise,LATAM,Logistics,49,3,Voice|WhatsApp Business|SMS,750755.41,364775.74,0.486,8176485,0.0331,8.6,2,7,Multi-year,6,False,Upsell,9307264.97
CLT0056,2023-11,Enterprise,LATAM,Logistics,49,3,Voice|WhatsApp Business|SMS,768639.12,298264.45,0.388,8482068,0.0238,8.6,2,65,Multi-year,9,False,Expand,9443192.77
CLT0057,2023-01,Enterprise,Southern Europe,Fintech,22,2,Voice|Verification,221746.0,102593.65,0.463,2442876,0.0,8.2,1,25,Multi-year,8,False,Nurture,2660952.0
CLT0057,2023-03,Enterprise,Southern Europe,Fintech,22,2,Voice|Verification,117865.92,44290.06,0.376,1301458,-0.4685,8.2,2,83,Multi-year,8,False,Retain,1414391.04
CLT0057,2023-04,Enterprise,Southern Europe,Fintech,22,2,Voice|Verification,122820.12,62530.43,0.509,1361215,0.042,8.2,0,82,Multi-year,5,False,Upsell,1535742.78
CLT0057,2023-05,Enterprise,Southern Europe,Fintech,22,2,Voice|Verification,258601.92,122372.3,0.473,2878247,1.1055,8.2,3,31,Multi-year,6,False,Upsell,6533836.11
CLT0057,2023-06,Enterprise,Southern Europe,Fintech,22,2,Voice|Verification,133186.32,64709.65,0.486,1476296,-0.485,8.2,3,35,Multi-year,12,False,Retain,1598235.84
CLT0057,2023-07,Enterprise,Southern Europe,Fintech,22,2,Voice|Verification,137548.28,68735.65,0.5,1536093,0.0328,8.2,3,8,Multi-year,12,False,Upsell,1704718.36
CLT0057,2023-08,Enterprise,Southern Europe,Fintech,22,2,Voice|Verification,144786.28,76712.74,0.53,1636777,0.0526,8.2,3,40,Multi-year,8,False,Upsell,1828824.46
CLT0057,2023-09,Enterprise,Southern Europe,Fintech,22,2,Voice|Verification,148030.24,73666.45,0.498,1679240,0.0224,8.2,1,52,Multi-year,3,False,Nurture,1816153.41
CLT0057,2023-10,Enterprise,Southern Europe,Fintech,22,2,Voice|Verification,144507.24,62169.15,0.43,1641182,-0.0238,8.2,1,44,Multi-year,12,False,Nurture,1734086.88
CLT0057,2023-11,Enterprise,Southern Europe,Fintech,22,2,Voice|Verification,152714.12,75871.7,0.497,1744673,0.0568,8.2,2,87,Multi-year,4,False,Upsell,1936659.38
CLT0058,2023-01,Mid-Market,Southern Europe,Gaming & Entertainment,15,2,SMS|Verification,192091.92,87985.37,0.458,3674791,0.0,6.9,2,77,Annual,6,False,Nurture,2305103.04
CLT0058,2023-03,Mid-Market,Southern Europe,Gaming & Entertainment,15,2,SMS|Verification,94393.08,40340.15,0.427,1789397,-0.5086,6.9,0,6,Annual,2,False,Retain,1132716.96
CLT0058,2023-04,Mid-Market,Southern Europe,Gaming & Entertainment,15,2,SMS|Verification,95242.92,50683.58,0.532,1797901,0.009,6.9,0,12,Annual,2,False,Nurture,1153201.28
CLT0058,2023-05,Mid-Market,Southern Europe,Gaming & Entertainment,15,2,SMS|Verification,191726.24,97907.6,0.511,3536493,1.013,6.9,0,43,Annual,3,False,Nurture,4631339.05
CLT0058,2023-06,Mid-Market,Southern Europe,Gaming & Entertainment,15,2,SMS|Verification,99923.64,41046.07,0.411,1815595,-0.4788,6.9,2,42,Annual,6,False,Retain,1199083.68
CLT0058,2023-07,Mid-Market,Southern Europe,Gaming & Entertainment,15,2,SMS|Verification,105175.72,44208.4,0.42,1912349,0.0526,6.9,1,65,Annual,11,False,Nurture,1328495.55
CLT0058,2023-08,Mid-Market,Southern Europe,Gaming & Entertainment,15,2,SMS|Verification,107894.0,46502.16,0.431,1964236,0.0258,6.9,3,56,Annual,3,False,Nurture,1328131.98
CLT0058,2023-09,Mid-Market,Southern Europe,Gaming & Entertainment,15,2,SMS|Verification,110271.88,64857.38,0.588,1968350,0.022,6.9,1,60,Annual,8,False,Nurture,1352374.34
CLT0058,2023-10,Mid-Market,Southern Europe,Gaming & Entertainment,15,2,SMS|Verification,112311.76,49645.53,0.442,1991397,0.0185,6.9,2,70,Annual,9,False,Nurture,1372674.33
CLT0058,2023-11,Mid-Market,Southern Europe,Gaming & Entertainment,15,2,SMS|Verification,111478.2,49037.73,0.44,1983118,-0.0074,6.9,3,69,Annual,3,False,Nurture,1337738.4
CLT0059,2023-01,Enterprise,DACH,Retail & E-commerce,29,4,Email|SMS|Voice|WhatsApp Business,603393.84,269163.2,0.446,22583182,0.0,7.2,1,52,Multi-year,1,False,Expand,7240726.08
CLT0059,2023-03,Enterprise,DACH,Retail & E-commerce,29,4,Email|SMS|Voice|WhatsApp Business,322540.13,140165.34,0.435,12148742,-0.4655,7.2,4,29,Multi-year,2,False,Retain,3870481.56
CLT0059,2023-04,Enterprise,DACH,Retail & E-commerce,29,4,Email|SMS|Voice|WhatsApp Business,326902.5,163039.48,0.499,12517192,0.0135,7.2,1,57,Multi-year,5,False,Expand,3975788.2
CLT0059,2023-05,Enterprise,DACH,Retail & E-commerce,29,4,Email|SMS|Voice|WhatsApp Business,680994.27,310854.24,0.456,27086170,1.0832,7.2,2,69,Multi-year,10,False,Expand,17023767.16
CLT0059,2023-06,Enterprise,DACH,Retail & E-commerce,29,4,Email|SMS|Voice|WhatsApp Business,350960.35,154340.62,0.44,14576381,-0.4846,7.2,1,3,Multi-year,4,False,Retain,4211524.2
CLT0059,2023-07,Enterprise,DACH,Retail & E-commerce,29,4,Email|SMS|Voice|WhatsApp Business,367625.07,164007.87,0.446,15389533,0.0475,7.2,4,3,Multi-year,5,False,Expand,4621047.13
CLT0059,2023-08,Enterprise,DACH,Retail & E-commerce,29,4,Email|SMS|Voice|WhatsApp Business,378786.58,201787.34,0.533,16956757,0.0304,7.2,4,46,Multi-year,9,False,Expand,4683620.3
CLT0059,2023-09,Enterprise,DACH,Retail & E-commerce,29,4,Email|SMS|Voice|WhatsApp Business,396174.21,185487.53,0.468,18305135,0.0459,7.2,0,65,Multi-year,1,False,Expand,4972303.27
CLT0059,2023-10,Enterprise,DACH,Retail & E-commerce,29,4,Email|SMS|Voice|WhatsApp Business,406523.8,186403.94,0.459,19241688,0.0261,7.2,3,76,Multi-year,8,False,Expand,5005608.85
CLT0059,2023-11,Enterprise,DACH,Retail & E-commerce,29,4,Email|SMS|Voice|WhatsApp Business,417851.04,191015.17,0.457,20786030,0.0279,7.2,1,16,Multi-year,9,False,Expand,5154109.01
CLT0060,2023-01,Mid-Market,LATAM,Retail & E-commerce,20,3,SMS|Email|WhatsApp Business,175990.75,84406.65,0.48,9100533,0.0,8.3,2,56,Annual,2,False,Nurture,2111889.0
CLT0060,2023-03,Mid-Market,LATAM,Retail & E-commerce,20,3,SMS|Email|WhatsApp Business,92990.62,40640.82,0.437,4603818,-0.4716,8.3,0,40,Annual,3,False,Retain,1115887.44
CLT0060,2023-04,Mid-Market,LATAM,Retail & E-commerce,20,3,SMS|Email|WhatsApp Business,95215.3,44012.0,0.462,4673925,0.0239,8.3,2,23,Annual,10,False,Nurture,1169891.35
CLT0060,2023-05,Mid-Market,LATAM,Retail & E-commerce,20,3,SMS|Email|WhatsApp Business,206482.22,110014.12,0.533,9240082,1.1686,8.3,3,29,Annual,6,False,Upsell,5373328.11
CLT0060,2023-06,Mid-Market,LATAM,Retail & E-commerce,20,3,SMS|Email|WhatsApp Business,111727.4,53150.08,0.476,4734753,-0.4589,8.3,0,90,Annual,6,False,Retain,1340728.8
CLT0060,2023-07,Mid-Market,LATAM,Retail & E-commerce,20,3,SMS|Email|WhatsApp Business,117138.68,51045.17,0.436,4779024,0.0484,8.3,4,89,Annual,5,False,Upsell,1473698.31
CLT0060,2023-08,Mid-Market,LATAM,Retail & E-commerce,20,3,SMS|Email|WhatsApp Business,121677.5,57881.45,0.476,4881822,0.0387,8.3,0,85,Annual,12,False,Upsell,1516637.03
CLT0060,2023-09,Mid-Market,LATAM,Retail & E-commerce,20,3,SMS|Email|WhatsApp Business,129578.23,63306.23,0.489,5195907,0.0649,8.3,6,47,Annual,10,False,Upsell,1655854.29
CLT0060,2023-10,Mid-Market,LATAM,Retail & E-commerce,20,3,SMS|Email|WhatsApp Business,136046.16,63364.49,0.466,5454988,0.0499,8.3,4,24,Annual,1,False,Upsell,1714018.36
CLT0060,2023-11,Mid-Market,LATAM,Retail & E-commerce,20,3,SMS|Email|WhatsApp Business,144621.94,73109.55,0.506,5391868,0.063,8.3,7,42,Annual,12,False,Upsell,1844797.47
CLT0061,2023-01,SMB,LATAM,Logistics,5,2,SMS|Voice,35356.72,14925.49,0.422,812960,0.0,6.3,0,46,Monthly,10,False,Nurture,424280.64
CLT0061,2023-03,SMB,LATAM,Logistics,5,2,SMS|Voice,19874.48,9831.9,0.495,454836,-0.4379,6.3,2,53,Monthly,8,False,Retain,238493.76
CLT0061,2023-04,SMB,LATAM,Logistics,5,2,SMS|Voice,19775.2,9720.43,0.492,450312,-0.005,6.3,0,42,Monthly,8,False,Nurture,237302.4
CLT0061,2023-05,SMB,LATAM,Logistics,5,2,SMS|Voice,41558.64,19695.09,0.474,938094,1.1016,6.3,1,64,Monthly,10,False,Nurture,1048075.65
CLT0061,2023-06,SMB,LATAM,Logistics,5,2,SMS|Voice,21801.8,12539.33,0.575,491167,-0.4754,6.3,2,78,Monthly,2,False,Retain,261621.6
CLT0061,2023-07,SMB,LATAM,Logistics,5,2,SMS|Voice,23355.2,10909.56,0.467,528438,0.0713,6.3,2,14,Monthly,11,False,Nurture,300245.11
CLT0061,2023-08,SMB,LATAM,Logistics,5,2,SMS|Voice,24070.68,9040.17,0.376,540909,0.0306,6.3,2,25,Monthly,8,False,Nurture,297686.91
CLT0061,2023-09,SMB,LATAM,Logistics,5,2,SMS|Voice,25476.64,10986.88,0.431,569006,0.0584,6.3,1,76,Monthly,9,False,Nurture,323573.71
CLT0061,2023-10,SMB,LATAM,Logistics,5,2,SMS|Voice,28363.16,11514.52,0.406,636349,0.1133,6.3,4,29,Monthly,1,False,Nurture,378920.47
CLT0061,2023-11,SMB,LATAM,Logistics,5,2,SMS|Voice,28972.2,11308.18,0.39,650609,0.0215,6.3,2,40,Monthly,6,False,Nurture,355141.23
CLT0062,2023-01,SMB,UK & Ireland,Logistics,17,3,WhatsApp Business|Voice|SMS,186532.05,89998.13,0.482,2025974,0.0,5.1,3,60,Monthly,7,False,Retain,2238384.6
CLT0062,2023-03,SMB,UK & Ireland,Logistics,17,3,WhatsApp Business|Voice|SMS,96142.68,47653.64,0.496,1109584,-0.4846,5.1,2,19,Monthly,8,False,Retain,1153712.16
CLT0062,2023-04,SMB,UK & Ireland,Logistics,17,3,WhatsApp Business|Voice|SMS,97562.99,43958.44,0.451,1133632,0.0148,5.1,3,33,Monthly,6,False,Retain,1188083.07
CLT0062,2023-05,SMB,UK & Ireland,Logistics,17,3,WhatsApp Business|Voice|SMS,214400.24,113253.4,0.528,2519713,1.1976,5.1,1,88,Monthly,2,False,Retain,5653991.61
CLT0062,2023-06,SMB,UK & Ireland,Logistics,17,3,WhatsApp Business|Voice|SMS,112563.59,55665.82,0.495,1352625,-0.475,5.1,2,12,Monthly,7,False,Retain,1350763.08
CLT0062,2023-07,SMB,UK & Ireland,Logistics,17,3,WhatsApp Business|Voice|SMS,117335.6,57354.96,0.489,1453017,0.0424,5.1,5,1,Monthly,9,False,Retain,1467727.55
CLT0062,2023-08,SMB,UK & Ireland,Logistics,17,3,WhatsApp Business|Voice|SMS,120161.54,55451.63,0.461,1521573,0.0241,5.1,3,73,Monthly,6,False,Retain,1476689.2
CLT0062,2023-09,SMB,UK & Ireland,Logistics,17,3,WhatsApp Business|Voice|SMS,124726.82,52575.82,0.422,1617051,0.038,5.1,2,68,Monthly,10,False,Retain,1553597.27
CLT0062,2023-10,SMB,UK & Ireland,Logistics,17,3,WhatsApp Business|Voice|SMS,122203.31,62192.84,0.509,1662291,-0.0202,5.1,0,60,Monthly,1,False,Retain,1466439.72
CLT0062,2023-11,SMB,UK & Ireland,Logistics,17,3,WhatsApp Business|Voice|SMS,123929.66,54788.53,0.442,1727696,0.0141,5.1,1,14,Monthly,6,False,Retain,1508124.82
CLT0063,2023-01,Enterprise,APAC,Fintech,54,2,Voice|SMS,370797.04,177409.97,0.478,5197556,0.0,8.5,2,85,Multi-year,3,False,Nurture,4449564.48
CLT0063,2023-03,Enterprise,APAC,Fintech,54,2,Voice|SMS,193015.52,84444.66,0.438,2697350,-0.4795,8.5,4,24,Multi-year,2,False,Retain,2316186.24
CLT0063,2023-04,Enterprise,APAC,Fintech,54,2,Voice|SMS,193083.68,94608.56,0.49,2735974,0.0004,8.5,1,27,Multi-year,4,False,Nurture,2317930.96
CLT0063,2023-05,Enterprise,APAC,Fintech,54,2,Voice|SMS,398968.24,199576.29,0.5,5616468,1.0663,8.5,5,49,Multi-year,12,False,Upsell,9892656.89
CLT0063,2023-06,Enterprise,APAC,Fintech,54,2,Voice|SMS,208198.88,124097.89,0.596,2914462,-0.4782,8.5,3,67,Multi-year,10,False,Retain,2498386.56
CLT0063,2023-07,Enterprise,APAC,Fintech,54,2,Voice|SMS,216983.16,99606.39,0.459,3054049,0.0422,8.5,2,49,Multi-year,1,False,Upsell,2713678.19
CLT0063,2023-08,Enterprise,APAC,Fintech,54,2,Voice|SMS,228418.6,91773.52,0.402,3240077,0.0527,8.5,5,1,Multi-year,9,False,Upsell,2885475.12
CLT0063,2023-09,Enterprise,APAC,Fintech,54,2,Voice|SMS,240014.84,129371.69,0.539,3372439,0.0508,8.5,3,26,Multi-year,5,False,Upsell,3026491.13
CLT0063,2023-10,Enterprise,APAC,Fintech,54,2,Voice|SMS,255238.6,137011.44,0.537,3543913,0.0634,8.5,1,59,Multi-year,7,False,Upsell,3257048.73
CLT0063,2023-11,Enterprise,APAC,Fintech,54,2,Voice|SMS,259422.2,147253.41,0.568,3595721,0.0164,8.5,2,88,Multi-year,12,False,Nurture,3164120.69
CLT0064,2023-01,Mid-Market,Nordics,Logistics,21,2,SMS|WhatsApp Business,204934.0,105438.35,0.514,3243286,0.0,6.8,3,10,Annual,3,False,Nurture,2459208.0
CLT0064,2023-03,Mid-Market,Nordics,Logistics,21,2,SMS|WhatsApp Business,107440.6,41459.69,0.386,1665505,-0.4757,6.8,0,86,Annual,9,False,Retain,1289287.2
CLT0064,2023-04,Mid-Market,Nordics,Logistics,21,2,SMS|WhatsApp Business,104653.4,56037.87,0.535,1573844,-0.0259,6.8,2,82,Annual,10,False,Nurture,1255840.8
CLT0064,2023-05,Mid-Market,Nordics,Logistics,21,2,SMS|WhatsApp Business,214888.99,100542.02,0.468,3186658,1.0533,6.8,3,67,Annual,10,False,Nurture,5294778.76
CLT0064,2023-06,Mid-Market,Nordics,Logistics,21,2,SMS|WhatsApp Business,115191.05,54290.78,0.471,1652525,-0.464,6.8,2,80,Annual,12,False,Retain,1382292.6
CLT0064,2023-07,Mid-Market,Nordics,Logistics,21,2,SMS|WhatsApp Business,124300.65,65241.93,0.525,1842627,0.0791,6.8,0,30,Annual,1,False,Nurture,1609593.98
CLT0064,2023-08,Mid-Market,Nordics,Logistics,21,2,SMS|WhatsApp Business,132524.44,48653.83,0.367,1900462,0.0662,6.8,1,88,Annual,8,False,Nurture,1695570.7
CLT0064,2023-09,Mid-Market,Nordics,Logistics,21,2,SMS|WhatsApp Business,135183.14,76248.59,0.564,1859447,0.0201,6.8,1,36,Annual,7,False,Nurture,1654803.85
CLT0064,2023-10,Mid-Market,Nordics,Logistics,21,2,SMS|WhatsApp Business,139907.67,56243.11,0.402,1882101,0.0349,6.8,2,14,Annual,12,False,Nurture,1737485.37
CLT0064,2023-11,Mid-Market,Nordics,Logistics,21,2,SMS|WhatsApp Business,139859.6,73357.73,0.525,1786766,-0.0003,6.8,2,15,Annual,12,False,Nurture,1678315.2
CLT0065,2023-01,SMB,LATAM,Retail & E-commerce,18,1,WhatsApp Business,22779.9,11540.99,0.507,41418,0.0,6.9,7,93,Annual,12,True,Retain,273358.8
CLT0065,2023-03,SMB,LATAM,Retail & E-commerce,18,1,WhatsApp Business,10194.25,4092.56,0.401,18535,-0.5525,6.9,2,176,Annual,10,True,Retain,122331.0
CLT0065,2023-04,SMB,LATAM,Retail & E-commerce,18,1,WhatsApp Business,10167.3,3920.53,0.386,18486,-0.0026,6.9,1,152,Annual,10,True,Retain,122007.6
CLT0065,2023-05,SMB,LATAM,Retail & E-commerce,18,1,WhatsApp Business,18647.75,7926.25,0.425,33905,0.8341,6.9,3,62,Annual,8,True,Retain,410422.06
CLT0065,2023-06,SMB,LATAM,Retail & E-commerce,18,1,WhatsApp Business,8528.85,4342.8,0.509,15507,-0.5426,6.9,3,56,Annual,11,True,Retain,102346.2
CLT0065,2023-07,SMB,LATAM,Retail & E-commerce,18,1,WhatsApp Business,8798.9,4224.84,0.48,15998,0.0317,6.9,1,114,Annual,12,True,Retain,108933.9
CLT0065,2023-08,SMB,LATAM,Retail & E-commerce,18,1,WhatsApp Business,8916.6,4289.42,0.481,16212,0.0134,6.9,7,130,Annual,1,True,Retain,108432.99
CLT0065,2023-09,SMB,LATAM,Retail & E-commerce,18,1,WhatsApp Business,8569.55,4652.53,0.543,15581,-0.0389,6.9,6,86,Annual,4,True,Retain,102834.6
CLT0065,2023-10,SMB,LATAM,Retail & E-commerce,18,1,WhatsApp Business,8583.3,4288.32,0.5,15606,0.0016,6.9,5,163,Annual,11,True,Retain,103164.4
CLT0065,2023-11,SMB,LATAM,Retail & E-commerce,18,1,WhatsApp Business,8144.4,3323.28,0.408,14808,-0.0511,6.9,9,154,Annual,12,True,Retain,97732.8
CLT0066,2023-01,Enterprise,UK & Ireland,Retail & E-commerce,57,4,WhatsApp Business|Voice|Email|SMS,755431.88,357194.29,0.473,31917406,0.0,8.2,4,70,Multi-year,9,False,Expand,9065182.56
CLT0066,2023-03,Enterprise,UK & Ireland,Retail & E-commerce,57,4,WhatsApp Business|Voice|Email|SMS,392170.5,196164.64,0.5,16465027,-0.4809,8.2,4,87,Multi-year,6,False,Retain,4706046.0
CLT0066,2023-04,Enterprise,UK & Ireland,Retail & E-commerce,57,4,WhatsApp Business|Voice|Email|SMS,393662.42,170895.23,0.434,17047076,0.0038,8.2,1,19,Multi-year,9,False,Expand,4741900.05
CLT0066,2023-05,Enterprise,UK & Ireland,Retail & E-commerce,57,4,WhatsApp Business|Voice|Email|SMS,803272.43,418915.48,0.522,37897998,1.0405,8.2,1,47,Multi-year,12,False,Expand,19668928.72
CLT0066,2023-06,Enterprise,UK & Ireland,Retail & E-commerce,57,4,WhatsApp Business|Voice|Email|SMS,419964.98,179131.68,0.427,19867390,-0.4772,8.2,3,83,Multi-year,9,False,Retain,5039579.76
CLT0066,2023-07,Enterprise,UK & Ireland,Retail & E-commerce,57,4,WhatsApp Business|Voice|Email|SMS,441309.46,197893.55,0.448,21107598,0.0508,8.2,7,79,Multi-year,9,False,Expand,5564735.77
CLT0066,2023-08,Enterprise,UK & Ireland,Retail & E-commerce,57,4,WhatsApp Business|Voice|Email|SMS,464044.28,261955.64,0.565,21228192,0.0515,8.2,7,51,Multi-year,9,False,Expand,5855310.73
CLT0066,2023-09,Enterprise,UK & Ireland,Retail & E-commerce,57,4,WhatsApp Business|Voice|Email|SMS,476560.3,226406.62,0.475,22720977,0.027,8.2,1,84,Multi-year,2,False,Expand,5873129.14
CLT0066,2023-10,Enterprise,UK & Ireland,Retail & E-commerce,57,4,WhatsApp Business|Voice|Email|SMS,485685.95,259330.74,0.534,24044452,0.0191,8.2,2,70,Multi-year,5,False,Expand,5939550.62
CLT0066,2023-11,Enterprise,UK & Ireland,Retail & E-commerce,57,4,WhatsApp Business|Voice|Email|SMS,478958.44,226958.13,0.474,24833830,-0.0139,8.2,3,31,Multi-year,10,False,Nurture,5747501.28
CLT0067,2023-01,SMB,North America,Fintech,8,2,SMS|Verification,125242.2,57613.29,0.46,2658573,0.0,6.6,6,149,Annual,7,True,Retain,1502906.4
CLT0067,2023-03,SMB,North America,Fintech,8,2,SMS|Verification,55668.44,27040.85,0.486,1172198,-0.5555,6.6,5,92,Annual,1,True,Retain,668021.28
CLT0067,2023-04,SMB,North America,Fintech,8,2,SMS|Verification,51005.96,26551.68,0.521,1061846,-0.0838,6.6,3,175,Annual,1,True,Retain,612071.52
CLT0067,2023-05,SMB,North America,Fintech,8,2,SMS|Verification,99953.0,51099.57,0.511,2054087,0.9596,6.6,7,31,Annual,8,True,Retain,2350414.79
CLT0067,2023-06,SMB,North America,Fintech,8,2,SMS|Verification,44311.96,17973.18,0.406,901089,-0.5567,6.6,5,90,Annual,8,True,Retain,531743.52
CLT0067,2023-07,SMB,North America,Fintech,8,2,SMS|Verification,43607.2,23767.58,0.545,876838,-0.0159,6.6,8,180,Annual,5,True,Retain,523286.4
CLT0067,2023-08,SMB,North America,Fintech,8,2,SMS|Verification,41572.6,19857.11,0.478,836299,-0.0467,6.6,5,179,Annual,10,True,Retain,498871.2
CLT0067,2023-09,SMB,North America,Fintech,8,2,SMS|Verification,41946.36,20781.68,0.495,850802,0.009,6.6,1,106,Annual,5,True,Retain,507886.53
CLT0067,2023-10,SMB,North America,Fintech,8,2,SMS|Verification,40291.64,23222.19,0.576,817096,-0.0394,6.6,8,110,Annual,8,True,Retain,483499.68
CLT0067,2023-11,SMB,North America,Fintech,8,2,SMS|Verification,39242.0,17132.43,0.437,801102,-0.0261,6.6,1,94,Annual,5,True,Retain,470904.0
CLT0068,2023-01,Mid-Market,North America,Healthcare,28,3,Verification|WhatsApp Business|Voice,101003.34,50465.58,0.5,840688,0.0,7.3,0,36,Annual,2,False,Nurture,1212040.08
CLT0068,2023-03,Mid-Market,North America,Healthcare,28,3,Verification|WhatsApp Business|Voice,50532.63,28453.85,0.563,408960,-0.4997,7.3,1,6,Annual,8,False,Retain,606391.56
CLT0068,2023-04,Mid-Market,North America,Healthcare,28,3,Verification|WhatsApp Business|Voice,52272.52,24326.4,0.465,421296,0.0344,7.3,3,52,Annual,10,False,Upsell,648848.34
CLT0068,2023-05,Mid-Market,North America,Healthcare,28,3,Verification|WhatsApp Business|Voice,104941.1,54746.33,0.522,824986,1.0076,7.3,1,22,Annual,12,False,Upsell,2528157.03
CLT0068,2023-06,Mid-Market,North America,Healthcare,28,3,Verification|WhatsApp Business|Voice,51255.02,24404.79,0.476,395760,-0.5116,7.3,3,55,Annual,3,False,Retain,615060.24
CLT0068,2023-07,Mid-Market,North America,Healthcare,28,3,Verification|WhatsApp Business|Voice,53532.48,28749.53,0.537,413360,0.0444,7.3,1,50,Annual,11,False,Upsell,670911.87
CLT0068,2023-08,Mid-Market,North America,Healthcare,28,3,Verification|WhatsApp Business|Voice,53595.11,25214.32,0.47,410576,0.0012,7.3,3,44,Annual,5,False,Nurture,643913.09
CLT0068,2023-09,Mid-Market,North America,Healthcare,28,3,Verification|WhatsApp Business|Voice,54882.56,29931.12,0.545,420578,0.024,7.3,1,84,Annual,4,False,Nurture,674396.9
CLT0068,2023-10,Mid-Market,North America,Healthcare,28,3,Verification|WhatsApp Business|Voice,54243.67,21761.14,0.401,409871,-0.0116,7.3,4,39,Annual,8,False,Nurture,650924.04
CLT0068,2023-11,Mid-Market,North America,Healthcare,28,3,Verification|WhatsApp Business|Voice,55199.72,25518.55,0.462,416810,0.0176,7.3,1,46,Annual,10,False,Nurture,674054.82
CLT0069,2023-01,Enterprise,LATAM,Technology & SaaS,44,4,Email|Voice|Verification|SMS,514597.47,254485.35,0.495,20230173,0.0,7.6,6,14,Annual,12,False,Expand,6175169.64
CLT0069,2023-03,Enterprise,LATAM,Technology & SaaS,44,4,Email|Voice|Verification|SMS,282370.38,120955.85,0.428,11206861,-0.4513,7.6,6,51,Annual,1,False,Retain,3388444.56
CLT0069,2023-04,Enterprise,LATAM,Technology & SaaS,44,4,Email|Voice|Verification|SMS,297603.84,129443.34,0.435,11589732,0.0539,7.6,3,34,Annual,4,False,Expand,3763736.24
CLT0069,2023-05,Enterprise,LATAM,Technology & SaaS,44,4,Email|Voice|Verification|SMS,635384.51,298217.85,0.469,25303636,1.135,7.6,1,44,Annual,10,False,Expand,16278551.15
CLT0069,2023-06,Enterprise,LATAM,Technology & SaaS,44,4,Email|Voice|Verification|SMS,345516.93,145695.6,0.422,13721681,-0.4562,7.6,1,84,Annual,9,False,Retain,4146203.16
CLT0069,2023-07,Enterprise,LATAM,Technology & SaaS,44,4,Email|Voice|Verification|SMS,360469.54,148467.92,0.412,14049893,0.0433,7.6,2,27,Annual,10,False,Expand,4512934.45
CLT0069,2023-08,Enterprise,LATAM,Technology & SaaS,44,4,Email|Voice|Verification|SMS,382216.87,189469.33,0.496,14848710,0.0603,7.6,2,67,Annual,6,False,Expand,4863174.57
CLT0069,2023-09,Enterprise,LATAM,Technology & SaaS,44,4,Email|Voice|Verification|SMS,384358.15,190571.53,0.496,14316252,0.0056,7.6,0,81,Annual,11,False,Expand,4638126.67
CLT0069,2023-10,Enterprise,LATAM,Technology & SaaS,44,4,Email|Voice|Verification|SMS,383035.04,181771.67,0.475,14648374,-0.0034,7.6,2,73,Annual,12,False,Nurture,4596420.48
CLT0069,2023-11,Enterprise,LATAM,Technology & SaaS,44,4,Email|Voice|Verification|SMS,389400.52,196998.77,0.506,14600473,0.0166,7.6,1,7,Annual,8,False,Expand,4750374.82
CLT0070,2023-01,Mid-Market,UK & Ireland,Retail & E-commerce,23,3,SMS|WhatsApp Business|Email,303935.49,143561.16,0.472,12278937,0.0,7.8,5,78,Monthly,12,False,Retain,3647225.88
CLT0070,2023-03,Mid-Market,UK & Ireland,Retail & E-commerce,23,3,SMS|WhatsApp Business|Email,145017.16,61470.08,0.424,5932761,-0.5229,7.8,1,74,Monthly,7,False,Retain,1740205.92
CLT0070,2023-04,Mid-Market,UK & Ireland,Retail & E-commerce,23,3,SMS|WhatsApp Business|Email,149839.45,78291.32,0.523,5873312,0.0333,7.8,1,47,Monthly,9,False,Upsell,1857949.24
CLT0070,2023-05,Mid-Market,UK & Ireland,Retail & E-commerce,23,3,SMS|WhatsApp Business|Email,315958.49,162570.27,0.515,12011179,1.1086,7.8,2,41,Monthly,8,False,Upsell,7994760.86
CLT0070,2023-06,Mid-Market,UK & Ireland,Retail & E-commerce,23,3,SMS|WhatsApp Business|Email,163040.47,71576.09,0.439,5883643,-0.484,7.8,0,65,Monthly,4,False,Retain,1956485.64
CLT0070,2023-07,Mid-Market,UK & Ireland,Retail & E-commerce,23,3,SMS|WhatsApp Business|Email,158128.47,75430.71,0.477,5450260,-0.0301,7.8,1,87,Monthly,8,False,Nurture,1897541.64
CLT0070,2023-08,Mid-Market,UK & Ireland,Retail & E-commerce,23,3,SMS|WhatsApp Business|Email,156581.2,79769.37,0.509,5312652,-0.0098,7.8,3,43,Monthly,7,False,Nurture,1878974.4
CLT0070,2023-09,Mid-Market,UK & Ireland,Retail & E-commerce,23,3,SMS|WhatsApp Business|Email,154584.36,83490.3,0.54,5381735,-0.0128,7.8,0,86,Monthly,9,False,Nurture,1855012.32
CLT0070,2023-10,Mid-Market,UK & Ireland,Retail & E-commerce,23,3,SMS|WhatsApp Business|Email,159508.7,74153.7,0.465,5560497,0.0319,7.8,4,10,Monthly,7,False,Upsell,1975164.33
CLT0070,2023-11,Mid-Market,UK & Ireland,Retail & E-commerce,23,3,SMS|WhatsApp Business|Email,154849.31,70825.35,0.457,5390948,-0.0292,7.8,1,62,Monthly,9,False,Nurture,1858191.72
CLT0071,2023-01,Mid-Market,UK & Ireland,Technology & SaaS,29,4,SMS|Voice|Email|Verification,399654.28,208019.94,0.52,14990527,0.0,8.4,0,40,Annual,4,False,Nurture,4795851.36
CLT0071,2023-03,Mid-Market,UK & Ireland,Technology & SaaS,29,4,SMS|Voice|Email|Verification,200182.23,109666.99,0.548,7562072,-0.4991,8.4,4,40,Annual,11,False,Retain,2402186.76
CLT0071,2023-04,Mid-Market,UK & Ireland,Technology & SaaS,29,4,SMS|Voice|Email|Verification,201061.52,91685.6,0.456,7828997,0.0044,8.4,3,5,Annual,8,False,Nurture,2423354.29
CLT0071,2023-05,Mid-Market,UK & Ireland,Technology & SaaS,29,4,SMS|Voice|Email|Verification,391773.5,188908.17,0.482,14852535,0.9485,8.4,1,89,Annual,4,False,Nurture,9160447.98
CLT0071,2023-06,Mid-Market,UK & Ireland,Technology & SaaS,29,4,SMS|Voice|Email|Verification,190961.57,90035.82,0.471,7245891,-0.5126,8.4,3,8,Annual,8,False,Retain,2291538.84
CLT0071,2023-07,Mid-Market,UK & Ireland,Technology & SaaS,29,4,SMS|Voice|Email|Verification,192291.83,89342.65,0.465,7119864,0.007,8.4,2,84,Annual,11,False,Nurture,2323654.47
CLT0071,2023-08,Mid-Market,UK & Ireland,Technology & SaaS,29,4,SMS|Voice|Email|Verification,197535.43,83054.35,0.42,7517848,0.0273,8.4,3,13,Annual,11,False,Nurture,2435137.77
CLT0071,2023-09,Mid-Market,UK & Ireland,Technology & SaaS,29,4,SMS|Voice|Email|Verification,197532.38,88999.08,0.451,7348620,-0.0,8.4,1,60,Annual,8,False,Nurture,2370388.56
CLT0071,2023-10,Mid-Market,UK & Ireland,Technology & SaaS,29,4,SMS|Voice|Email|Verification,200619.35,105285.02,0.525,7287506,0.0156,8.4,1,50,Annual,2,False,Nurture,2444988.14
CLT0071,2023-11,Mid-Market,UK & Ireland,Technology & SaaS,29,4,SMS|Voice|Email|Verification,198169.4,102137.26,0.515,7325070,-0.0122,8.4,2,88,Annual,11,False,Nurture,2378032.8
CLT0072,2023-01,SMB,Southern Europe,Technology & SaaS,4,2,SMS|Email,88564.42,40237.35,0.454,2972223,0.0,7.4,1,25,Annual,6,False,Nurture,1062773.04
CLT0072,2023-03,SMB,Southern Europe,Technology & SaaS,4,2,SMS|Email,47178.09,20388.14,0.432,1554926,-0.4673,7.4,6,85,Annual,1,False,Retain,566137.08
CLT0072,2023-04,SMB,Southern Europe,Technology & SaaS,4,2,SMS|Email,51008.18,19356.2,0.379,1660508,0.0812,7.4,3,83,Annual,11,False,Upsell,661800.53
CLT0072,2023-05,SMB,Southern Europe,Technology & SaaS,4,2,SMS|Email,105558.62,51129.6,0.484,3442821,1.0694,7.4,5,1,Annual,8,False,Upsell,2621316.1
CLT0072,2023-06,SMB,Southern Europe,Technology & SaaS,4,2,SMS|Email,57509.54,32486.93,0.565,1825240,-0.4552,7.4,1,66,Annual,9,False,Retain,690114.48
CLT0072,2023-07,SMB,Southern Europe,Technology & SaaS,4,2,SMS|Email,59800.61,28213.63,0.472,1890082,0.0398,7.4,1,28,Annual,7,False,Upsell,746168.09
CLT0072,2023-08,SMB,Southern Europe,Technology & SaaS,4,2,SMS|Email,61272.47,24686.33,0.403,1903593,0.0246,7.4,3,75,Annual,3,False,Nurture,753357.27
CLT0072,2023-09,SMB,Southern Europe,Technology & SaaS,4,2,SMS|Email,61874.3,27936.33,0.452,1935060,0.0098,7.4,0,20,Annual,4,False,Nurture,749768.02
CLT0072,2023-10,SMB,Southern Europe,Technology & SaaS,4,2,SMS|Email,65866.65,26661.0,0.405,2038751,0.0645,7.4,1,26,Annual,12,False,Upsell,841380.59
CLT0072,2023-11,SMB,Southern Europe,Technology & SaaS,4,2,SMS|Email,67471.33,39893.66,0.591,2090852,0.0244,7.4,0,65,Annual,6,False,Nurture,829411.57
CLT0073,2023-01,SMB,APAC,Retail & E-commerce,3,2,Email|SMS,20472.26,11071.96,0.541,840299,0.0,5.9,5,102,Monthly,1,True,Retain,245667.12
CLT0073,2023-03,SMB,APAC,Retail & E-commerce,3,2,Email|SMS,10158.54,3980.4,0.392,421373,-0.5038,5.9,3,90,Monthly,4,True,Retain,121902.48
CLT0073,2023-04,SMB,APAC,Retail & E-commerce,3,2,Email|SMS,9218.02,3574.91,0.388,396410,-0.0926,5.9,2,134,Monthly,10,True,Retain,110616.24
CLT0073,2023-05,SMB,APAC,Retail & E-commerce,3,2,Email|SMS,16860.2,7784.66,0.462,739676,0.829,5.9,3,180,Monthly,10,True,Retain,370047.67
CLT0073,2023-06,SMB,APAC,Retail & E-commerce,3,2,Email|SMS,7942.13,2962.29,0.373,347389,-0.5289,5.9,2,117,Monthly,3,True,Retain,95305.56
CLT0073,2023-07,SMB,APAC,Retail & E-commerce,3,2,Email|SMS,7412.9,3684.17,0.497,334489,-0.0666,5.9,5,171,Monthly,6,True,Retain,88954.8
CLT0073,2023-08,SMB,APAC,Retail & E-commerce,3,2,Email|SMS,7369.99,4154.94,0.564,338485,-0.0058,5.9,4,41,Monthly,12,True,Retain,88439.88
CLT0073,2023-09,SMB,APAC,Retail & E-commerce,3,2,Email|SMS,7272.72,4198.47,0.577,337723,-0.0132,5.9,8,77,Monthly,4,True,Retain,87272.64
CLT0073,2023-10,SMB,APAC,Retail & E-commerce,3,2,Email|SMS,6999.42,3725.84,0.532,321351,-0.0376,5.9,7,52,Monthly,3,True,Retain,83993.04
CLT0073,2023-11,SMB,APAC,Retail & E-commerce,3,2,Email|SMS,6634.98,2852.06,0.43,309672,-0.0521,5.9,0,130,Monthly,6,True,Retain,79619.76
CLT0074,2023-01,SMB,UK & Ireland,Retail & E-commerce,8,1,SMS,34041.28,17319.64,0.509,851032,0.0,7.1,2,26,Annual,3,False,Nurture,408495.36
CLT0074,2023-03,SMB,UK & Ireland,Retail & E-commerce,8,1,SMS,17163.96,6725.63,0.392,429099,-0.4958,7.1,2,59,Annual,4,False,Retain,205967.52
CLT0074,2023-04,SMB,UK & Ireland,Retail & E-commerce,8,1,SMS,16701.52,6261.91,0.375,417538,-0.0269,7.1,4,41,Annual,12,False,Nurture,200418.24
CLT0074,2023-05,SMB,UK & Ireland,Retail & E-commerce,8,1,SMS,33692.24,13260.98,0.394,842306,1.0173,7.1,2,86,Annual,12,False,Upsell,815608.27
CLT0074,2023-06,SMB,UK & Ireland,Retail & E-commerce,8,1,SMS,16569.44,8339.36,0.503,414236,-0.5082,7.1,1,43,Annual,2,False,Retain,198833.28
CLT0074,2023-07,SMB,UK & Ireland,Retail & E-commerce,8,1,SMS,17018.96,7392.17,0.434,425474,0.0271,7.1,1,37,Annual,10,False,Nurture,209762.09
CLT0074,2023-08,SMB,UK & Ireland,Retail & E-commerce,8,1,SMS,15677.32,7269.05,0.464,391933,-0.0788,7.1,6,58,Annual,3,False,Retain,188127.84
CLT0074,2023-09,SMB,UK & Ireland,Retail & E-commerce,8,1,SMS,16465.48,8473.5,0.515,411637,0.0503,7.1,3,34,Annual,10,False,Upsell,207524.32
CLT0074,2023-10,SMB,UK & Ireland,Retail & E-commerce,8,1,SMS,16472.88,9190.92,0.558,411822,0.0004,7.1,0,89,Annual,1,False,Nurture,197753.63
CLT0074,2023-11,SMB,UK & Ireland,Retail & E-commerce,8,1,SMS,16161.28,8824.31,0.546,404032,-0.0189,7.1,2,25,Annual,3,False,Nurture,193935.36
CLT0075,2023-01,Mid-Market,UK & Ireland,Gaming & Entertainment,19,2,Verification|SMS,216160.4,90863.1,0.42,5004856,0.0,8.5,7,62,Multi-year,4,True,Retain,2593924.8
CLT0075,2023-03,Mid-Market,UK & Ireland,Gaming & Entertainment,19,2,Verification|SMS,102384.84,51000.66,0.498,2385580,-0.5263,8.5,3,98,Multi-year,8,True,Retain,1228618.08
CLT0075,2023-04,Mid-Market,UK & Ireland,Gaming & Entertainment,19,2,Verification|SMS,101701.88,46017.37,0.452,2365040,-0.0067,8.5,4,154,Multi-year,2,True,Retain,1220422.56
CLT0075,2023-05,Mid-Market,UK & Ireland,Gaming & Entertainment,19,2,Verification|SMS,187079.16,91833.58,0.491,4339320,0.8395,8.5,6,104,Multi-year,7,True,Retain,4129585.38
CLT0075,2023-06,Mid-Market,UK & Ireland,Gaming & Entertainment,19,2,Verification|SMS,88321.44,41023.48,0.464,2041402,-0.5279,8.5,7,114,Multi-year,1,True,Retain,1059857.28
CLT0075,2023-07,Mid-Market,UK & Ireland,Gaming & Entertainment,19,2,Verification|SMS,82331.72,35901.55,0.436,1905111,-0.0678,8.5,3,179,Multi-year,4,True,Retain,987980.64
CLT0075,2023-08,Mid-Market,UK & Ireland,Gaming & Entertainment,19,2,Verification|SMS,82357.0,41382.2,0.502,1908951,0.0003,8.5,2,121,Multi-year,6,True,Retain,988580.49
CLT0075,2023-09,Mid-Market,UK & Ireland,Gaming & Entertainment,19,2,Verification|SMS,78624.36,32263.99,0.41,1823222,-0.0453,8.5,7,124,Multi-year,6,True,Retain,943492.32
CLT0075,2023-10,Mid-Market,UK & Ireland,Gaming & Entertainment,19,2,Verification|SMS,68744.12,31046.63,0.452,1577072,-0.1257,8.5,3,145,Multi-year,1,True,Retain,824929.44
CLT0075,2023-11,Mid-Market,UK & Ireland,Gaming & Entertainment,19,2,Verification|SMS,64765.32,30444.52,0.47,1495289,-0.0579,8.5,5,68,Multi-year,1,True,Retain,777183.84
CLT0076,2023-01,Mid-Market,DACH,Healthcare,20,3,Verification|SMS|Voice,162320.44,85864.75,0.529,1847118,0.0,7.8,3,40,Annual,7,True,Retain,1947845.28
CLT0076,2023-03,Mid-Market,DACH,Healthcare,20,3,Verification|SMS|Voice,73325.64,36578.04,0.499,830792,-0.5483,7.8,2,59,Annual,8,True,Retain,879907.68
CLT0076,2023-04,Mid-Market,DACH,Healthcare,20,3,Verification|SMS|Voice,69106.04,33215.36,0.481,781896,-0.0575,7.8,5,94,Annual,2,True,Retain,829272.48
CLT0076,2023-05,Mid-Market,DACH,Healthcare,20,3,Verification|SMS|Voice,121540.44,53555.8,0.441,1394233,0.7588,7.8,5,79,Annual,7,True,Retain,2565183.91
CLT0076,2023-06,Mid-Market,DACH,Healthcare,20,3,Verification|SMS|Voice,52610.16,26691.69,0.507,607902,-0.5671,7.8,10,109,Annual,5,True,Retain,631321.92
CLT0076,2023-07,Mid-Market,DACH,Healthcare,20,3,Verification|SMS|Voice,51091.24,27332.15,0.535,590591,-0.0289,7.8,5,122,Annual,10,True,Retain,613094.88
CLT0076,2023-08,Mid-Market,DACH,Healthcare,20,3,Verification|SMS|Voice,45589.44,19043.94,0.418,530633,-0.1077,7.8,4,100,Annual,8,True,Retain,547073.28
CLT0076,2023-09,Mid-Market,DACH,Healthcare,20,3,Verification|SMS|Voice,42841.16,23487.42,0.548,495246,-0.0603,7.8,5,130,Annual,2,True,Retain,514093.92
CLT0076,2023-10,Mid-Market,DACH,Healthcare,20,3,Verification|SMS|Voice,39906.36,20526.9,0.514,455914,-0.0685,7.8,4,70,Annual,2,True,Retain,478876.32
CLT0076,2023-11,Mid-Market,DACH,Healthcare,20,3,Verification|SMS|Voice,38048.16,19456.4,0.511,429068,-0.0466,7.8,5,171,Annual,10,True,Retain,456577.92
CLT0077,2023-01,SMB,North America,Fintech,10,2,Verification|SMS,32596.52,16065.2,0.493,692315,0.0,6.9,6,32,Annual,11,False,Retain,391158.24
CLT0077,2023-03,SMB,North America,Fintech,10,2,Verification|SMS,17972.56,9732.64,0.542,377675,-0.4486,6.9,1,77,Annual,2,False,Retain,215670.72
CLT0077,2023-04,SMB,North America,Fintech,10,2,Verification|SMS,18452.0,6665.35,0.361,388567,0.0267,6.9,1,82,Annual,3,False,Nurture,227336.02
CLT0077,2023-05,SMB,North America,Fintech,10,2,Verification|SMS,38365.36,16540.65,0.431,819291,1.0792,6.9,3,62,Annual,11,False,Nurture,957231.08
CLT0077,2023-06,SMB,North America,Fintech,10,2,Verification|SMS,21407.6,10260.26,0.479,461819,-0.442,6.9,0,2,Annual,7,False,Retain,256891.2
CLT0077,2023-07,SMB,North America,Fintech,10,2,Verification|SMS,22398.72,11940.87,0.533,489191,0.0463,6.9,4,42,Annual,1,False,Nurture,281229.37
CLT0077,2023-08,SMB,North America,Fintech,10,2,Verification|SMS,24322.08,11782.57,0.484,535500,0.0859,6.9,1,57,Annual,12,False,Nurture,316936.16
CLT0077,2023-09,SMB,North America,Fintech,10,2,Verification|SMS,24877.32,12392.08,0.498,545212,0.0228,6.9,1,52,Annual,2,False,Nurture,305334.27
CLT0077,2023-10,SMB,North America,Fintech,10,2,Verification|SMS,27525.28,15660.32,0.569,607776,0.1064,6.9,2,20,Annual,3,False,Nurture,365447.64
CLT0077,2023-11,SMB,North America,Fintech,10,2,Verification|SMS,30423.8,14909.23,0.49,675659,0.1053,6.9,3,20,Annual,9,False,Nurture,403529.11
CLT0078,2023-01,Mid-Market,APAC,Healthcare,15,2,Voice|Verification,64862.68,34606.36,0.534,607504,0.0,6.1,2,84,Annual,4,False,Nurture,778352.16
CLT0078,2023-03,Mid-Market,APAC,Healthcare,15,2,Voice|Verification,34545.6,15207.63,0.44,325233,-0.4674,6.1,2,84,Annual,12,False,Retain,414547.2
CLT0078,2023-04,Mid-Market,APAC,Healthcare,15,2,Voice|Verification,35769.96,14069.24,0.393,336824,0.0354,6.1,2,81,Annual,1,False,Nurture,444434.6
CLT0078,2023-05,Mid-Market,APAC,Healthcare,15,2,Voice|Verification,75245.72,37035.4,0.492,704559,1.1036,6.1,1,47,Annual,7,False,Nurture,1899442.76
CLT0078,2023-06,Mid-Market,APAC,Healthcare,15,2,Voice|Verification,38941.8,21030.77,0.54,362277,-0.4825,6.1,1,38,Annual,5,False,Retain,467301.6
CLT0078,2023-07,Mid-Market,APAC,Healthcare,15,2,Voice|Verification,42558.6,16896.18,0.397,396766,0.0929,6.1,3,54,Annual,9,False,Nurture,558147.53
CLT0078,2023-08,Mid-Market,APAC,Healthcare,15,2,Voice|Verification,46022.68,23946.06,0.52,425107,0.0814,6.1,0,89,Annual,6,False,Nurture,597227.11
CLT0078,2023-09,Mid-Market,APAC,Healthcare,15,2,Voice|Verification,49498.8,22262.16,0.45,456000,0.0755,6.1,2,32,Annual,11,False,Nurture,638831.51
CLT0078,2023-10,Mid-Market,APAC,Healthcare,15,2,Voice|Verification,52947.24,19362.74,0.366,488175,0.0697,6.1,3,1,Annual,5,False,Nurture,679651.95
CLT0078,2023-11,Mid-Market,APAC,Healthcare,15,2,Voice|Verification,53497.32,27953.74,0.523,492220,0.0104,6.1,4,48,Annual,6,False,Nurture,648644.31
CLT0079,2023-01,SMB,LATAM,Gaming & Entertainment,8,2,Verification|SMS,128631.16,53708.74,0.418,2269031,0.0,6.8,5,42,Annual,6,False,Retain,1543573.92
CLT0079,2023-03,SMB,LATAM,Gaming & Entertainment,8,2,Verification|SMS,67831.28,32124.13,0.474,1200719,-0.4727,6.8,0,75,Annual,6,False,Retain,813975.36
CLT0079,2023-04,SMB,LATAM,Gaming & Entertainment,8,2,Verification|SMS,74941.72,28075.09,0.375,1312830,0.1048,6.8,2,7,Annual,3,False,Nurture,993547.35
CLT0079,2023-05,SMB,LATAM,Gaming & Entertainment,8,2,Verification|SMS,151287.8,69487.84,0.459,2683456,1.0187,6.8,2,53,Annual,4,False,Nurture,3664856.18
CLT0079,2023-06,SMB,LATAM,Gaming & Entertainment,8,2,Verification|SMS,77507.16,40697.45,0.525,1366053,-0.4877,6.8,1,43,Annual,7,False,Retain,930085.92
CLT0079,2023-07,SMB,LATAM,Gaming & Entertainment,8,2,Verification|SMS,79578.52,42177.25,0.53,1389970,0.0267,6.8,0,1,Annual,8,False,Nurture,980439.2
CLT0079,2023-08,SMB,LATAM,Gaming & Entertainment,8,2,Verification|SMS,83526.8,42372.81,0.507,1467380,0.0496,6.8,1,64,Annual,8,False,Nurture,1052036.75
CLT0079,2023-09,SMB,LATAM,Gaming & Entertainment,8,2,Verification|SMS,85699.96,40151.97,0.469,1528819,0.026,6.8,3,69,Annual,10,False,Nurture,1055137.91
CLT0079,2023-10,SMB,LATAM,Gaming & Entertainment,8,2,Verification|SMS,87539.36,39378.18,0.45,1558214,0.0215,6.8,1,87,Annual,5,False,Nurture,1073057.47
CLT0079,2023-11,SMB,LATAM,Gaming & Entertainment,8,2,Verification|SMS,85634.64,48120.32,0.562,1546170,-0.0218,6.8,2,28,Annual,4,False,Nurture,1027615.68
CLT0080,2023-01,SMB,APAC,Logistics,2,2,SMS|Voice,62098.4,25343.04,0.408,1345630,0.0,6.1,3,65,Annual,8,True,Retain,745180.8
CLT0080,2023-03,SMB,APAC,Logistics,2,2,SMS|Voice,31267.6,13927.42,0.445,674218,-0.4965,6.1,5,134,Annual,4,True,Retain,375211.2
CLT0080,2023-04,SMB,APAC,Logistics,2,2,SMS|Voice,32236.12,15497.85,0.481,700347,0.031,6.1,3,177,Annual,12,True,Retain,398825.28
CLT0080,2023-05,SMB,APAC,Logistics,2,2,SMS|Voice,59446.96,29639.44,0.499,1279394,0.8441,6.1,3,45,Annual,5,True,Retain,1315513.67
CLT0080,2023-06,SMB,APAC,Logistics,2,2,SMS|Voice,28203.4,15827.66,0.561,607709,-0.5256,6.1,5,135,Annual,1,True,Retain,338440.8
CLT0080,2023-07,SMB,APAC,Logistics,2,2,SMS|Voice,27893.0,16078.75,0.576,602091,-0.011,6.1,2,37,Annual,9,True,Retain,334716.0
CLT0080,2023-08,SMB,APAC,Logistics,2,2,SMS|Voice,26323.24,11837.25,0.45,573255,-0.0563,6.1,2,75,Annual,12,True,Retain,315878.88
CLT0080,2023-09,SMB,APAC,Logistics,2,2,SMS|Voice,24920.36,10084.41,0.405,537177,-0.0533,6.1,6,92,Annual,7,True,Retain,299044.32
CLT0080,2023-10,SMB,APAC,Logistics,2,2,SMS|Voice,24504.2,11953.84,0.488,534125,-0.0167,6.1,6,174,Annual,7,True,Retain,294050.4
CLT0080,2023-11,SMB,APAC,Logistics,2,2,SMS|Voice,24576.16,11196.09,0.456,533026,0.0029,6.1,5,66,Annual,7,True,Retain,295769.17
CLT0081,2023-01,Enterprise,North America,Fintech,41,4,WhatsApp Business|Voice|Verification|SMS,874259.14,423701.82,0.485,8392376,0.0,7.9,3,73,Monthly,1,False,Expand,10491109.68
CLT0081,2023-03,Enterprise,North America,Fintech,41,4,WhatsApp Business|Voice|Verification|SMS,460743.21,246441.69,0.535,4624862,-0.473,7.9,0,24,Monthly,11,False,Retain,5528918.52
CLT0081,2023-04,Enterprise,North America,Fintech,41,4,WhatsApp Business|Voice|Verification|SMS,460494.01,195063.33,0.424,4733567,-0.0005,7.9,2,24,Monthly,3,False,Nurture,5525928.12
CLT0081,2023-05,Enterprise,North America,Fintech,41,4,WhatsApp Business|Voice|Verification|SMS,943481.47,437478.97,0.464,9888334,1.0488,7.9,1,8,Monthly,10,False,Expand,23196058.03
CLT0081,2023-06,Enterprise,North America,Fintech,41,4,WhatsApp Business|Voice|Verification|SMS,485066.53,241991.38,0.499,5121727,-0.4859,7.9,1,57,Monthly,6,False,Retain,5820798.36
CLT0081,2023-07,Enterprise,North America,Fintech,41,4,WhatsApp Business|Voice|Verification|SMS,504386.5,216692.69,0.43,5410698,0.0398,7.9,0,44,Monthly,11,False,Expand,6293532.99
CLT0081,2023-08,Enterprise,North America,Fintech,41,4,WhatsApp Business|Voice|Verification|SMS,520347.51,227311.41,0.437,5771483,0.0316,7.9,1,3,Monthly,7,False,Expand,6441485.9
CLT0081,2023-09,Enterprise,North America,Fintech,41,4,WhatsApp Business|Voice|Verification|SMS,531034.53,251668.56,0.474,5931374,0.0205,7.9,2,14,Monthly,8,False,Expand,6503048.85
CLT0081,2023-10,Enterprise,North America,Fintech,41,4,WhatsApp Business|Voice|Verification|SMS,573133.39,265105.24,0.463,6468105,0.0793,7.9,4,78,Monthly,1,False,Expand,7422994.41
CLT0081,2023-11,Enterprise,North America,Fintech,41,4,WhatsApp Business|Voice|Verification|SMS,580700.99,298893.36,0.515,6722396,0.0132,7.9,5,56,Monthly,11,False,Expand,7060394.92
CLT0082,2023-01,Enterprise,LATAM,Healthcare,32,3,Verification|Voice|SMS,981378.48,462666.16,0.471,16403262,0.0,8.5,1,60,Multi-year,1,False,Expand,11776541.76
CLT0082,2023-03,Enterprise,LATAM,Healthcare,32,3,Verification|Voice|SMS,509832.8,249164.25,0.489,8397550,-0.4805,8.5,2,9,Multi-year,6,False,Retain,6117993.6
CLT0082,2023-04,Enterprise,LATAM,Healthcare,32,3,Verification|Voice|SMS,517009.16,276863.99,0.536,8420342,0.0141,8.5,2,87,Multi-year,2,False,Expand,6291587.87
CLT0082,2023-05,Enterprise,LATAM,Healthcare,32,3,Verification|Voice|SMS,1069054.8,542364.6,0.507,17119023,1.0678,8.5,2,23,Multi-year,1,False,Upsell,26527098.19
CLT0082,2023-06,Enterprise,LATAM,Healthcare,32,3,Verification|Voice|SMS,571350.8,238824.45,0.418,9026000,-0.4656,8.5,0,8,Multi-year,4,False,Retain,6856209.6
CLT0082,2023-07,Enterprise,LATAM,Healthcare,32,3,Verification|Voice|SMS,613499.48,301741.64,0.492,9867367,0.0738,8.5,3,75,Multi-year,4,False,Upsell,7905308.9
CLT0082,2023-08,Enterprise,LATAM,Healthcare,32,3,Verification|Voice|SMS,625057.44,236477.38,0.378,10091955,0.0188,8.5,2,33,Multi-year,5,False,Expand,7641702.24
CLT0082,2023-09,Enterprise,LATAM,Healthcare,32,3,Verification|Voice|SMS,663139.0,313754.0,0.473,10724011,0.0609,8.5,1,79,Multi-year,1,False,Upsell,8442289.98
CLT0082,2023-10,Enterprise,LATAM,Healthcare,32,3,Verification|Voice|SMS,691464.08,325803.39,0.471,11264819,0.0427,8.5,4,59,Multi-year,7,False,Upsell,8651875.15
CLT0082,2023-11,Enterprise,LATAM,Healthcare,32,3,Verification|Voice|SMS,719592.84,358908.93,0.499,11857726,0.0407,8.5,0,77,Multi-year,8,False,Upsell,8986563.22
CLT0083,2023-01,SMB,UK & Ireland,Healthcare,4,2,SMS|Verification,140254.96,74835.16,0.534,2750204,0.0,7.4,4,21,Monthly,2,False,Nurture,1683059.52
CLT0083,2023-03,SMB,UK & Ireland,Healthcare,4,2,SMS|Verification,77614.08,40131.84,0.517,1513591,-0.4466,7.4,4,49,Monthly,3,False,Retain,931368.96
CLT0083,2023-04,SMB,UK & Ireland,Healthcare,4,2,SMS|Verification,83038.84,39469.88,0.475,1641139,0.0699,7.4,1,10,Monthly,9,False,Upsell,1066119.06
CLT0083,2023-05,SMB,UK & Ireland,Healthcare,4,2,SMS|Verification,165238.6,71267.85,0.431,3234066,0.9899,7.4,1,84,Monthly,4,False,Upsell,3945699.48
CLT0083,2023-06,SMB,UK & Ireland,Healthcare,4,2,SMS|Verification,87342.2,34032.19,0.39,1690528,-0.4714,7.4,1,88,Monthly,4,False,Retain,1048106.4
CLT0083,2023-07,SMB,UK & Ireland,Healthcare,4,2,SMS|Verification,89152.4,48840.7,0.548,1712594,0.0207,7.4,4,88,Monthly,4,False,Nurture,1091974.26
CLT0083,2023-08,SMB,UK & Ireland,Healthcare,4,2,SMS|Verification,91029.96,44677.07,0.491,1770688,0.0211,7.4,0,76,Monthly,12,False,Nurture,1115408.31
CLT0083,2023-09,SMB,UK & Ireland,Healthcare,4,2,SMS|Verification,91839.0,47550.26,0.518,1786188,0.0089,7.4,2,82,Monthly,2,False,Nurture,1111876.41
CLT0083,2023-10,SMB,UK & Ireland,Healthcare,4,2,SMS|Verification,99753.16,45821.7,0.459,1964409,0.0862,7.4,2,77,Monthly,3,False,Upsell,1300222.59
CLT0083,2023-11,SMB,UK & Ireland,Healthcare,4,2,SMS|Verification,106275.6,50741.06,0.477,2107117,0.0654,7.4,2,74,Monthly,7,False,Upsell,1358712.29
CLT0084,2023-01,Mid-Market,Southern Europe,Technology & SaaS,9,2,Email|SMS,68554.27,30236.92,0.441,6996224,0.0,9.0,4,84,Monthly,10,False,Nurture,822651.24
CLT0084,2023-03,Mid-Market,Southern Europe,Technology & SaaS,9,2,Email|SMS,35069.63,16215.56,0.462,3540617,-0.4884,9.0,4,19,Monthly,2,False,Retain,420835.56
CLT0084,2023-04,Mid-Market,Southern Europe,Technology & SaaS,9,2,Email|SMS,38317.87,19682.35,0.514,3811208,0.0926,9.0,4,1,Monthly,6,False,Upsell,502393.26
CLT0084,2023-05,Mid-Market,Southern Europe,Technology & SaaS,9,2,Email|SMS,80147.78,40826.41,0.509,8279875,1.0917,9.0,2,29,Monthly,1,False,Upsell,2011741.34
CLT0084,2023-06,Mid-Market,Southern Europe,Technology & SaaS,9,2,Email|SMS,43093.28,21458.42,0.498,4305752,-0.4623,9.0,4,62,Monthly,2,False,Retain,517119.36
CLT0084,2023-07,Mid-Market,Southern Europe,Technology & SaaS,9,2,Email|SMS,43578.0,22676.83,0.52,4428668,0.0112,9.0,3,21,Monthly,3,False,Nurture,528792.88
CLT0084,2023-08,Mid-Market,Southern Europe,Technology & SaaS,9,2,Email|SMS,44075.96,23415.06,0.531,4505726,0.0114,9.0,2,54,Monthly,1,False,Nurture,534941.11
CLT0084,2023-09,Mid-Market,Southern Europe,Technology & SaaS,9,2,Email|SMS,44749.78,17367.53,0.388,4548357,0.0153,9.0,4,8,Monthly,9,False,Nurture,545213.42
CLT0084,2023-10,Mid-Market,Southern Europe,Technology & SaaS,9,2,Email|SMS,46849.02,23804.29,0.508,4700188,0.0469,9.0,2,17,Monthly,3,False,Upsell,588554.87
CLT0084,2023-11,Mid-Market,Southern Europe,Technology & SaaS,9,2,Email|SMS,45988.15,22065.34,0.48,4361904,-0.0184,9.0,2,66,Monthly,4,False,Nurture,551857.8
CLT0085,2023-01,Mid-Market,APAC,Retail & E-commerce,28,3,Email|Voice|WhatsApp Business,446279.37,225461.81,0.505,5048644,0.0,6.1,1,84,Annual,8,False,Nurture,5355352.44
CLT0085,2023-03,Mid-Market,APAC,Retail & E-commerce,28,3,Email|Voice|WhatsApp Business,250991.42,139084.53,0.554,2686522,-0.4376,6.1,2,57,Annual,12,False,Retain,3011897.04
CLT0085,2023-04,Mid-Market,APAC,Retail & E-commerce,28,3,Email|Voice|WhatsApp Business,253530.32,116228.23,0.458,2799234,0.0101,6.1,0,36,Annual,3,False,Nurture,3073091.71
CLT0085,2023-05,Mid-Market,APAC,Retail & E-commerce,28,3,Email|Voice|WhatsApp Business,545773.8,267044.63,0.489,6212810,1.1527,6.1,2,59,Annual,1,False,Nurture,14098647.11
CLT0085,2023-06,Mid-Market,APAC,Retail & E-commerce,28,3,Email|Voice|WhatsApp Business,287181.66,157298.84,0.548,3204201,-0.4738,6.1,1,41,Annual,5,False,Retain,3446179.92
CLT0085,2023-07,Mid-Market,APAC,Retail & E-commerce,28,3,Email|Voice|WhatsApp Business,294540.89,140202.41,0.476,3433156,0.0256,6.1,1,80,Annual,9,False,Nurture,3624973.64
CLT0085,2023-08,Mid-Market,APAC,Retail & E-commerce,28,3,Email|Voice|WhatsApp Business,301178.07,133301.06,0.443,3599725,0.0225,6.1,3,42,Annual,8,False,Nurture,3695454.92
CLT0085,2023-09,Mid-Market,APAC,Retail & E-commerce,28,3,Email|Voice|WhatsApp Business,305428.63,146796.12,0.481,3916814,0.0141,6.1,3,70,Annual,9,False,Nurture,3716822.08
CLT0085,2023-10,Mid-Market,APAC,Retail & E-commerce,28,3,Email|Voice|WhatsApp Business,319324.62,187866.01,0.588,4170421,0.0455,6.1,2,57,Annual,3,False,Nurture,4006246.68
CLT0085,2023-11,Mid-Market,APAC,Retail & E-commerce,28,3,Email|Voice|WhatsApp Business,328141.73,177733.5,0.542,4499369,0.0276,6.1,3,71,Annual,3,False,Nurture,4046381.3
CLT0086,2023-01,Mid-Market,Southern Europe,Fintech,20,3,Verification|SMS|Voice,219232.08,99774.59,0.455,2558787,0.0,8.1,2,8,Annual,7,False,Nurture,2630784.96
CLT0086,2023-03,Mid-Market,Southern Europe,Fintech,20,3,Verification|SMS|Voice,115201.76,51385.96,0.446,1349607,-0.4745,8.1,2,25,Annual,3,False,Retain,1382421.12
CLT0086,2023-04,Mid-Market,Southern Europe,Fintech,20,3,Verification|SMS|Voice,108794.48,45493.18,0.418,1311901,-0.0556,8.1,1,21,Annual,12,False,Retain,1305533.76
CLT0086,2023-05,Mid-Market,Southern Europe,Fintech,20,3,Verification|SMS|Voice,223282.04,93241.82,0.418,2727102,1.0523,8.1,2,85,Annual,9,False,Upsell,5498900.77
CLT0086,2023-06,Mid-Market,Southern Europe,Fintech,20,3,Verification|SMS|Voice,113007.8,43854.57,0.388,1408655,-0.4939,8.1,0,89,Annual,12,False,Retain,1356093.6
CLT0086,2023-07,Mid-Market,Southern Europe,Fintech,20,3,Verification|SMS|Voice,113798.04,54786.3,0.481,1421679,0.007,8.1,1,4,Annual,2,False,Nurture,1375135.52
CLT0086,2023-08,Mid-Market,Southern Europe,Fintech,20,3,Verification|SMS|Voice,121094.64,60142.97,0.497,1493306,0.0641,8.1,2,22,Annual,7,False,Upsell,1546281.68
CLT0086,2023-09,Mid-Market,Southern Europe,Fintech,20,3,Verification|SMS|Voice,125566.84,65638.3,0.523,1532369,0.0369,8.1,1,74,Annual,9,False,Upsell,1562403.08
CLT0086,2023-10,Mid-Market,Southern Europe,Fintech,20,3,Verification|SMS|Voice,126696.8,67572.48,0.533,1583723,0.009,8.1,1,7,Annual,5,False,Nurture,1534044.85
CLT0086,2023-11,Mid-Market,Southern Europe,Fintech,20,3,Verification|SMS|Voice,121543.32,65618.42,0.54,1523390,-0.0407,8.1,3,34,Annual,7,False,Nurture,1458519.84
CLT0087,2023-01,Enterprise,LATAM,Fintech,47,4,Voice|SMS|WhatsApp Business|Verification,1117645.52,539844.94,0.483,16730489,0.0,8.8,3,54,Annual,6,False,Expand,13411746.24
CLT0087,2023-03,Enterprise,LATAM,Fintech,47,4,Voice|SMS|WhatsApp Business|Verification,573247.41,296999.13,0.518,8751651,-0.4871,8.8,3,65,Annual,10,False,Retain,6878968.92
CLT0087,2023-04,Enterprise,LATAM,Fintech,47,4,Voice|SMS|WhatsApp Business|Verification,569018.73,276116.72,0.485,8698836,-0.0074,8.8,2,42,Annual,3,False,Nurture,6828224.76
CLT0087,2023-05,Enterprise,LATAM,Fintech,47,4,Voice|SMS|WhatsApp Business|Verification,1220062.73,529040.65,0.434,18952262,1.1442,8.8,4,35,Annual,8,False,Expand,31392702.07
CLT0087,2023-06,Enterprise,LATAM,Fintech,47,4,Voice|SMS|WhatsApp Business|Verification,651601.68,340452.22,0.522,10332018,-0.4659,8.8,2,53,Annual,1,False,Retain,7819220.16
CLT0087,2023-07,Enterprise,LATAM,Fintech,47,4,Voice|SMS|WhatsApp Business|Verification,650264.19,327835.99,0.504,10539128,-0.0021,8.8,2,73,Annual,7,False,Nurture,7803170.28
CLT0087,2023-08,Enterprise,LATAM,Fintech,47,4,Voice|SMS|WhatsApp Business|Verification,684961.09,309165.65,0.451,11426765,0.0534,8.8,1,89,Annual,1,False,Expand,8658456.15
CLT0087,2023-09,Enterprise,LATAM,Fintech,47,4,Voice|SMS|WhatsApp Business|Verification,699142.97,272526.53,0.39,11650259,0.0207,8.8,1,83,Annual,7,False,Expand,8563382.75
CLT0087,2023-10,Enterprise,LATAM,Fintech,47,4,Voice|SMS|WhatsApp Business|Verification,753214.58,379908.81,0.504,12865237,0.0773,8.8,1,34,Annual,8,False,Expand,9737256.8
CLT0087,2023-11,Enterprise,LATAM,Fintech,47,4,Voice|SMS|WhatsApp Business|Verification,736785.46,401210.59,0.545,12640324,-0.0218,8.8,1,20,Annual,12,False,Nurture,8841425.52
CLT0088,2023-01,SMB,North America,Gaming & Entertainment,7,2,SMS|Verification,116172.56,54240.51,0.467,2326711,0.0,7.3,4,95,Multi-year,6,True,Retain,1394070.72
CLT0088,2023-03,SMB,North America,Gaming & Entertainment,7,2,SMS|Verification,51337.8,27159.11,0.529,1034290,-0.5581,7.3,3,75,Multi-year,6,True,Retain,616053.6
CLT0088,2023-04,SMB,North America,Gaming & Entertainment,7,2,SMS|Verification,51207.08,19995.89,0.39,1025820,-0.0025,7.3,1,148,Multi-year,4,True,Retain,614484.96
CLT0088,2023-05,SMB,North America,Gaming & Entertainment,7,2,SMS|Verification,88789.64,41866.68,0.472,1806375,0.7339,7.3,6,145,Multi-year,9,True,Retain,1847428.28
CLT0088,2023-06,SMB,North America,Gaming & Entertainment,7,2,SMS|Verification,40555.52,21421.52,0.528,826598,-0.5432,7.3,5,149,Multi-year,12,True,Retain,486666.24
CLT0088,2023-07,SMB,North America,Gaming & Entertainment,7,2,SMS|Verification,37827.64,16484.29,0.436,772384,-0.0673,7.3,7,94,Multi-year,8,True,Retain,453931.68
CLT0088,2023-08,SMB,North America,Gaming & Entertainment,7,2,SMS|Verification,35511.92,16455.82,0.463,729068,-0.0612,7.3,2,156,Multi-year,9,True,Retain,426143.04
CLT0088,2023-09,SMB,North America,Gaming & Entertainment,7,2,SMS|Verification,33458.36,15287.96,0.457,698610,-0.0578,7.3,6,167,Multi-year,5,True,Retain,401500.32
CLT0088,2023-10,SMB,North America,Gaming & Entertainment,7,2,SMS|Verification,29993.6,16294.36,0.543,621678,-0.1036,7.3,2,33,Multi-year,8,True,Retain,359923.2
CLT0088,2023-11,SMB,North America,Gaming & Entertainment,7,2,SMS|Verification,27349.48,14973.17,0.547,569654,-0.0882,7.3,2,30,Multi-year,12,True,Retain,328193.76
CLT0089,2023-01,SMB,DACH,Fintech,1,1,Verification,38383.28,17478.77,0.455,479791,0.0,6.4,5,99,Annual,7,True,Retain,460599.36
CLT0089,2023-03,SMB,DACH,Fintech,1,1,Verification,18111.28,9001.93,0.497,226391,-0.5281,6.4,4,111,Annual,8,True,Retain,217335.36
CLT0089,2023-04,SMB,DACH,Fintech,1,1,Verification,16712.8,9678.1,0.579,208910,-0.0772,6.4,5,149,Annual,8,True,Retain,200553.6
CLT0089,2023-05,SMB,DACH,Fintech,1,1,Verification,30517.44,14635.6,0.48,381468,0.826,6.4,9,43,Annual,7,True,Retain,668698.15
CLT0089,2023-06,SMB,DACH,Fintech,1,1,Verification,13923.6,7233.99,0.52,174045,-0.5437,6.4,5,52,Annual,3,True,Retain,167083.2
CLT0089,2023-07,SMB,DACH,Fintech,1,1,Verification,13323.2,4882.55,0.366,166540,-0.0431,6.4,3,161,Annual,9,True,Retain,159878.4
CLT0089,2023-08,SMB,DACH,Fintech,1,1,Verification,12108.32,5032.33,0.416,151354,-0.0912,6.4,3,146,Annual,3,True,Retain,145299.84
CLT0089,2023-09,SMB,DACH,Fintech,1,1,Verification,11783.76,6598.1,0.56,147297,-0.0268,6.4,1,169,Annual,5,True,Retain,141405.12
CLT0089,2023-10,SMB,DACH,Fintech,1,1,Verification,11000.72,5090.0,0.463,137509,-0.0665,6.4,0,69,Annual,7,True,Retain,132008.64
CLT0089,2023-11,SMB,DACH,Fintech,1,1,Verification,10213.92,5470.05,0.536,127674,-0.0715,6.4,3,163,Annual,1,True,Retain,122567.04
CLT0090,2023-01,Mid-Market,LATAM,Logistics,17,3,SMS|Voice|WhatsApp Business,466411.23,224798.16,0.482,3866390,0.0,7.8,5,64,Annual,9,True,Retain,5596934.76
CLT0090,2023-03,Mid-Market,LATAM,Logistics,17,3,SMS|Voice|WhatsApp Business,214506.49,90122.05,0.42,1743791,-0.5401,7.8,1,67,Annual,7,True,Retain,2574077.88
CLT0090,2023-04,Mid-Market,LATAM,Logistics,17,3,SMS|Voice|WhatsApp Business,200959.79,85045.95,0.423,1609699,-0.0632,7.8,2,48,Annual,12,True,Retain,2411517.48
CLT0090,2023-05,Mid-Market,LATAM,Logistics,17,3,SMS|Voice|WhatsApp Business,398926.74,171228.48,0.429,2920963,0.9851,7.8,3,126,Annual,5,True,Retain,9502913.66
CLT0090,2023-06,Mid-Market,LATAM,Logistics,17,3,SMS|Voice|WhatsApp Business,198203.38,83374.43,0.421,1438781,-0.5032,7.8,4,60,Annual,8,True,Retain,2378440.56
CLT0090,2023-07,Mid-Market,LATAM,Logistics,17,3,SMS|Voice|WhatsApp Business,187157.2,86703.36,0.463,1392179,-0.0557,7.8,4,36,Annual,1,True,Retain,2245886.4
CLT0090,2023-08,Mid-Market,LATAM,Logistics,17,3,SMS|Voice|WhatsApp Business,180889.31,83118.01,0.459,1397057,-0.0335,7.8,5,117,Annual,4,True,Retain,2170671.72
CLT0090,2023-09,Mid-Market,LATAM,Logistics,17,3,SMS|Voice|WhatsApp Business,178649.2,93907.31,0.526,1297055,-0.0124,7.8,5,156,Annual,2,True,Retain,2143790.4
CLT0090,2023-10,Mid-Market,LATAM,Logistics,17,3,SMS|Voice|WhatsApp Business,164950.24,89646.72,0.543,1212286,-0.0767,7.8,4,162,Annual,7,True,Retain,1979402.88
CLT0090,2023-11,Mid-Market,LATAM,Logistics,17,3,SMS|Voice|WhatsApp Business,156556.24,68848.42,0.44,1112946,-0.0509,7.8,5,38,Annual,6,True,Retain,1878674.88
CLT0091,2023-01,SMB,Nordics,Healthcare,16,1,Voice,14652.0,7259.13,0.495,122100,0.0,6.6,5,129,Monthly,12,True,Retain,175824.0
CLT0091,2023-03,SMB,Nordics,Healthcare,16,1,Voice,6737.4,3953.73,0.587,56145,-0.5402,6.6,5,131,Monthly,9,True,Retain,80848.8
CLT0091,2023-04,SMB,Nordics,Healthcare,16,1,Voice,6501.72,2535.38,0.39,54181,-0.035,6.6,4,161,Monthly,1,True,Retain,78020.64
CLT0091,2023-05,SMB,Nordics,Healthcare,16,1,Voice,12566.88,6030.07,0.48,104724,0.9329,6.6,2,81,Monthly,2,True,Retain,291486.27
CLT0091,2023-06,SMB,Nordics,Healthcare,16,1,Voice,5654.52,3338.2,0.59,47121,-0.55,6.6,4,132,Monthly,7,True,Retain,67854.24
CLT0091,2023-07,SMB,Nordics,Healthcare,16,1,Voice,5302.92,1944.72,0.367,44191,-0.0622,6.6,3,108,Monthly,8,True,Retain,63635.04
CLT0091,2023-08,SMB,Nordics,Healthcare,16,1,Voice,5286.84,2277.68,0.431,44057,-0.003,6.6,10,177,Monthly,6,True,Retain,63442.08
CLT0091,2023-09,SMB,Nordics,Healthcare,16,1,Voice,5207.4,2443.18,0.469,43395,-0.015,6.6,2,46,Monthly,3,True,Retain,62488.8
CLT0091,2023-10,SMB,Nordics,Healthcare,16,1,Voice,4656.84,1966.73,0.422,38807,-0.1057,6.6,8,149,Monthly,10,True,Retain,55882.08
CLT0091,2023-11,SMB,Nordics,Healthcare,16,1,Voice,4485.6,1833.66,0.409,37380,-0.0368,6.6,1,164,Monthly,4,True,Retain,53827.2
CLT0092,2023-01,Enterprise,APAC,Fintech,55,2,SMS|Voice,598546.76,267214.99,0.446,9292075,0.0,7.4,1,16,Annual,3,False,Nurture,7182561.12
CLT0092,2023-03,Enterprise,APAC,Fintech,55,2,SMS|Voice,316773.92,123036.55,0.388,5111536,-0.4708,7.4,3,34,Annual,3,False,Retain,3801287.04
CLT0092,2023-04,Enterprise,APAC,Fintech,55,2,SMS|Voice,320330.52,133843.43,0.418,5161783,0.0112,7.4,3,72,Annual,11,False,Nurture,3887018.66
CLT0092,2023-05,Enterprise,APAC,Fintech,55,2,SMS|Voice,657039.44,332958.07,0.507,10718174,1.0511,7.4,2,47,Annual,4,False,Upsell,16171843.14
CLT0092,2023-06,Enterprise,APAC,Fintech,55,2,SMS|Voice,329671.8,161702.84,0.49,5423623,-0.4982,7.4,0,48,Annual,11,False,Retain,3956061.6
CLT0092,2023-07,Enterprise,APAC,Fintech,55,2,SMS|Voice,331625.72,159216.65,0.48,5495957,0.0059,7.4,2,88,Annual,5,False,Nurture,4002987.74
CLT0092,2023-08,Enterprise,APAC,Fintech,55,2,SMS|Voice,336307.28,159682.34,0.475,5726542,0.0141,7.4,3,11,Annual,7,False,Nurture,4092590.55
CLT0092,2023-09,Enterprise,APAC,Fintech,55,2,SMS|Voice,339579.72,156905.51,0.462,5814871,0.0097,7.4,1,3,Annual,2,False,Nurture,4114483.72
CLT0092,2023-10,Enterprise,APAC,Fintech,55,2,SMS|Voice,340802.0,187897.01,0.551,5934950,0.0036,7.4,3,74,Annual,10,False,Nurture,4104346.65
CLT0092,2023-11,Enterprise,APAC,Fintech,55,2,SMS|Voice,347847.04,179687.92,0.517,6228938,0.0207,7.4,4,11,Annual,10,False,Nurture,4260569.68
CLT0093,2023-01,SMB,Southern Europe,Retail & E-commerce,11,2,SMS|Email,59910.16,28862.26,0.482,6305957,0.0,7.0,4,72,Annual,11,False,Nurture,718921.92
CLT0093,2023-03,SMB,Southern Europe,Retail & E-commerce,11,2,SMS|Email,32705.27,13757.1,0.421,3477098,-0.4541,7.0,3,34,Annual,9,False,Retain,392463.24
CLT0093,2023-04,SMB,Southern Europe,Retail & E-commerce,11,2,SMS|Email,33261.24,12781.09,0.384,3552739,0.017,7.0,3,3,Annual,9,False,Nurture,405920.17
CLT0093,2023-05,SMB,Southern Europe,Retail & E-commerce,11,2,SMS|Email,72232.56,33520.42,0.464,7802652,1.1717,7.0,1,57,Annual,1,False,Upsell,1882409.41
CLT0093,2023-06,SMB,Southern Europe,Retail & E-commerce,11,2,SMS|Email,39800.53,21122.08,0.531,4396986,-0.449,7.0,2,90,Annual,2,False,Retain,477606.36
CLT0093,2023-07,SMB,Southern Europe,Retail & E-commerce,11,2,SMS|Email,39754.83,19459.51,0.489,4402730,-0.0011,7.0,1,61,Annual,1,False,Nurture,477057.96
CLT0093,2023-08,SMB,Southern Europe,Retail & E-commerce,11,2,SMS|Email,42050.3,22816.03,0.543,4738259,0.0577,7.0,2,89,Annual,9,False,Upsell,533719.23
CLT0093,2023-09,SMB,Southern Europe,Retail & E-commerce,11,2,SMS|Email,44561.5,21018.51,0.472,5081088,0.0597,7.0,4,88,Annual,7,False,Upsell,566661.86
CLT0093,2023-10,SMB,Southern Europe,Retail & E-commerce,11,2,SMS|Email,46256.95,21203.74,0.458,5308549,0.038,7.0,0,63,Annual,2,False,Upsell,576176.57
CLT0093,2023-11,SMB,Southern Europe,Retail & E-commerce,11,2,SMS|Email,46589.8,21371.24,0.459,5590439,0.0072,7.0,2,47,Annual,3,False,Nurture,563102.96
CLT0094,2023-01,Mid-Market,Nordics,Logistics,32,3,WhatsApp Business|Verification|SMS,316844.36,149315.33,0.471,4381717,0.0,6.6,2,6,Annual,8,False,Nurture,3802132.32
CLT0094,2023-03,Mid-Market,Nordics,Logistics,32,3,WhatsApp Business|Verification|SMS,166644.35,80998.08,0.486,2294954,-0.474,6.6,3,60,Annual,11,False,Retain,1999732.2
CLT0094,2023-04,Mid-Market,Nordics,Logistics,32,3,WhatsApp Business|Verification|SMS,174068.58,78590.88,0.451,2383984,0.0446,6.6,1,14,Annual,12,False,Nurture,2181984.46
CLT0094,2023-05,Mid-Market,Nordics,Logistics,32,3,WhatsApp Business|Verification|SMS,383820.6,170635.38,0.445,5283083,1.205,6.6,1,8,Annual,8,False,Nurture,10155893.08
CLT0094,2023-06,Mid-Market,Nordics,Logistics,32,3,WhatsApp Business|Verification|SMS,209614.2,98840.2,0.472,2902897,-0.4539,6.6,4,37,Annual,1,False,Retain,2515370.4
CLT0094,2023-07,Mid-Market,Nordics,Logistics,32,3,WhatsApp Business|Verification|SMS,221626.99,111867.14,0.505,3121592,0.0573,6.6,5,37,Annual,4,False,Retain,2811914.6
CLT0094,2023-08,Mid-Market,Nordics,Logistics,32,3,WhatsApp Business|Verification|SMS,231773.72,110547.61,0.477,3182279,0.0458,6.6,2,29,Annual,7,False,Nurture,2908667.48
CLT0094,2023-09,Mid-Market,Nordics,Logistics,32,3,WhatsApp Business|Verification|SMS,239969.97,123323.99,0.514,3256865,0.0354,6.6,1,71,Annual,10,False,Nurture,2981578.88
CLT0094,2023-10,Mid-Market,Nordics,Logistics,32,3,WhatsApp Business|Verification|SMS,248896.3,108228.01,0.435,3404667,0.0372,6.6,2,48,Annual,12,False,Nurture,3097862.91
CLT0094,2023-11,Mid-Market,Nordics,Logistics,32,3,WhatsApp Business|Verification|SMS,261809.73,124077.2,0.474,3599433,0.0519,6.6,3,57,Annual,10,False,Nurture,3304771.86
CLT0095,2023-01,Mid-Market,LATAM,Logistics,27,4,WhatsApp Business|Verification|SMS|Voice,459361.3,206887.04,0.45,5972442,0.0,7.9,2,49,Annual,8,False,Nurture,5512335.6
CLT0095,2023-03,Mid-Market,LATAM,Logistics,27,4,WhatsApp Business|Verification|SMS|Voice,224791.14,90252.92,0.401,2810100,-0.5106,7.9,4,90,Annual,3,False,Retain,2697493.68
CLT0095,2023-04,Mid-Market,LATAM,Logistics,27,4,WhatsApp Business|Verification|SMS|Voice,228770.47,103696.13,0.453,2847735,0.0177,7.9,3,83,Annual,5,False,Nurture,2793836.49
CLT0095,2023-05,Mid-Market,LATAM,Logistics,27,4,WhatsApp Business|Verification|SMS|Voice,433461.53,200451.71,0.462,5512450,0.8947,7.9,3,53,Annual,2,False,Nurture,9855354.73
CLT0095,2023-06,Mid-Market,LATAM,Logistics,27,4,WhatsApp Business|Verification|SMS|Voice,216652.91,100223.13,0.463,2703502,-0.5002,7.9,2,86,Annual,1,False,Retain,2599834.92
CLT0095,2023-07,Mid-Market,LATAM,Logistics,27,4,WhatsApp Business|Verification|SMS|Voice,210294.76,90487.24,0.43,2658165,-0.0293,7.9,4,42,Annual,2,False,Nurture,2523537.12
CLT0095,2023-08,Mid-Market,LATAM,Logistics,27,4,WhatsApp Business|Verification|SMS|Voice,211269.09,105828.27,0.501,2629415,0.0046,7.9,4,12,Annual,1,False,Nurture,2546891.13
CLT0095,2023-09,Mid-Market,LATAM,Logistics,27,4,WhatsApp Business|Verification|SMS|Voice,211434.74,104301.82,0.493,2573540,0.0008,7.9,2,74,Annual,1,False,Nurture,2539246.65
CLT0095,2023-10,Mid-Market,LATAM,Logistics,27,4,WhatsApp Business|Verification|SMS|Voice,217446.3,115001.0,0.529,2532991,0.0284,7.9,2,7,Annual,11,False,Nurture,2683461.3
CLT0095,2023-11,Mid-Market,LATAM,Logistics,27,4,WhatsApp Business|Verification|SMS|Voice,219143.73,94602.09,0.432,2498120,0.0078,7.9,0,61,Annual,1,False,Nurture,2650236.61
CLT0096,2023-01,Mid-Market,LATAM,Fintech,9,2,SMS|Verification,195638.0,87426.28,0.447,2694578,0.0,8.0,1,14,Annual,8,False,Nurture,2347656.0
CLT0096,2023-03,Mid-Market,LATAM,Fintech,9,2,SMS|Verification,104966.8,39429.35,0.376,1438641,-0.4635,8.0,2,72,Annual,12,False,Retain,1259601.6
CLT0096,2023-04,Mid-Market,LATAM,Fintech,9,2,SMS|Verification,105731.16,54515.6,0.516,1462979,0.0073,8.0,1,47,Annual,1,False,Nurture,1278035.97
CLT0096,2023-05,Mid-Market,LATAM,Fintech,9,2,SMS|Verification,223604.88,91111.22,0.407,3095870,1.1148,8.0,4,23,Annual,1,False,Upsell,5674555.2
CLT0096,2023-06,Mid-Market,LATAM,Fintech,9,2,SMS|Verification,111129.92,44559.74,0.401,1549403,-0.503,8.0,0,48,Annual,1,False,Retain,1333559.04
CLT0096,2023-07,Mid-Market,LATAM,Fintech,9,2,SMS|Verification,110327.96,39994.71,0.363,1544938,-0.0072,8.0,2,20,Annual,6,False,Nurture,1323935.52
CLT0096,2023-08,Mid-Market,LATAM,Fintech,9,2,SMS|Verification,105205.16,44989.63,0.428,1481336,-0.0464,8.0,2,86,Annual,5,False,Nurture,1262461.92
CLT0096,2023-09,Mid-Market,LATAM,Fintech,9,2,SMS|Verification,109471.24,51797.65,0.473,1545979,0.0406,8.0,4,73,Annual,8,False,Upsell,1366989.27
CLT0096,2023-10,Mid-Market,LATAM,Fintech,9,2,SMS|Verification,104807.68,45739.13,0.436,1495527,-0.0426,8.0,1,21,Annual,11,False,Nurture,1257692.16
CLT0096,2023-11,Mid-Market,LATAM,Fintech,9,2,SMS|Verification,102511.28,40539.57,0.395,1473467,-0.0219,8.0,4,81,Annual,4,False,Nurture,1230135.36
CLT0097,2023-01,SMB,APAC,Logistics,9,1,Voice,63819.0,30778.79,0.482,531825,0.0,5.7,2,88,Monthly,10,False,Retain,765828.0
CLT0097,2023-03,SMB,APAC,Logistics,9,1,Voice,32418.0,13070.76,0.403,270150,-0.492,5.7,3,23,Monthly,1,False,Retain,389016.0
CLT0097,2023-04,SMB,APAC,Logistics,9,1,Voice,32505.48,15734.52,0.484,270879,0.0027,5.7,2,11,Monthly,1,False,Retain,391118.94
CLT0097,2023-05,SMB,APAC,Logistics,9,1,Voice,62339.28,34770.96,0.558,519494,0.9178,5.7,1,87,Monthly,3,False,Retain,1434651.25
CLT0097,2023-06,SMB,APAC,Logistics,9,1,Voice,31730.4,13338.01,0.42,264420,-0.491,5.7,1,80,Monthly,8,False,Retain,380764.8
CLT0097,2023-07,SMB,APAC,Logistics,9,1,Voice,31531.92,15421.18,0.489,262766,-0.0063,5.7,4,47,Monthly,10,False,Retain,378383.04
CLT0097,2023-08,SMB,APAC,Logistics,9,1,Voice,32428.08,15491.54,0.478,270234,0.0284,5.7,2,78,Monthly,8,False,Retain,400188.45
CLT0097,2023-09,SMB,APAC,Logistics,9,1,Voice,31791.12,12397.45,0.39,264926,-0.0196,5.7,1,35,Monthly,11,False,Retain,381493.44
CLT0097,2023-10,SMB,APAC,Logistics,9,1,Voice,32522.64,13021.95,0.4,271022,0.023,5.7,3,59,Monthly,11,False,Retain,399247.93
CLT0097,2023-11,SMB,APAC,Logistics,9,1,Voice,34730.88,17431.59,0.502,289424,0.0679,5.7,3,89,Monthly,11,False,Retain,445069.28
CLT0098,2023-01,Mid-Market,DACH,Healthcare,29,3,SMS|Verification|WhatsApp Business,353491.61,168473.84,0.477,3356101,0.0,7.4,0,85,Annual,6,False,Nurture,4241899.32
CLT0098,2023-03,Mid-Market,DACH,Healthcare,29,3,SMS|Verification|WhatsApp Business,169697.62,93280.51,0.55,1665455,-0.5199,7.4,5,82,Annual,4,False,Retain,2036371.44
CLT0098,2023-04,Mid-Market,DACH,Healthcare,29,3,SMS|Verification|WhatsApp Business,168784.19,73773.97,0.437,1664358,-0.0054,7.4,0,77,Annual,7,False,Nurture,2025410.28
CLT0098,2023-05,Mid-Market,DACH,Healthcare,29,3,SMS|Verification|WhatsApp Business,325932.37,172148.02,0.528,3287544,0.9311,7.4,5,42,Annual,10,False,Upsell,7552896.0
CLT0098,2023-06,Mid-Market,DACH,Healthcare,29,3,SMS|Verification|WhatsApp Business,157620.33,72220.88,0.458,1623266,-0.5164,7.4,1,58,Annual,12,False,Retain,1891443.96
CLT0098,2023-07,Mid-Market,DACH,Healthcare,29,3,SMS|Verification|WhatsApp Business,159332.28,86243.16,0.541,1649390,0.0109,7.4,2,40,Annual,5,False,Nurture,1932828.02
CLT0098,2023-08,Mid-Market,DACH,Healthcare,29,3,SMS|Verification|WhatsApp Business,155830.84,73714.82,0.473,1594115,-0.022,7.4,4,22,Annual,6,False,Nurture,1869970.08
CLT0098,2023-09,Mid-Market,DACH,Healthcare,29,3,SMS|Verification|WhatsApp Business,154634.93,62603.58,0.405,1559524,-0.0077,7.4,1,20,Annual,7,False,Nurture,1855619.16
CLT0098,2023-10,Mid-Market,DACH,Healthcare,29,3,SMS|Verification|WhatsApp Business,148613.1,71740.72,0.483,1488410,-0.0389,7.4,1,85,Annual,11,False,Nurture,1783357.2
CLT0098,2023-11,Mid-Market,DACH,Healthcare,29,3,SMS|Verification|WhatsApp Business,149528.3,66960.44,0.448,1435311,0.0062,7.4,2,88,Annual,10,False,Nurture,1805464.51
CLT0099,2023-01,SMB,North America,Logistics,20,1,WhatsApp Business,54307.55,29960.06,0.552,98741,0.0,7.2,5,34,Monthly,11,False,Retain,651690.6
CLT0099,2023-03,SMB,North America,Logistics,20,1,WhatsApp Business,30613.0,11309.01,0.369,55660,-0.4363,7.2,3,84,Monthly,3,False,Retain,367356.0
CLT0099,2023-04,SMB,North America,Logistics,20,1,WhatsApp Business,32599.05,12283.82,0.377,59271,0.0649,7.2,4,8,Monthly,5,False,Upsell,416576.74
CLT0099,2023-05,SMB,North America,Logistics,20,1,WhatsApp Business,68474.45,24238.63,0.354,124499,1.1005,7.2,1,11,Monthly,7,False,Upsell,1725966.99
CLT0099,2023-06,SMB,North America,Logistics,20,1,WhatsApp Business,37669.5,13655.46,0.363,68490,-0.4499,7.2,1,37,Monthly,2,False,Retain,452034.0
CLT0099,2023-07,SMB,North America,Logistics,20,1,WhatsApp Business,37244.9,13140.11,0.353,67718,-0.0113,7.2,6,45,Monthly,12,False,Retain,446938.8
CLT0099,2023-08,SMB,North America,Logistics,20,1,WhatsApp Business,37499.55,15695.73,0.419,68181,0.0068,7.2,1,28,Monthly,8,False,Nurture,453054.56
CLT0099,2023-09,SMB,North America,Logistics,20,1,WhatsApp Business,38614.95,13515.32,0.35,70209,0.0297,7.2,1,38,Monthly,1,False,Nurture,477141.77
CLT0099,2023-10,SMB,North America,Logistics,20,1,WhatsApp Business,42288.95,19506.42,0.461,76889,0.0951,7.2,2,88,Monthly,6,False,Upsell,555727.55
CLT0099,2023-11,SMB,North America,Logistics,20,1,WhatsApp Business,44861.3,23874.6,0.532,81566,0.0608,7.2,2,12,Monthly,4,False,Upsell,571066.4
CLT0100,2023-01,Mid-Market,Southern Europe,Logistics,19,2,SMS|WhatsApp Business,139305.5,73296.79,0.526,1269977,0.0,6.9,2,31,Annual,8,False,Nurture,1671666.0
CLT0100,2023-03,Mid-Market,Southern Europe,Logistics,19,2,SMS|WhatsApp Business,71725.72,40261.57,0.561,620755,-0.4851,6.9,1,79,Annual,4,False,Retain,860708.64
CLT0100,2023-04,Mid-Market,Southern Europe,Logistics,19,2,SMS|WhatsApp Business,68737.7,38476.51,0.56,599834,-0.0417,6.9,6,57,Annual,7,False,Retain,824852.4
CLT0100,2023-05,Mid-Market,Southern Europe,Logistics,19,2,SMS|WhatsApp Business,135789.87,64020.92,0.471,1202193,0.9755,6.9,2,51,Annual,12,False,Nurture,3219034.66
CLT0100,2023-06,Mid-Market,Southern Europe,Logistics,19,2,SMS|WhatsApp Business,65615.17,27681.14,0.422,611008,-0.5168,6.9,1,74,Annual,11,False,Retain,787382.04
CLT0100,2023-07,Mid-Market,Southern Europe,Logistics,19,2,SMS|WhatsApp Business,67230.19,33378.93,0.496,628663,0.0246,6.9,1,78,Annual,8,False,Nurture,826608.63
CLT0100,2023-08,Mid-Market,Southern Europe,Logistics,19,2,SMS|WhatsApp Business,66727.63,28561.02,0.428,648229,-0.0075,6.9,4,49,Annual,9,False,Nurture,800731.56
CLT0100,2023-09,Mid-Market,Southern Europe,Logistics,19,2,SMS|WhatsApp Business,65820.51,33363.49,0.507,635139,-0.0136,6.9,2,15,Annual,12,False,Nurture,789846.12
CLT0100,2023-10,Mid-Market,Southern Europe,Logistics,19,2,SMS|WhatsApp Business,64759.21,30870.04,0.477,628471,-0.0161,6.9,1,87,Annual,7,False,Nurture,777110.52
CLT0100,2023-11,Mid-Market,Southern Europe,Logistics,19,2,SMS|WhatsApp Business,62009.05,26888.41,0.434,592561,-0.0425,6.9,0,1,Annual,9,False,Nurture,744108.6
CLT0101,2023-01,Mid-Market,DACH,Healthcare,18,2,Voice|Verification,30627.52,16384.75,0.535,348310,0.0,9.3,1,41,Annual,6,False,Nurture,367530.24
CLT0101,2023-03,Mid-Market,DACH,Healthcare,18,2,Voice|Verification,17150.56,8475.73,0.494,196429,-0.44,9.3,1,64,Annual,2,False,Retain,205806.72
CLT0101,2023-04,Mid-Market,DACH,Healthcare,18,2,Voice|Verification,18052.68,7083.61,0.392,207525,0.0526,9.3,2,59,Annual,5,False,Upsell,228027.01
CLT0101,2023-05,Mid-Market,DACH,Healthcare,18,2,Voice|Verification,37599.0,17287.67,0.46,429826,1.0827,9.3,4,77,Annual,11,False,Upsell,939689.25
CLT0101,2023-06,Mid-Market,DACH,Healthcare,18,2,Voice|Verification,20594.72,11551.65,0.561,235404,-0.4523,9.3,1,6,Annual,6,False,Retain,247136.64
CLT0101,2023-07,Mid-Market,DACH,Healthcare,18,2,Voice|Verification,21994.96,9648.58,0.439,251166,0.068,9.3,3,67,Annual,5,False,Upsell,281887.41
CLT0101,2023-08,Mid-Market,DACH,Healthcare,18,2,Voice|Verification,21630.92,10911.46,0.504,247006,-0.0166,9.3,2,79,Annual,12,False,Nurture,259571.04
CLT0101,2023-09,Mid-Market,DACH,Healthcare,18,2,Voice|Verification,22231.4,12523.23,0.563,253448,0.0278,9.3,2,51,Annual,9,False,Nurture,274193.2
CLT0101,2023-10,Mid-Market,DACH,Healthcare,18,2,Voice|Verification,23097.24,13222.56,0.572,264386,0.0389,9.3,4,66,Annual,2,False,Upsell,287948.67
CLT0101,2023-11,Mid-Market,DACH,Healthcare,18,2,Voice|Verification,24337.72,8786.54,0.361,280376,0.0537,9.3,1,36,Annual,5,False,Upsell,307735.87
CLT0102,2023-01,Mid-Market,Southern Europe,Fintech,11,2,Verification|SMS,251871.52,124837.68,0.496,4500246,0.0,7.1,1,76,Multi-year,10,False,Nurture,3022458.24
CLT0102,2023-03,Mid-Market,Southern Europe,Fintech,11,2,Verification|SMS,133894.28,65348.64,0.488,2380928,-0.4684,7.1,2,5,Multi-year,9,False,Retain,1606731.36
CLT0102,2023-04,Mid-Market,Southern Europe,Fintech,11,2,Verification|SMS,142285.72,60606.15,0.426,2511021,0.0627,7.1,2,8,Multi-year,4,False,Upsell,1814484.42
CLT0102,2023-05,Mid-Market,Southern Europe,Fintech,11,2,Verification|SMS,316601.88,146526.8,0.463,5582581,1.2251,7.1,3,44,Multi-year,9,False,Upsell,8453650.12
CLT0102,2023-06,Mid-Market,Southern Europe,Fintech,11,2,Verification|SMS,170089.4,86156.47,0.507,3025711,-0.4628,7.1,1,52,Multi-year,3,False,Retain,2041072.8
CLT0102,2023-07,Mid-Market,Southern Europe,Fintech,11,2,Verification|SMS,169369.08,87732.44,0.518,3041853,-0.0042,7.1,3,37,Multi-year,12,False,Nurture,2032428.96
CLT0102,2023-08,Mid-Market,Southern Europe,Fintech,11,2,Verification|SMS,179436.56,77026.48,0.429,3254484,0.0594,7.1,1,6,Multi-year,11,False,Upsell,2281141.1
CLT0102,2023-09,Mid-Market,Southern Europe,Fintech,11,2,Verification|SMS,186909.92,91483.33,0.489,3332284,0.0416,7.1,1,46,Multi-year,8,False,Upsell,2336224.47
CLT0102,2023-10,Mid-Market,Southern Europe,Fintech,11,2,Verification|SMS,203206.24,94828.42,0.467,3599995,0.0872,7.1,3,33,Multi-year,5,False,Upsell,2651109.89
CLT0102,2023-11,Mid-Market,Southern Europe,Fintech,11,2,Verification|SMS,213275.56,110129.15,0.516,3737905,0.0496,7.1,2,43,Multi-year,1,False,Upsell,2686248.33
CLT0103,2023-01,Enterprise,UK & Ireland,Healthcare,54,2,WhatsApp Business|Verification,667736.08,317415.04,0.475,4519867,0.0,7.6,5,73,Multi-year,10,False,Retain,8012832.96
CLT0103,2023-03,Enterprise,UK & Ireland,Healthcare,54,2,WhatsApp Business|Verification,339376.77,188668.71,0.556,2198491,-0.4918,7.6,0,74,Multi-year,9,False,Retain,4072521.24
CLT0103,2023-04,Enterprise,UK & Ireland,Healthcare,54,2,WhatsApp Business|Verification,333853.31,163553.76,0.49,2167412,-0.0163,7.6,6,56,Multi-year,4,False,Retain,4006239.72
CLT0103,2023-05,Enterprise,UK & Ireland,Healthcare,54,2,WhatsApp Business|Verification,667073.72,330238.61,0.495,4484257,0.9981,7.6,1,24,Multi-year,5,False,Upsell,15994560.0
CLT0103,2023-06,Enterprise,UK & Ireland,Healthcare,54,2,WhatsApp Business|Verification,330847.95,179557.36,0.543,2174730,-0.504,7.6,2,48,Multi-year,4,False,Retain,3970175.4
CLT0103,2023-07,Enterprise,UK & Ireland,Healthcare,54,2,WhatsApp Business|Verification,338705.86,190145.07,0.561,2200098,0.0238,7.6,4,41,Multi-year,3,False,Nurture,4161204.71
CLT0103,2023-08,Enterprise,UK & Ireland,Healthcare,54,2,WhatsApp Business|Verification,352842.4,146823.18,0.416,2268599,0.0417,7.6,3,57,Multi-year,12,False,Upsell,4410671.14
CLT0103,2023-09,Enterprise,UK & Ireland,Healthcare,54,2,WhatsApp Business|Verification,364751.49,163112.27,0.447,2389950,0.0338,7.6,3,76,Multi-year,2,False,Upsell,4524961.08
CLT0103,2023-10,Enterprise,UK & Ireland,Healthcare,54,2,WhatsApp Business|Verification,388680.41,200909.59,0.517,2495022,0.0656,7.6,1,13,Multi-year,2,False,Upsell,4970134.14
CLT0103,2023-11,Enterprise,UK & Ireland,Healthcare,54,2,WhatsApp Business|Verification,399153.89,231134.86,0.579,2568765,0.0269,7.6,2,12,Multi-year,12,False,Nurture,4918693.56
CLT0104,2023-01,SMB,Nordics,Gaming & Entertainment,14,2,SMS|Email,70841.48,28074.66,0.396,5202823,0.0,7.2,5,44,Monthly,12,True,Retain,850097.76
CLT0104,2023-03,SMB,Nordics,Gaming & Entertainment,14,2,SMS|Email,33186.06,18045.29,0.544,2417109,-0.5315,7.2,5,162,Monthly,6,True,Retain,398232.72
CLT0104,2023-04,SMB,Nordics,Gaming & Entertainment,14,2,SMS|Email,29126.91,14510.19,0.498,2157243,-0.1223,7.2,2,48,Monthly,9,True,Retain,349522.92
CLT0104,2023-05,SMB,Nordics,Gaming & Entertainment,14,2,SMS|Email,51247.56,21368.71,0.417,3945418,0.7595,7.2,6,94,Monthly,7,True,Retain,1082040.98
CLT0104,2023-06,SMB,Nordics,Gaming & Entertainment,14,2,SMS|Email,23490.63,12258.75,0.522,1911854,-0.5416,7.2,7,138,Monthly,9,True,Retain,281887.56
CLT0104,2023-07,SMB,Nordics,Gaming & Entertainment,14,2,SMS|Email,22845.25,10127.47,0.443,1861555,-0.0275,7.2,4,171,Monthly,11,True,Retain,274143.0
CLT0104,2023-08,SMB,Nordics,Gaming & Entertainment,14,2,SMS|Email,20747.32,9095.56,0.438,1716404,-0.0918,7.2,4,112,Monthly,10,True,Retain,248967.84
CLT0104,2023-09,SMB,Nordics,Gaming & Entertainment,14,2,SMS|Email,17840.67,9767.55,0.547,1556222,-0.1401,7.2,7,86,Monthly,3,True,Retain,214088.04
CLT0104,2023-10,SMB,Nordics,Gaming & Entertainment,14,2,SMS|Email,16428.32,8108.2,0.494,1462815,-0.0792,7.2,2,49,Monthly,4,True,Retain,197139.84
CLT0104,2023-11,SMB,Nordics,Gaming & Entertainment,14,2,SMS|Email,15651.98,6848.77,0.438,1382181,-0.0473,7.2,6,121,Monthly,10,True,Retain,187823.76
CLT0105,2023-01,Enterprise,North America,Retail & E-commerce,58,3,SMS|WhatsApp Business|Email,857717.47,431319.66,0.503,37739682,0.0,8.4,1,53,Annual,2,False,Expand,10292609.64
CLT0105,2023-03,Enterprise,North America,Retail & E-commerce,58,3,SMS|WhatsApp Business|Email,444062.13,224456.27,0.505,19697493,-0.4823,8.4,1,65,Annual,11,False,Retain,5328745.56
CLT0105,2023-04,Enterprise,North America,Retail & E-commerce,58,3,SMS|WhatsApp Business|Email,474174.52,233794.12,0.493,19865573,0.0678,8.4,1,27,Annual,1,False,Upsell,6075882.63
CLT0105,2023-05,Enterprise,North America,Retail & E-commerce,58,3,SMS|WhatsApp Business|Email,1020340.63,511144.67,0.501,42790769,1.1518,8.4,2,85,Annual,8,False,Upsell,26346827.61
CLT0105,2023-06,Enterprise,North America,Retail & E-commerce,58,3,SMS|WhatsApp Business|Email,544953.36,234738.95,0.431,23561465,-0.4659,8.4,3,89,Annual,4,False,Retain,6539440.32
CLT0105,2023-07,Enterprise,North America,Retail & E-commerce,58,3,SMS|WhatsApp Business|Email,577018.47,239891.33,0.416,24218251,0.0588,8.4,1,84,Annual,5,False,Upsell,7331365.87
CLT0105,2023-08,Enterprise,North America,Retail & E-commerce,58,3,SMS|WhatsApp Business|Email,602790.3,306346.72,0.508,24344973,0.0447,8.4,0,89,Annual,9,False,Upsell,7556820.32
CLT0105,2023-09,Enterprise,North America,Retail & E-commerce,58,3,SMS|WhatsApp Business|Email,590687.73,321850.58,0.545,24371944,-0.0201,8.4,1,2,Annual,1,False,Nurture,7088252.76
CLT0105,2023-10,Enterprise,North America,Retail & E-commerce,58,3,SMS|WhatsApp Business|Email,647124.45,274402.22,0.424,25026914,0.0955,8.4,1,20,Annual,3,False,Upsell,8507098.02
CLT0105,2023-11,Enterprise,North America,Retail & E-commerce,58,3,SMS|WhatsApp Business|Email,708117.38,272190.11,0.384,27110288,0.0943,8.4,1,85,Annual,7,False,Upsell,9298714.19
CLT0106,2023-01,Enterprise,DACH,Retail & E-commerce,59,3,SMS|WhatsApp Business|Email,820904.97,350145.9,0.427,8695590,0.0,9.1,2,34,Annual,3,False,Expand,9850859.64
CLT0106,2023-03,Enterprise,DACH,Retail & E-commerce,59,3,SMS|WhatsApp Business|Email,414146.6,196975.69,0.476,4469298,-0.4955,9.1,1,45,Annual,10,False,Retain,4969759.2
CLT0106,2023-04,Enterprise,DACH,Retail & E-commerce,59,3,SMS|WhatsApp Business|Email,434776.07,214830.89,0.494,4567728,0.0498,9.1,3,64,Annual,11,False,Upsell,5477135.02
CLT0106,2023-05,Enterprise,DACH,Retail & E-commerce,59,3,SMS|WhatsApp Business|Email,914050.9,388959.3,0.426,9950036,1.1023,9.1,0,18,Annual,1,False,Upsell,23059310.48
CLT0106,2023-06,Enterprise,DACH,Retail & E-commerce,59,3,SMS|WhatsApp Business|Email,455799.46,220598.11,0.484,5147739,-0.5013,9.1,7,43,Annual,6,False,Retain,5469593.52
CLT0106,2023-07,Enterprise,DACH,Retail & E-commerce,59,3,SMS|WhatsApp Business|Email,474348.8,255006.88,0.538,5348982,0.0407,9.1,2,38,Annual,9,False,Upsell,5923857.55
CLT0106,2023-08,Enterprise,DACH,Retail & E-commerce,59,3,SMS|WhatsApp Business|Email,490061.26,227860.07,0.465,5531297,0.0331,9.1,1,21,Annual,10,False,Upsell,6075387.45
CLT0106,2023-09,Enterprise,DACH,Retail & E-commerce,59,3,SMS|WhatsApp Business|Email,502043.18,250365.51,0.499,5800577,0.0244,9.1,3,67,Annual,8,False,Expand,6171516.4
CLT0106,2023-10,Enterprise,DACH,Retail & E-commerce,59,3,SMS|WhatsApp Business|Email,505791.75,189457.4,0.375,5933751,0.0075,9.1,1,71,Annual,2,False,Expand,6115022.26
CLT0106,2023-11,Enterprise,DACH,Retail & E-commerce,59,3,SMS|WhatsApp Business|Email,537370.14,281990.36,0.525,6345301,0.0624,9.1,2,79,Annual,3,False,Upsell,6850824.44
CLT0107,2023-01,Mid-Market,DACH,Technology & SaaS,20,3,SMS|Email|Verification,271002.95,127175.79,0.469,13000307,0.0,6.8,0,9,Monthly,5,False,Nurture,3252035.4
CLT0107,2023-03,Mid-Market,DACH,Technology & SaaS,20,3,SMS|Email|Verification,139749.05,65386.6,0.468,6694050,-0.4843,6.8,3,61,Monthly,11,False,Retain,1676988.6
CLT0107,2023-04,Mid-Market,DACH,Technology & SaaS,20,3,SMS|Email|Verification,137144.77,72858.19,0.531,6523353,-0.0186,6.8,2,33,Monthly,10,False,Nurture,1645737.24
CLT0107,2023-05,Mid-Market,DACH,Technology & SaaS,20,3,SMS|Email|Verification,285847.9,139013.13,0.486,13899928,1.0843,6.8,4,70,Monthly,5,False,Nurture,7149513.34
CLT0107,2023-06,Mid-Market,DACH,Technology & SaaS,20,3,SMS|Email|Verification,149770.51,73043.19,0.488,7275735,-0.476,6.8,0,58,Monthly,5,False,Retain,1797246.12
CLT0107,2023-07,Mid-Market,DACH,Technology & SaaS,20,3,SMS|Email|Verification,152168.46,70259.38,0.462,7372472,0.016,6.8,3,50,Monthly,1,False,Nurture,1855237.86
CLT0107,2023-08,Mid-Market,DACH,Technology & SaaS,20,3,SMS|Email|Verification,150111.35,58841.57,0.392,7200472,-0.0135,6.8,1,38,Monthly,3,False,Nurture,1801336.2
CLT0107,2023-09,Mid-Market,DACH,Technology & SaaS,20,3,SMS|Email|Verification,151599.67,71859.66,0.474,7235069,0.0099,6.8,2,75,Monthly,4,False,Nurture,1837206.08
CLT0107,2023-10,Mid-Market,DACH,Technology & SaaS,20,3,SMS|Email|Verification,151461.84,79155.96,0.523,7325673,-0.0009,6.8,1,59,Monthly,2,False,Nurture,1817542.08
CLT0107,2023-11,Mid-Market,DACH,Technology & SaaS,20,3,SMS|Email|Verification,153677.16,63581.12,0.414,7414220,0.0146,6.8,2,62,Monthly,12,False,Nurture,1871050.16
CLT0108,2023-01,Mid-Market,Nordics,Retail & E-commerce,17,2,Email|WhatsApp Business,186259.54,98772.63,0.53,2876468,0.0,7.7,3,71,Annual,5,False,Nurture,2235114.48
CLT0108,2023-03,Mid-Market,Nordics,Retail & E-commerce,17,2,Email|WhatsApp Business,98416.23,50196.39,0.51,1410376,-0.4716,7.7,3,88,Annual,8,False,Retain,1180994.76
CLT0108,2023-04,Mid-Market,Nordics,Retail & E-commerce,17,2,Email|WhatsApp Business,98830.45,49523.68,0.501,1473382,0.0042,7.7,4,24,Annual,2,False,Nurture,1190946.45
CLT0108,2023-05,Mid-Market,Nordics,Retail & E-commerce,17,2,Email|WhatsApp Business,210886.78,80668.8,0.383,3025319,1.1338,7.7,1,34,Annual,7,False,Upsell,5399882.53
CLT0108,2023-06,Mid-Market,Nordics,Retail & E-commerce,17,2,Email|WhatsApp Business,110476.53,44131.0,0.399,1439152,-0.4761,7.7,2,11,Annual,8,False,Retain,1325718.36
CLT0108,2023-07,Mid-Market,Nordics,Retail & E-commerce,17,2,Email|WhatsApp Business,112581.66,47640.19,0.423,1446196,0.0191,7.7,2,24,Annual,8,False,Nurture,1376783.64
CLT0108,2023-08,Mid-Market,Nordics,Retail & E-commerce,17,2,Email|WhatsApp Business,119262.75,63730.23,0.534,1446619,0.0593,7.7,2,44,Annual,9,False,Upsell,1516020.37
CLT0108,2023-09,Mid-Market,Nordics,Retail & E-commerce,17,2,Email|WhatsApp Business,122983.92,55487.57,0.451,1469273,0.0312,7.7,1,7,Annual,5,False,Upsell,1521852.22
CLT0108,2023-10,Mid-Market,Nordics,Retail & E-commerce,17,2,Email|WhatsApp Business,131650.79,58432.59,0.444,1477394,0.0705,7.7,3,45,Annual,3,False,Upsell,1691186.05
CLT0108,2023-11,Mid-Market,Nordics,Retail & E-commerce,17,2,Email|WhatsApp Business,132896.71,64169.59,0.483,1390640,0.0095,7.7,2,80,Annual,3,False,Nurture,1609910.74
CLT0109,2023-01,Mid-Market,DACH,Retail & E-commerce,36,3,WhatsApp Business|Voice|Email,159712.85,78417.31,0.491,12867806,0.0,6.7,3,55,Monthly,8,False,Nurture,1916554.2
CLT0109,2023-03,Mid-Market,DACH,Retail & E-commerce,36,3,WhatsApp Business|Voice|Email,84190.08,32388.32,0.385,6796840,-0.4729,6.7,1,55,Monthly,10,False,Retain,1010280.96
CLT0109,2023-04,Mid-Market,DACH,Retail & E-commerce,36,3,WhatsApp Business|Voice|Email,85121.5,39617.18,0.465,6639675,0.0111,6.7,0,65,Monthly,9,False,Nurture,1032796.18
CLT0109,2023-05,Mid-Market,DACH,Retail & E-commerce,36,3,WhatsApp Business|Voice|Email,178291.09,86896.03,0.487,13754080,1.0945,6.7,1,84,Monthly,10,False,Nurture,4481168.26
CLT0109,2023-06,Mid-Market,DACH,Retail & E-commerce,36,3,WhatsApp Business|Voice|Email,93110.19,50632.26,0.544,7084071,-0.4778,6.7,0,59,Monthly,10,False,Retain,1117322.28
CLT0109,2023-07,Mid-Market,DACH,Retail & E-commerce,36,3,WhatsApp Business|Voice|Email,96379.31,41899.84,0.435,7387533,0.0351,6.7,3,70,Monthly,9,False,Nurture,1197146.69
CLT0109,2023-08,Mid-Market,DACH,Retail & E-commerce,36,3,WhatsApp Business|Voice|Email,103442.63,57465.48,0.556,8024039,0.0733,6.7,3,60,Monthly,8,False,Nurture,1332299.7
CLT0109,2023-09,Mid-Market,DACH,Retail & E-commerce,36,3,WhatsApp Business|Voice|Email,105452.96,48025.52,0.455,8452127,0.0194,6.7,1,43,Monthly,5,False,Nurture,1289984.97
CLT0109,2023-10,Mid-Market,DACH,Retail & E-commerce,36,3,WhatsApp Business|Voice|Email,112833.13,47017.0,0.417,8981698,0.07,6.7,1,36,Monthly,6,False,Nurture,1448777.39
CLT0109,2023-11,Mid-Market,DACH,Retail & E-commerce,36,3,WhatsApp Business|Voice|Email,110740.48,55093.53,0.498,9005743,-0.0185,6.7,1,66,Monthly,5,False,Nurture,1328885.76
CLT0110,2023-01,Mid-Market,Southern Europe,Retail & E-commerce,22,2,WhatsApp Business|Email,122918.07,55780.22,0.454,2332355,0.0,6.8,1,58,Monthly,5,False,Nurture,1475016.84
CLT0110,2023-03,Mid-Market,Southern Europe,Retail & E-commerce,22,2,WhatsApp Business|Email,65633.12,35916.84,0.547,1246932,-0.466,6.8,2,9,Monthly,4,False,Retain,787597.44
CLT0110,2023-04,Mid-Market,Southern Europe,Retail & E-commerce,22,2,WhatsApp Business|Email,72685.35,40267.67,0.554,1366709,0.1074,6.8,0,36,Monthly,1,False,Nurture,965901.08
CLT0110,2023-05,Mid-Market,Southern Europe,Retail & E-commerce,22,2,WhatsApp Business|Email,153456.79,79232.6,0.516,2912052,1.1112,6.8,1,15,Monthly,10,False,Nurture,3887735.7
CLT0110,2023-06,Mid-Market,Southern Europe,Retail & E-commerce,22,2,WhatsApp Business|Email,84205.47,33592.03,0.399,1454326,-0.4513,6.8,4,18,Monthly,12,False,Retain,1010465.64
CLT0110,2023-07,Mid-Market,Southern Europe,Retail & E-commerce,22,2,WhatsApp Business|Email,90948.9,46039.31,0.506,1367809,0.0801,6.8,1,75,Monthly,12,False,Nurture,1178806.88
CLT0110,2023-08,Mid-Market,Southern Europe,Retail & E-commerce,22,2,WhatsApp Business|Email,94443.48,39931.72,0.423,1428096,0.0384,6.8,4,28,Monthly,7,False,Nurture,1176841.32
CLT0110,2023-09,Mid-Market,Southern Europe,Retail & E-commerce,22,2,WhatsApp Business|Email,96972.5,52785.48,0.544,1464763,0.0268,6.8,1,1,Monthly,12,False,Nurture,1194856.36
CLT0110,2023-10,Mid-Market,Southern Europe,Retail & E-commerce,22,2,WhatsApp Business|Email,100662.54,46405.01,0.461,1482716,0.0381,6.8,1,43,Monthly,10,False,Nurture,1253973.39
CLT0110,2023-11,Mid-Market,Southern Europe,Retail & E-commerce,22,2,WhatsApp Business|Email,106181.09,39497.46,0.372,1543514,0.0548,6.8,1,56,Monthly,3,False,Nurture,1343997.76
CLT0111,2023-01,SMB,Nordics,Gaming & Entertainment,11,2,SMS|Verification,134153.0,61003.54,0.455,2902124,0.0,6.9,1,90,Monthly,8,False,Nurture,1609836.0
CLT0111,2023-03,SMB,Nordics,Gaming & Entertainment,11,2,SMS|Verification,72267.0,39954.35,0.553,1583961,-0.4613,6.9,1,43,Monthly,11,False,Retain,867204.0
CLT0111,2023-04,SMB,Nordics,Gaming & Entertainment,11,2,SMS|Verification,74762.88,40193.74,0.538,1633208,0.0345,6.9,0,9,Monthly,12,False,Nurture,928106.39
CLT0111,2023-05,SMB,Nordics,Gaming & Entertainment,11,2,SMS|Verification,164095.04,89985.16,0.548,3619211,1.1949,6.9,2,75,Monthly,4,False,Nurture,4322066.44
CLT0111,2023-06,SMB,Nordics,Gaming & Entertainment,11,2,SMS|Verification,89948.24,43129.37,0.479,1988772,-0.4519,6.9,0,33,Monthly,7,False,Retain,1079378.88
CLT0111,2023-07,SMB,Nordics,Gaming & Entertainment,11,2,SMS|Verification,92502.8,49042.49,0.53,2052945,0.0284,6.9,3,32,Monthly,9,False,Nurture,1141558.55
CLT0111,2023-08,SMB,Nordics,Gaming & Entertainment,11,2,SMS|Verification,93968.6,45120.67,0.48,2098527,0.0158,6.9,1,78,Monthly,1,False,Nurture,1145439.65
CLT0111,2023-09,SMB,Nordics,Gaming & Entertainment,11,2,SMS|Verification,98804.16,44997.57,0.455,2214186,0.0515,6.9,4,15,Monthly,3,False,Nurture,1246710.89
CLT0111,2023-10,SMB,Nordics,Gaming & Entertainment,11,2,SMS|Verification,103424.0,39068.31,0.378,2327654,0.0468,6.9,1,36,Monthly,9,False,Nurture,1299170.92
CLT0111,2023-11,SMB,Nordics,Gaming & Entertainment,11,2,SMS|Verification,109447.36,54166.75,0.495,2481168,0.0582,6.9,2,37,Monthly,5,False,Nurture,1389806.36
CLT0112,2023-01,Enterprise,UK & Ireland,Healthcare,37,4,Voice|Verification|WhatsApp Business|SMS,858995.23,392964.34,0.457,8964565,0.0,9.5,4,62,Annual,10,False,Expand,10307942.76
CLT0112,2023-03,Enterprise,UK & Ireland,Healthcare,37,4,Voice|Verification|WhatsApp Business|SMS,447617.57,215110.73,0.481,4739291,-0.4789,9.5,0,32,Annual,7,False,Retain,5371410.84
CLT0112,2023-04,Enterprise,UK & Ireland,Healthcare,37,4,Voice|Verification|WhatsApp Business|SMS,447241.85,192658.45,0.431,4764609,-0.0008,9.5,2,86,Annual,6,False,Nurture,5366902.2
CLT0112,2023-05,Enterprise,UK & Ireland,Healthcare,37,4,Voice|Verification|WhatsApp Business|SMS,930869.91,433690.52,0.466,10278749,1.0814,9.5,2,53,Annual,2,False,Expand,23250151.57
CLT0112,2023-06,Enterprise,UK & Ireland,Healthcare,37,4,Voice|Verification|WhatsApp Business|SMS,501925.57,211479.76,0.421,5774348,-0.4608,9.5,1,9,Annual,6,False,Retain,6023106.84
CLT0112,2023-07,Enterprise,UK & Ireland,Healthcare,37,4,Voice|Verification|WhatsApp Business|SMS,491482.55,246918.65,0.502,5710780,-0.0208,9.5,3,53,Annual,9,False,Nurture,5897790.6
CLT0112,2023-08,Enterprise,UK & Ireland,Healthcare,37,4,Voice|Verification|WhatsApp Business|SMS,491447.32,268515.62,0.546,5757044,-0.0001,9.5,3,52,Annual,3,False,Nurture,5897367.84
CLT0112,2023-09,Enterprise,UK & Ireland,Healthcare,37,4,Voice|Verification|WhatsApp Business|SMS,476884.51,234778.83,0.492,5710700,-0.0296,9.5,2,17,Annual,12,False,Nurture,5722614.12
CLT0112,2023-10,Enterprise,UK & Ireland,Healthcare,37,4,Voice|Verification|WhatsApp Business|SMS,482913.63,233703.29,0.484,5758678,0.0126,9.5,4,31,Annual,1,False,Expand,5867980.1
CLT0112,2023-11,Enterprise,UK & Ireland,Healthcare,37,4,Voice|Verification|WhatsApp Business|SMS,485655.99,229036.03,0.472,5947042,0.0057,9.5,1,60,Annual,1,False,Expand,5861090.75
CLT0113,2023-01,Mid-Market,UK & Ireland,Logistics,6,2,SMS|Voice,159814.96,65368.88,0.409,1946604,0.0,7.7,2,85,Annual,7,False,Nurture,1917779.52
CLT0113,2023-03,Mid-Market,UK & Ireland,Logistics,6,2,SMS|Voice,84050.32,44185.22,0.526,997528,-0.4741,7.7,4,43,Annual,10,False,Retain,1008603.84
CLT0113,2023-04,Mid-Market,UK & Ireland,Logistics,6,2,SMS|Voice,85461.24,34759.3,0.407,1015399,0.0168,7.7,1,33,Annual,9,False,Nurture,1042763.87
CLT0113,2023-05,Mid-Market,UK & Ireland,Logistics,6,2,SMS|Voice,187710.48,78766.83,0.42,2221296,1.1964,7.7,2,4,Annual,6,False,Upsell,4947447.58
CLT0113,2023-06,Mid-Market,UK & Ireland,Logistics,6,2,SMS|Voice,91896.92,45951.88,0.5,1100619,-0.5104,7.7,0,30,Annual,2,False,Retain,1102763.04
CLT0113,2023-07,Mid-Market,UK & Ireland,Logistics,6,2,SMS|Voice,96591.48,45360.14,0.47,1139781,0.0511,7.7,0,49,Annual,1,False,Upsell,1218327.66
CLT0113,2023-08,Mid-Market,UK & Ireland,Logistics,6,2,SMS|Voice,95788.44,39109.5,0.408,1111975,-0.0083,7.7,2,17,Annual,12,False,Nurture,1149461.28
CLT0113,2023-09,Mid-Market,UK & Ireland,Logistics,6,2,SMS|Voice,101238.64,50364.5,0.497,1174336,0.0569,7.7,3,17,Annual,8,False,Upsell,1283989.42
CLT0113,2023-10,Mid-Market,UK & Ireland,Logistics,6,2,SMS|Voice,103245.72,55817.57,0.541,1182909,0.0198,7.7,0,82,Annual,5,False,Nurture,1263479.82
CLT0113,2023-11,Mid-Market,UK & Ireland,Logistics,6,2,SMS|Voice,100941.8,38606.41,0.382,1170147,-0.0223,7.7,5,31,Annual,4,False,Retain,1211301.6
CLT0114,2023-01,Enterprise,LATAM,Fintech,24,2,Voice|Verification,378177.6,171111.79,0.452,3737074,0.0,7.9,1,7,Multi-year,4,False,Nurture,4538131.2
CLT0114,2023-03,Enterprise,LATAM,Fintech,24,2,Voice|Verification,208876.72,108146.77,0.518,2061683,-0.4477,7.9,5,57,Multi-year,11,False,Retain,2506520.64
CLT0114,2023-04,Enterprise,LATAM,Fintech,24,2,Voice|Verification,215550.44,91904.02,0.426,2129402,0.032,7.9,2,23,Multi-year,11,False,Upsell,2669376.65
CLT0114,2023-05,Enterprise,LATAM,Fintech,24,2,Voice|Verification,472826.6,193028.59,0.408,4673016,1.1936,7.9,5,63,Multi-year,2,False,Upsell,12446309.16
CLT0114,2023-06,Enterprise,LATAM,Fintech,24,2,Voice|Verification,251027.0,99762.16,0.397,2482490,-0.4691,7.9,2,69,Multi-year,7,False,Retain,3012324.0
CLT0114,2023-07,Enterprise,LATAM,Fintech,24,2,Voice|Verification,255478.08,119320.1,0.467,2546502,0.0177,7.9,2,82,Multi-year,11,False,Nurture,3120000.5
CLT0114,2023-08,Enterprise,LATAM,Fintech,24,2,Voice|Verification,267820.28,133939.69,0.5,2674744,0.0483,7.9,5,21,Multi-year,5,False,Upsell,3369071.99
CLT0114,2023-09,Enterprise,LATAM,Fintech,24,2,Voice|Verification,276241.76,154311.61,0.559,2731350,0.0314,7.9,0,39,Multi-year,8,False,Upsell,3418989.02
CLT0114,2023-10,Enterprise,LATAM,Fintech,24,2,Voice|Verification,276245.16,141654.68,0.513,2733236,0.0,7.9,4,46,Multi-year,7,False,Nurture,3314941.92
CLT0114,2023-11,Enterprise,LATAM,Fintech,24,2,Voice|Verification,300361.48,116976.49,0.389,2971440,0.0873,7.9,2,25,Multi-year,2,False,Upsell,3918996.45
CLT0115,2023-01,Enterprise,UK & Ireland,Logistics,33,3,Verification|Voice|WhatsApp Business,589772.19,309899.58,0.525,2717546,0.0,7.3,4,14,Annual,3,False,Expand,7077266.28
CLT0115,2023-03,Enterprise,UK & Ireland,Logistics,33,3,Verification|Voice|WhatsApp Business,284505.71,133274.5,0.468,1345814,-0.5176,7.3,1,81,Annual,2,False,Retain,3414068.52
CLT0115,2023-04,Enterprise,UK & Ireland,Logistics,33,3,Verification|Voice|WhatsApp Business,288775.74,159365.32,0.552,1365715,0.015,7.3,4,27,Annual,9,False,Expand,3517288.51
CLT0115,2023-05,Enterprise,UK & Ireland,Logistics,33,3,Verification|Voice|WhatsApp Business,562727.95,301730.92,0.536,2701949,0.9487,7.3,3,90,Annual,1,False,Upsell,13159055.47
CLT0115,2023-06,Enterprise,UK & Ireland,Logistics,33,3,Verification|Voice|WhatsApp Business,285985.24,136619.18,0.478,1417365,-0.4918,7.3,6,63,Annual,9,False,Retain,3431822.88
CLT0115,2023-07,Enterprise,UK & Ireland,Logistics,33,3,Verification|Voice|WhatsApp Business,281675.5,146199.91,0.519,1433169,-0.0151,7.3,1,24,Annual,9,False,Nurture,3380106.0
CLT0115,2023-08,Enterprise,UK & Ireland,Logistics,33,3,Verification|Voice|WhatsApp Business,281252.8,111167.12,0.395,1467650,-0.0015,7.3,2,63,Annual,9,False,Nurture,3375033.6
CLT0115,2023-09,Enterprise,UK & Ireland,Logistics,33,3,Verification|Voice|WhatsApp Business,288970.11,153932.49,0.533,1503183,0.0274,7.3,1,7,Annual,7,False,Expand,3562654.69
CLT0115,2023-10,Enterprise,UK & Ireland,Logistics,33,3,Verification|Voice|WhatsApp Business,282832.48,108865.7,0.385,1518736,-0.0212,7.3,1,54,Annual,2,False,Nurture,3393989.76
CLT0115,2023-11,Enterprise,UK & Ireland,Logistics,33,3,Verification|Voice|WhatsApp Business,274171.66,132915.97,0.485,1500194,-0.0306,7.3,3,41,Annual,12,False,Nurture,3290059.92
CLT0116,2023-01,Enterprise,Southern Europe,Healthcare,50,3,Voice|SMS|WhatsApp Business,619389.0,269575.58,0.435,9632772,0.0,9.4,3,39,Annual,6,False,Expand,7432668.0
CLT0116,2023-03,Enterprise,Southern Europe,Healthcare,50,3,Voice|SMS|WhatsApp Business,319031.96,162066.96,0.508,4974330,-0.4849,9.4,1,80,Annual,9,False,Retain,3828383.52
CLT0116,2023-04,Enterprise,Southern Europe,Healthcare,50,3,Voice|SMS|WhatsApp Business,324144.5,121604.62,0.375,5072070,0.016,9.4,2,43,Annual,9,False,Expand,3951969.74
CLT0116,2023-05,Enterprise,Southern Europe,Healthcare,50,3,Voice|SMS|WhatsApp Business,673574.06,303935.37,0.451,10720642,1.078,9.4,3,52,Annual,7,False,Upsell,16796242.76
CLT0116,2023-06,Enterprise,Southern Europe,Healthcare,50,3,Voice|SMS|WhatsApp Business,330326.06,133947.13,0.405,5304197,-0.5096,9.4,5,30,Annual,6,False,Retain,3963912.72
CLT0116,2023-07,Enterprise,Southern Europe,Healthcare,50,3,Voice|SMS|WhatsApp Business,347459.25,172463.98,0.496,5640310,0.0519,9.4,0,56,Annual,6,False,Upsell,4385908.62
CLT0116,2023-08,Enterprise,Southern Europe,Healthcare,50,3,Voice|SMS|WhatsApp Business,342652.99,157018.99,0.458,5646791,-0.0138,9.4,1,38,Annual,2,False,Nurture,4111835.88
CLT0116,2023-09,Enterprise,Southern Europe,Healthcare,50,3,Voice|SMS|WhatsApp Business,359206.34,153661.73,0.428,5991174,0.0483,9.4,2,67,Annual,1,False,Upsell,4518672.07
CLT0116,2023-10,Enterprise,Southern Europe,Healthcare,50,3,Voice|SMS|WhatsApp Business,380019.09,194178.9,0.511,6471392,0.0579,9.4,5,22,Annual,11,False,Upsell,4824266.34
CLT0116,2023-11,Enterprise,Southern Europe,Healthcare,50,3,Voice|SMS|WhatsApp Business,388765.75,182178.02,0.469,6577527,0.023,9.4,2,71,Annual,11,False,Expand,4772488.35
CLT0117,2023-01,Mid-Market,Nordics,Technology & SaaS,28,2,SMS|Voice,310162.76,154973.88,0.5,6125607,0.0,7.5,1,67,Monthly,3,False,Nurture,3721953.12
CLT0117,2023-03,Mid-Market,Nordics,Technology & SaaS,28,2,SMS|Voice,158009.0,85947.71,0.544,3081633,-0.4906,7.5,3,44,Monthly,3,False,Retain,1896108.0
CLT0117,2023-04,Mid-Market,Nordics,Technology & SaaS,28,2,SMS|Voice,159192.16,64465.06,0.405,3097508,0.0075,7.5,1,10,Monthly,3,False,Nurture,1924633.21
CLT0117,2023-05,Mid-Market,Nordics,Technology & SaaS,28,2,SMS|Voice,320657.16,154317.77,0.481,6107427,1.0143,7.5,0,85,Monthly,9,False,Upsell,7750796.61
CLT0117,2023-06,Mid-Market,Nordics,Technology & SaaS,28,2,SMS|Voice,157536.92,74921.34,0.476,2917713,-0.5087,7.5,2,70,Monthly,7,False,Retain,1890443.04
CLT0117,2023-07,Mid-Market,Nordics,Technology & SaaS,28,2,SMS|Voice,155340.08,60110.49,0.387,2867124,-0.0139,7.5,2,56,Monthly,10,False,Nurture,1864080.96
CLT0117,2023-08,Mid-Market,Nordics,Technology & SaaS,28,2,SMS|Voice,150300.64,67703.23,0.45,2700682,-0.0324,7.5,2,6,Monthly,6,False,Nurture,1803607.68
CLT0117,2023-09,Mid-Market,Nordics,Technology & SaaS,28,2,SMS|Voice,155521.52,80809.74,0.52,2750294,0.0347,7.5,1,79,Monthly,5,False,Upsell,1931017.4
CLT0117,2023-10,Mid-Market,Nordics,Technology & SaaS,28,2,SMS|Voice,155187.04,73530.41,0.474,2736386,-0.0022,7.5,2,50,Monthly,10,False,Nurture,1862244.48
CLT0117,2023-11,Mid-Market,Nordics,Technology & SaaS,28,2,SMS|Voice,157321.36,65090.47,0.414,2660944,0.0138,7.5,3,78,Monthly,9,False,Nurture,1913908.74
CLT0118,2023-01,SMB,LATAM,Fintech,15,2,SMS|Verification,28043.0,10986.62,0.392,583414,0.0,6.7,4,40,Annual,3,False,Nurture,336516.0
CLT0118,2023-03,SMB,LATAM,Fintech,15,2,SMS|Verification,14060.08,7527.12,0.535,287986,-0.4986,6.7,1,69,Annual,9,False,Retain,168720.96
CLT0118,2023-04,SMB,LATAM,Fintech,15,2,SMS|Verification,14415.4,7585.81,0.526,292687,0.0253,6.7,0,21,Annual,12,False,Nurture,177361.32
CLT0118,2023-05,SMB,LATAM,Fintech,15,2,SMS|Verification,27941.48,13410.37,0.48,554132,0.9383,6.7,3,69,Annual,5,False,Nurture,649907.65
CLT0118,2023-06,SMB,LATAM,Fintech,15,2,SMS|Verification,13838.28,6434.6,0.465,268853,-0.5047,6.7,2,58,Annual,1,False,Retain,166059.36
CLT0118,2023-07,SMB,LATAM,Fintech,15,2,SMS|Verification,14091.92,6696.61,0.475,271908,0.0183,6.7,1,43,Annual,3,False,Nurture,172197.63
CLT0118,2023-08,SMB,LATAM,Fintech,15,2,SMS|Verification,14547.56,6082.81,0.418,280779,0.0323,6.7,1,6,Annual,4,False,Nurture,180209.35
CLT0118,2023-09,SMB,LATAM,Fintech,15,2,SMS|Verification,14709.52,6723.95,0.457,284705,0.0111,6.7,0,11,Annual,11,False,Nurture,178473.55
CLT0118,2023-10,SMB,LATAM,Fintech,15,2,SMS|Verification,14320.12,7090.74,0.495,269604,-0.0265,6.7,3,29,Annual,11,False,Nurture,171841.44
CLT0118,2023-11,SMB,LATAM,Fintech,15,2,SMS|Verification,15445.56,8380.39,0.543,290473,0.0786,6.7,4,22,Annual,10,False,Nurture,199914.97
CLT0119,2023-01,Mid-Market,Nordics,Retail & E-commerce,32,3,SMS|Email|Voice,300470.56,141004.3,0.469,15477200,0.0,8.5,2,70,Multi-year,9,False,Nurture,3605646.72
CLT0119,2023-03,Mid-Market,Nordics,Retail & E-commerce,32,3,SMS|Email|Voice,159824.85,75725.06,0.474,8081964,-0.4681,8.5,2,59,Multi-year,2,False,Retain,1917898.2
CLT0119,2023-04,Mid-Market,Nordics,Retail & E-commerce,32,3,SMS|Email|Voice,159970.32,75520.74,0.472,8377203,0.0009,8.5,2,22,Multi-year,4,False,Nurture,1921371.52
CLT0119,2023-05,Mid-Market,Nordics,Retail & E-commerce,32,3,SMS|Email|Voice,329262.88,155774.02,0.473,17178196,1.0583,8.5,4,21,Multi-year,1,False,Upsell,8132661.43
CLT0119,2023-06,Mid-Market,Nordics,Retail & E-commerce,32,3,SMS|Email|Voice,166108.79,91877.8,0.553,8814898,-0.4955,8.5,3,27,Multi-year,7,False,Retain,1993305.48
CLT0119,2023-07,Mid-Market,Nordics,Retail & E-commerce,32,3,SMS|Email|Voice,166478.21,71131.61,0.427,9120988,0.0022,8.5,2,49,Multi-year,9,False,Nurture,2002133.54
CLT0119,2023-08,Mid-Market,Nordics,Retail & E-commerce,32,3,SMS|Email|Voice,176459.24,86385.22,0.49,9280531,0.06,8.5,1,56,Multi-year,5,False,Upsell,2244561.53
CLT0119,2023-09,Mid-Market,Nordics,Retail & E-commerce,32,3,SMS|Email|Voice,186953.23,82569.15,0.442,9593148,0.0595,8.5,0,17,Multi-year,8,False,Upsell,2376923.37
CLT0119,2023-10,Mid-Market,Nordics,Retail & E-commerce,32,3,SMS|Email|Voice,191855.27,86539.01,0.451,9592209,0.0262,8.5,1,62,Multi-year,9,False,Nurture,2362582.54
CLT0119,2023-11,Mid-Market,Nordics,Retail & E-commerce,32,3,SMS|Email|Voice,197920.5,103262.69,0.522,9315992,0.0316,8.5,2,50,Multi-year,3,False,Upsell,2450097.45
CLT0120,2023-01,Enterprise,Nordics,Retail & E-commerce,19,2,WhatsApp Business|Email,198645.35,85848.43,0.432,18829409,0.0,7.8,2,55,Multi-year,9,False,Nurture,2383744.2
CLT0120,2023-03,Enterprise,Nordics,Retail & E-commerce,19,2,WhatsApp Business|Email,98292.52,39638.42,0.403,9178154,-0.5052,7.8,3,90,Multi-year,11,False,Retain,1179510.24
CLT0120,2023-04,Enterprise,Nordics,Retail & E-commerce,19,2,WhatsApp Business|Email,98840.29,44333.7,0.449,9378287,0.0056,7.8,1,44,Multi-year,3,False,Nurture,1192725.55
CLT0120,2023-05,Enterprise,Nordics,Retail & E-commerce,19,2,WhatsApp Business|Email,192677.62,95521.21,0.496,19781311,0.9494,7.8,0,61,Multi-year,3,False,Upsell,4507269.03
CLT0120,2023-06,Enterprise,Nordics,Retail & E-commerce,19,2,WhatsApp Business|Email,93058.56,37375.41,0.402,9440343,-0.517,7.8,1,68,Multi-year,8,False,Retain,1116702.72
CLT0120,2023-07,Enterprise,Nordics,Retail & E-commerce,19,2,WhatsApp Business|Email,91705.87,43813.17,0.478,9277932,-0.0145,7.8,3,49,Multi-year,1,False,Nurture,1100470.44
CLT0120,2023-08,Enterprise,Nordics,Retail & E-commerce,19,2,WhatsApp Business|Email,90174.1,44042.94,0.488,9075348,-0.0167,7.8,4,32,Multi-year,3,False,Nurture,1082089.2
CLT0120,2023-09,Enterprise,Nordics,Retail & E-commerce,19,2,WhatsApp Business|Email,92688.14,47648.54,0.514,9233169,0.0279,7.8,0,1,Multi-year,9,False,Nurture,1143289.67
CLT0120,2023-10,Enterprise,Nordics,Retail & E-commerce,19,2,WhatsApp Business|Email,96876.42,49982.62,0.516,9534763,0.0452,7.8,3,62,Multi-year,8,False,Upsell,1215062.81
CLT0120,2023-11,Enterprise,Nordics,Retail & E-commerce,19,2,WhatsApp Business|Email,100315.41,45292.48,0.452,10224851,0.0355,7.8,8,72,Multi-year,4,False,Upsell,1246519.28
CLT0121,2023-01,Mid-Market,North America,Retail & E-commerce,20,3,Email|SMS|WhatsApp Business,178989.14,82973.26,0.464,13186104,0.0,7.3,1,35,Annual,8,False,Nurture,2147869.68
CLT0121,2023-03,Mid-Market,North America,Retail & E-commerce,20,3,Email|SMS|WhatsApp Business,93171.21,48990.95,0.526,6982776,-0.4795,7.3,1,11,Annual,12,False,Retain,1118054.52
CLT0121,2023-04,Mid-Market,North America,Retail & E-commerce,20,3,Email|SMS|WhatsApp Business,95401.0,44451.21,0.466,7154041,0.0239,7.3,1,1,Annual,7,False,Nurture,1172173.01
CLT0121,2023-05,Mid-Market,North America,Retail & E-commerce,20,3,Email|SMS|WhatsApp Business,200828.45,94475.51,0.47,15490018,1.1051,7.3,1,24,Annual,11,False,Upsell,5073167.64
CLT0121,2023-06,Mid-Market,North America,Retail & E-commerce,20,3,Email|SMS|WhatsApp Business,101982.24,54961.3,0.539,7683820,-0.4922,7.3,1,69,Annual,4,False,Retain,1223786.88
CLT0121,2023-07,Mid-Market,North America,Retail & E-commerce,20,3,Email|SMS|WhatsApp Business,103610.18,41302.33,0.399,7481813,0.016,7.3,6,29,Annual,5,False,Retain,1263215.31
CLT0121,2023-08,Mid-Market,North America,Retail & E-commerce,20,3,Email|SMS|WhatsApp Business,103543.38,45726.45,0.442,7232509,-0.0006,7.3,2,82,Annual,11,False,Nurture,1242520.56
CLT0121,2023-09,Mid-Market,North America,Retail & E-commerce,20,3,Email|SMS|WhatsApp Business,109864.1,54472.99,0.496,7591402,0.061,7.3,3,45,Annual,11,False,Upsell,1398789.72
CLT0121,2023-10,Mid-Market,North America,Retail & E-commerce,20,3,Email|SMS|WhatsApp Business,116604.64,49982.12,0.429,8106473,0.0614,7.3,3,48,Annual,8,False,Upsell,1485169.98
CLT0121,2023-11,Mid-Market,North America,Retail & E-commerce,20,3,Email|SMS|WhatsApp Business,121291.94,54966.26,0.453,8799229,0.0402,7.3,5,32,Annual,6,False,Upsell,1514014.51
CLT0122,2023-01,Enterprise,UK & Ireland,Retail & E-commerce,33,4,SMS|Voice|WhatsApp Business|Email,720162.02,331779.82,0.461,17987365,0.0,8.2,2,55,Multi-year,3,False,Expand,8641944.24
CLT0122,2023-03,Enterprise,UK & Ireland,Retail & E-commerce,33,4,SMS|Voice|WhatsApp Business|Email,373290.5,183041.48,0.49,9924773,-0.4817,8.2,1,25,Multi-year,11,False,Retain,4479486.0
CLT0122,2023-04,Enterprise,UK & Ireland,Retail & E-commerce,33,4,SMS|Voice|WhatsApp Business|Email,373210.66,185486.78,0.497,10473361,-0.0002,8.2,1,17,Multi-year,8,False,Nurture,4478527.92
CLT0122,2023-05,Enterprise,UK & Ireland,Retail & E-commerce,33,4,SMS|Voice|WhatsApp Business|Email,754936.32,394715.54,0.523,20872359,1.0228,8.2,2,64,Multi-year,11,False,Expand,18325022.26
CLT0122,2023-06,Enterprise,UK & Ireland,Retail & E-commerce,33,4,SMS|Voice|WhatsApp Business|Email,387209.0,173570.58,0.448,10886757,-0.4871,8.2,2,5,Multi-year,1,False,Retain,4646508.0
CLT0122,2023-07,Enterprise,UK & Ireland,Retail & E-commerce,33,4,SMS|Voice|WhatsApp Business|Email,402389.45,212537.21,0.528,10962430,0.0392,8.2,1,33,Multi-year,6,False,Expand,5017957.4
CLT0122,2023-08,Enterprise,UK & Ireland,Retail & E-commerce,33,4,SMS|Voice|WhatsApp Business|Email,422450.96,184680.9,0.437,11344169,0.0499,8.2,0,28,Multi-year,6,False,Expand,5322375.15
CLT0122,2023-09,Enterprise,UK & Ireland,Retail & E-commerce,33,4,SMS|Voice|WhatsApp Business|Email,432700.33,195934.35,0.453,12009541,0.0243,8.2,0,68,Multi-year,6,False,Expand,5318579.38
CLT0122,2023-10,Enterprise,UK & Ireland,Retail & E-commerce,33,4,SMS|Voice|WhatsApp Business|Email,446188.93,195462.17,0.438,12503956,0.0312,8.2,1,75,Multi-year,8,False,Expand,5521320.3
CLT0122,2023-11,Enterprise,UK & Ireland,Retail & E-commerce,33,4,SMS|Voice|WhatsApp Business|Email,468830.84,246805.89,0.526,12494244,0.0507,8.2,2,28,Multi-year,1,False,Expand,5911206.76
CLT0123,2023-01,Mid-Market,APAC,Retail & E-commerce,18,3,SMS|Email|WhatsApp Business,359885.85,186632.66,0.519,8584254,0.0,7.2,0,17,Monthly,8,False,Nurture,4318630.2
CLT0123,2023-03,Mid-Market,APAC,Retail & E-commerce,18,3,SMS|Email|WhatsApp Business,189989.46,95945.3,0.505,4519905,-0.4721,7.2,2,29,Monthly,12,False,Retain,2279873.52
CLT0123,2023-04,Mid-Market,APAC,Retail & E-commerce,18,3,SMS|Email|WhatsApp Business,207395.21,83964.08,0.405,4628926,0.0916,7.2,1,82,Monthly,11,False,Upsell,2716711.33
CLT0123,2023-05,Mid-Market,APAC,Retail & E-commerce,18,3,SMS|Email|WhatsApp Business,440907.8,194391.47,0.441,10145328,1.1259,7.2,1,17,Monthly,3,False,Upsell,11247910.7
CLT0123,2023-06,Mid-Market,APAC,Retail & E-commerce,18,3,SMS|Email|WhatsApp Business,242020.53,93362.06,0.386,5451859,-0.4511,7.2,2,71,Monthly,6,False,Retain,2904246.36
CLT0123,2023-07,Mid-Market,APAC,Retail & E-commerce,18,3,SMS|Email|WhatsApp Business,254567.92,106999.74,0.42,5587646,0.0518,7.2,3,58,Monthly,1,False,Upsell,3213054.46
CLT0123,2023-08,Mid-Market,APAC,Retail & E-commerce,18,3,SMS|Email|WhatsApp Business,268210.16,140979.93,0.526,5637541,0.0536,7.2,3,40,Monthly,12,False,Upsell,3391034.69
CLT0123,2023-09,Mid-Market,APAC,Retail & E-commerce,18,3,SMS|Email|WhatsApp Business,271063.88,146939.57,0.542,5713796,0.0106,7.2,0,21,Monthly,5,False,Nurture,3287245.89
CLT0123,2023-10,Mid-Market,APAC,Retail & E-commerce,18,3,SMS|Email|WhatsApp Business,295831.08,167567.53,0.566,5791953,0.0914,7.2,4,6,Monthly,12,False,Upsell,3874440.49
CLT0123,2023-11,Mid-Market,APAC,Retail & E-commerce,18,3,SMS|Email|WhatsApp Business,313086.7,157557.94,0.503,6073726,0.0583,7.2,2,20,Monthly,6,False,Upsell,3976075.86
CLT0124,2023-01,SMB,UK & Ireland,Gaming & Entertainment,5,2,Verification|SMS,74496.32,34850.58,0.468,1083383,0.0,5.6,6,117,Monthly,6,True,Retain,893955.84
CLT0124,2023-03,SMB,UK & Ireland,Gaming & Entertainment,5,2,Verification|SMS,35391.56,14948.96,0.422,511873,-0.5249,5.6,5,104,Monthly,7,True,Retain,424698.72
CLT0124,2023-04,SMB,UK & Ireland,Gaming & Entertainment,5,2,Verification|SMS,33241.04,12742.36,0.383,483863,-0.0608,5.6,2,163,Monthly,10,True,Retain,398892.48
CLT0124,2023-05,SMB,UK & Ireland,Gaming & Entertainment,5,2,Verification|SMS,60481.48,31691.25,0.524,887744,0.8195,5.6,1,87,Monthly,10,True,Retain,1320552.63
CLT0124,2023-06,SMB,UK & Ireland,Gaming & Entertainment,5,2,Verification|SMS,26788.6,13774.25,0.514,394463,-0.5571,5.6,5,145,Monthly,8,True,Retain,321463.2
CLT0124,2023-07,SMB,UK & Ireland,Gaming & Entertainment,5,2,Verification|SMS,26875.24,14218.58,0.529,389159,0.0032,5.6,5,39,Monthly,5,True,Retain,323534.89
CLT0124,2023-08,SMB,UK & Ireland,Gaming & Entertainment,5,2,Verification|SMS,24952.72,10499.14,0.421,360417,-0.0715,5.6,4,56,Monthly,2,True,Retain,299432.64
CLT0124,2023-09,SMB,UK & Ireland,Gaming & Entertainment,5,2,Verification|SMS,24473.28,9921.24,0.405,351702,-0.0192,5.6,4,136,Monthly,8,True,Retain,293679.36
CLT0124,2023-10,SMB,UK & Ireland,Gaming & Entertainment,5,2,Verification|SMS,23542.64,10633.0,0.452,338140,-0.038,5.6,10,172,Monthly,9,True,Retain,282511.68
CLT0124,2023-11,SMB,UK & Ireland,Gaming & Entertainment,5,2,Verification|SMS,21309.28,12177.55,0.571,303608,-0.0949,5.6,1,47,Monthly,6,True,Retain,255711.36
CLT0125,2023-01,Enterprise,LATAM,Gaming & Entertainment,47,4,Voice|SMS|Verification|Email,516241.72,248117.22,0.481,17292113,0.0,6.9,4,75,Annual,7,False,Expand,6194900.64
CLT0125,2023-03,Enterprise,LATAM,Gaming & Entertainment,47,4,Voice|SMS|Verification|Email,268128.87,128241.76,0.478,8995852,-0.4806,6.9,0,82,Annual,5,False,Retain,3217546.44
CLT0125,2023-04,Enterprise,LATAM,Gaming & Entertainment,47,4,Voice|SMS|Verification|Email,281144.01,129745.76,0.461,9374740,0.0485,6.9,1,52,Annual,11,False,Expand,3537353.93
CLT0125,2023-05,Enterprise,LATAM,Gaming & Entertainment,47,4,Voice|SMS|Verification|Email,570953.65,281431.91,0.493,18260159,1.0308,6.9,1,59,Annual,4,False,Expand,13913912.07
CLT0125,2023-06,Enterprise,LATAM,Gaming & Entertainment,47,4,Voice|SMS|Verification|Email,299930.89,135327.87,0.451,9299769,-0.4747,6.9,3,68,Annual,7,False,Retain,3599170.68
CLT0125,2023-07,Enterprise,LATAM,Gaming & Entertainment,47,4,Voice|SMS|Verification|Email,311560.28,179211.75,0.575,9303382,0.0388,6.9,3,44,Annual,7,False,Expand,3883785.83
CLT0125,2023-08,Enterprise,LATAM,Gaming & Entertainment,47,4,Voice|SMS|Verification|Email,318205.29,132389.57,0.416,9135250,0.0213,6.9,2,78,Annual,1,False,Expand,3899796.75
CLT0125,2023-09,Enterprise,LATAM,Gaming & Entertainment,47,4,Voice|SMS|Verification|Email,321833.0,163398.21,0.508,8801174,0.0114,6.9,0,39,Annual,5,False,Expand,3906022.75
CLT0125,2023-10,Enterprise,LATAM,Gaming & Entertainment,47,4,Voice|SMS|Verification|Email,337549.75,135884.52,0.403,9299628,0.0488,6.9,3,66,Annual,11,False,Expand,4248266.13
CLT0125,2023-11,Enterprise,LATAM,Gaming & Entertainment,47,4,Voice|SMS|Verification|Email,333475.63,151009.3,0.453,9208936,-0.0121,6.9,0,34,Annual,12,False,Nurture,4001707.56
CLT0126,2023-01,Mid-Market,UK & Ireland,Technology & SaaS,7,2,Email|SMS,210381.83,121407.5,0.577,15531045,0.0,7.2,1,86,Monthly,7,False,Nurture,2524581.96
CLT0126,2023-03,Mid-Market,UK & Ireland,Technology & SaaS,7,2,Email|SMS,114179.34,61735.37,0.541,8545388,-0.4573,7.2,4,64,Monthly,12,False,Retain,1370152.08
CLT0126,2023-04,Mid-Market,UK & Ireland,Technology & SaaS,7,2,Email|SMS,117017.11,51087.27,0.437,9189636,0.0249,7.2,2,30,Monthly,4,False,Nurture,1439170.03
CLT0126,2023-05,Mid-Market,UK & Ireland,Technology & SaaS,7,2,Email|SMS,240704.72,123040.61,0.511,18513353,1.057,7.2,3,24,Monthly,12,False,Upsell,5941555.31
CLT0126,2023-06,Mid-Market,UK & Ireland,Technology & SaaS,7,2,Email|SMS,127681.97,63332.65,0.496,9364876,-0.4695,7.2,0,23,Monthly,10,False,Retain,1532183.64
CLT0126,2023-07,Mid-Market,UK & Ireland,Technology & SaaS,7,2,Email|SMS,130566.85,65416.3,0.501,9603127,0.0226,7.2,1,10,Monthly,12,False,Nurture,1602211.93
CLT0126,2023-08,Mid-Market,UK & Ireland,Technology & SaaS,7,2,Email|SMS,132424.4,63367.31,0.479,9815289,0.0142,7.2,3,21,Monthly,5,False,Nurture,1611657.92
CLT0126,2023-09,Mid-Market,UK & Ireland,Technology & SaaS,7,2,Email|SMS,135975.9,50956.57,0.375,10301856,0.0268,7.2,1,70,Monthly,10,False,Nurture,1675440.65
CLT0126,2023-10,Mid-Market,UK & Ireland,Technology & SaaS,7,2,Email|SMS,143360.8,62968.79,0.439,10748156,0.0543,7.2,0,43,Monthly,6,False,Upsell,1813743.5
CLT0126,2023-11,Mid-Market,UK & Ireland,Technology & SaaS,7,2,Email|SMS,148518.38,75160.86,0.506,11314284,0.036,7.2,1,69,Monthly,8,False,Upsell,1846380.5
CLT0127,2023-01,Mid-Market,Southern Europe,Gaming & Entertainment,29,4,SMS|Email|Verification|Voice,319067.27,162322.46,0.509,6457906,0.0,6.6,4,142,Annual,1,True,Retain,3828807.24
CLT0127,2023-03,Mid-Market,Southern Europe,Gaming & Entertainment,29,4,SMS|Email|Verification|Voice,151235.54,71287.83,0.471,3000419,-0.526,6.6,3,32,Annual,11,True,Retain,1814826.48
CLT0127,2023-04,Mid-Market,Southern Europe,Gaming & Entertainment,29,4,SMS|Email|Verification|Voice,145042.28,70541.28,0.486,2840602,-0.041,6.6,7,138,Annual,3,True,Retain,1740507.36
CLT0127,2023-05,Mid-Market,Southern Europe,Gaming & Entertainment,29,4,SMS|Email|Verification|Voice,268797.49,135934.16,0.506,5246662,0.8532,6.6,4,91,Annual,11,True,Retain,5977626.1
CLT0127,2023-06,Mid-Market,Southern Europe,Gaming & Entertainment,29,4,SMS|Email|Verification|Voice,125324.1,66362.73,0.53,2382184,-0.5338,6.6,7,97,Annual,6,True,Retain,1503889.2
CLT0127,2023-07,Mid-Market,Southern Europe,Gaming & Entertainment,29,4,SMS|Email|Verification|Voice,120680.96,61033.36,0.506,2261124,-0.037,6.6,5,179,Annual,10,True,Retain,1448171.52
CLT0127,2023-08,Mid-Market,Southern Europe,Gaming & Entertainment,29,4,SMS|Email|Verification|Voice,115738.68,59489.12,0.514,2154162,-0.041,6.6,2,101,Annual,3,True,Retain,1388864.16
CLT0127,2023-09,Mid-Market,Southern Europe,Gaming & Entertainment,29,4,SMS|Email|Verification|Voice,108153.47,47613.54,0.44,1980602,-0.0655,6.6,4,137,Annual,5,True,Retain,1297841.64
CLT0127,2023-10,Mid-Market,Southern Europe,Gaming & Entertainment,29,4,SMS|Email|Verification|Voice,101882.88,46582.58,0.457,1850489,-0.058,6.6,3,38,Annual,8,True,Retain,1222594.56
CLT0127,2023-11,Mid-Market,Southern Europe,Gaming & Entertainment,29,4,SMS|Email|Verification|Voice,95672.53,45688.24,0.478,1743492,-0.061,6.6,3,135,Annual,1,True,Retain,1148070.36
CLT0128,2023-01,Enterprise,North America,Logistics,29,3,WhatsApp Business|Voice|Verification,981476.21,493657.99,0.503,4677069,0.0,7.7,2,82,Multi-year,9,False,Expand,11777714.52
CLT0128,2023-03,Enterprise,North America,Logistics,29,3,WhatsApp Business|Voice|Verification,554321.43,264661.28,0.477,2563203,-0.4352,7.7,3,77,Multi-year,6,False,Retain,6651857.16
CLT0128,2023-04,Enterprise,North America,Logistics,29,3,WhatsApp Business|Voice|Verification,591722.39,312378.06,0.528,2676330,0.0675,7.7,1,27,Multi-year,1,False,Upsell,7579963.82
CLT0128,2023-05,Enterprise,North America,Logistics,29,3,WhatsApp Business|Voice|Verification,1259641.45,585801.91,0.465,5516952,1.1288,7.7,3,11,Multi-year,3,False,Upsell,32178296.63
CLT0128,2023-06,Enterprise,North America,Logistics,29,3,WhatsApp Business|Voice|Verification,682550.91,356705.56,0.523,2926963,-0.4581,7.7,0,7,Multi-year,4,False,Retain,8190610.92
CLT0128,2023-07,Enterprise,North America,Logistics,29,3,WhatsApp Business|Voice|Verification,719179.92,371670.67,0.517,3038056,0.0537,7.7,1,32,Multi-year,10,False,Upsell,9093598.58
CLT0128,2023-08,Enterprise,North America,Logistics,29,3,WhatsApp Business|Voice|Verification,748515.7,408849.61,0.546,3146105,0.0408,7.7,1,66,Multi-year,1,False,Upsell,9348661.69
CLT0128,2023-09,Enterprise,North America,Logistics,29,3,WhatsApp Business|Voice|Verification,771346.18,366569.46,0.475,3221375,0.0305,7.7,1,89,Multi-year,2,False,Upsell,9538466.86
CLT0128,2023-10,Enterprise,North America,Logistics,29,3,WhatsApp Business|Voice|Verification,791111.65,415164.16,0.525,3238710,0.0256,7.7,1,31,Multi-year,12,False,Expand,9736369.3
CLT0128,2023-11,Enterprise,North America,Logistics,29,3,WhatsApp Business|Voice|Verification,749148.62,317079.95,0.423,3209225,-0.053,7.7,2,65,Multi-year,8,False,Retain,8989783.44
CLT0129,2023-01,Mid-Market,Southern Europe,Fintech,7,2,Verification|SMS,196707.96,85994.64,0.437,3891979,0.0,7.4,0,12,Annual,7,False,Nurture,2360495.52
CLT0129,2023-03,Mid-Market,Southern Europe,Fintech,7,2,Verification|SMS,103435.8,37809.12,0.366,2035934,-0.4742,7.4,5,19,Annual,9,False,Retain,1241229.6
CLT0129,2023-04,Mid-Market,Southern Europe,Fintech,7,2,Verification|SMS,108607.08,61132.22,0.563,2142512,0.05,7.4,2,29,Annual,4,False,Upsell,1368449.21
CLT0129,2023-05,Mid-Market,Southern Europe,Fintech,7,2,Verification|SMS,225993.32,119765.76,0.53,4421921,1.0808,7.4,1,46,Annual,7,False,Upsell,5642962.8
CLT0129,2023-06,Mid-Market,Southern Europe,Fintech,7,2,Verification|SMS,121363.2,45550.96,0.375,2401025,-0.463,7.4,3,71,Annual,10,False,Retain,1456358.4
CLT0129,2023-07,Mid-Market,Southern Europe,Fintech,7,2,Verification|SMS,132412.52,56931.45,0.43,2608384,0.091,7.4,3,7,Annual,6,False,Upsell,1733544.71
CLT0129,2023-08,Mid-Market,Southern Europe,Fintech,7,2,Verification|SMS,137739.44,55147.34,0.4,2719838,0.0402,7.4,4,71,Annual,2,False,Upsell,1719318.79
CLT0129,2023-09,Mid-Market,Southern Europe,Fintech,7,2,Verification|SMS,143339.8,54702.83,0.382,2797298,0.0407,7.4,1,5,Annual,9,False,Upsell,1790084.76
CLT0129,2023-10,Mid-Market,Southern Europe,Fintech,7,2,Verification|SMS,149579.84,82422.95,0.551,2947985,0.0435,7.4,4,87,Annual,1,False,Upsell,1873038.76
CLT0129,2023-11,Mid-Market,Southern Europe,Fintech,7,2,Verification|SMS,158993.28,73788.8,0.464,3116586,0.0629,7.4,2,15,Annual,6,False,Upsell,2027927.49
CLT0130,2023-01,SMB,APAC,Retail & E-commerce,6,2,SMS|Email,48997.51,24155.78,0.493,1908016,0.0,5.3,5,85,Annual,4,True,Retain,587970.12
CLT0130,2023-03,SMB,APAC,Retail & E-commerce,6,2,SMS|Email,23884.62,10643.79,0.446,895348,-0.5125,5.3,10,147,Annual,5,True,Retain,286615.44
CLT0130,2023-04,SMB,APAC,Retail & E-commerce,6,2,SMS|Email,24447.9,11098.11,0.454,901007,0.0236,5.3,2,80,Annual,6,True,Retain,300298.45
CLT0130,2023-05,SMB,APAC,Retail & E-commerce,6,2,SMS|Email,42648.9,19832.31,0.465,1616761,0.7445,5.3,1,133,Annual,8,True,Retain,892812.07
CLT0130,2023-06,SMB,APAC,Retail & E-commerce,6,2,SMS|Email,19510.11,9256.42,0.474,750747,-0.5425,5.3,3,35,Annual,3,True,Retain,234121.32
CLT0130,2023-07,SMB,APAC,Retail & E-commerce,6,2,SMS|Email,19334.02,10526.19,0.544,743488,-0.009,5.3,5,145,Annual,8,True,Retain,232008.24
CLT0130,2023-08,SMB,APAC,Retail & E-commerce,6,2,SMS|Email,17719.79,7391.19,0.417,695995,-0.0835,5.3,5,72,Annual,9,True,Retain,212637.48
CLT0130,2023-09,SMB,APAC,Retail & E-commerce,6,2,SMS|Email,16644.55,6565.23,0.394,650900,-0.0607,5.3,3,147,Annual,2,True,Retain,199734.6
CLT0130,2023-10,SMB,APAC,Retail & E-commerce,6,2,SMS|Email,18014.17,9025.49,0.501,684674,0.0823,5.3,5,111,Annual,7,True,Retain,233960.83
CLT0130,2023-11,SMB,APAC,Retail & E-commerce,6,2,SMS|Email,17334.83,9358.1,0.54,644397,-0.0377,5.3,4,123,Annual,10,True,Retain,208017.96
CLT0131,2023-01,Enterprise,DACH,Technology & SaaS,46,3,SMS|Email|Voice,424529.3,187789.71,0.442,29130685,0.0,10.0,4,56,Annual,11,False,Expand,5094351.6
CLT0131,2023-03,Enterprise,DACH,Technology & SaaS,46,3,SMS|Email|Voice,226949.66,96672.57,0.426,15079321,-0.4654,10.0,1,80,Annual,6,False,Retain,2723395.92
CLT0131,2023-04,Enterprise,DACH,Technology & SaaS,46,3,SMS|Email|Voice,237282.78,105375.94,0.444,15132384,0.0455,10.0,2,60,Annual,12,False,Upsell,2976949.76
CLT0131,2023-05,Enterprise,DACH,Technology & SaaS,46,3,SMS|Email|Voice,515956.67,244556.97,0.474,31934233,1.1744,10.0,1,75,Annual,11,False,Upsell,13462754.2
CLT0131,2023-06,Enterprise,DACH,Technology & SaaS,46,3,SMS|Email|Voice,289921.13,110226.48,0.38,17494055,-0.4381,10.0,2,38,Annual,6,False,Retain,3479053.56
CLT0131,2023-07,Enterprise,DACH,Technology & SaaS,46,3,SMS|Email|Voice,292449.41,142348.48,0.487,17421586,0.0087,10.0,1,64,Annual,6,False,Expand,3539924.64
CLT0131,2023-08,Enterprise,DACH,Technology & SaaS,46,3,SMS|Email|Voice,315622.09,125311.85,0.397,18416220,0.0792,10.0,2,73,Annual,6,False,Upsell,4087432.31
CLT0131,2023-09,Enterprise,DACH,Technology & SaaS,46,3,SMS|Email|Voice,320445.6,132252.9,0.413,18749464,0.0153,10.0,3,79,Annual,10,False,Expand,3904181.01
CLT0131,2023-10,Enterprise,DACH,Technology & SaaS,46,3,SMS|Email|Voice,342095.55,140524.41,0.411,19313942,0.0676,10.0,0,48,Annual,6,False,Upsell,4382654.51
CLT0131,2023-11,Enterprise,DACH,Technology & SaaS,46,3,SMS|Email|Voice,364429.13,149872.4,0.411,19858197,0.0653,10.0,1,4,Annual,6,False,Upsell,4658716.23
CLT0132,2023-01,Enterprise,APAC,Retail & E-commerce,29,4,Voice|WhatsApp Business|Email|SMS,526555.69,237779.98,0.452,29098451,0.0,9.5,0,42,Annual,11,False,Expand,6318668.28
CLT0132,2023-03,Enterprise,APAC,Retail & E-commerce,29,4,Voice|WhatsApp Business|Email|SMS,265155.77,143755.22,0.542,15027575,-0.4964,9.5,4,31,Annual,12,False,Retain,3181869.24
CLT0132,2023-04,Enterprise,APAC,Retail & E-commerce,29,4,Voice|WhatsApp Business|Email|SMS,268913.12,143489.14,0.534,15212980,0.0142,9.5,3,81,Annual,7,False,Expand,3272780.24
CLT0132,2023-05,Enterprise,APAC,Retail & E-commerce,29,4,Voice|WhatsApp Business|Email|SMS,537465.44,242296.05,0.451,30593496,0.9987,9.5,1,18,Annual,10,False,Expand,12890786.1
CLT0132,2023-06,Enterprise,APAC,Retail & E-commerce,29,4,Voice|WhatsApp Business|Email|SMS,266871.66,106342.48,0.398,15555780,-0.5035,9.5,2,81,Annual,2,False,Retain,3202459.92
CLT0132,2023-07,Enterprise,APAC,Retail & E-commerce,29,4,Voice|WhatsApp Business|Email|SMS,270675.01,144745.93,0.535,15359872,0.0143,9.5,1,57,Annual,2,False,Expand,3294547.95
CLT0132,2023-08,Enterprise,APAC,Retail & E-commerce,29,4,Voice|WhatsApp Business|Email|SMS,277075.76,138294.85,0.499,15958429,0.0236,9.5,2,39,Annual,9,False,Expand,3403376.98
CLT0132,2023-09,Enterprise,APAC,Retail & E-commerce,29,4,Voice|WhatsApp Business|Email|SMS,290811.79,123149.1,0.423,16649348,0.0496,9.5,6,47,Annual,5,False,Expand,3662832.66
CLT0132,2023-10,Enterprise,APAC,Retail & E-commerce,29,4,Voice|WhatsApp Business|Email|SMS,306384.97,150766.23,0.492,17491203,0.0536,9.5,6,10,Annual,9,False,Expand,3873686.45
CLT0132,2023-11,Enterprise,APAC,Retail & E-commerce,29,4,Voice|WhatsApp Business|Email|SMS,321475.92,143961.36,0.448,18044579,0.0493,9.5,2,29,Annual,10,False,Expand,4047896.19
CLT0133,2023-01,SMB,DACH,Logistics,4,2,SMS|Voice,84250.2,41479.59,0.492,2008823,0.0,6.3,2,45,Monthly,3,False,Nurture,1011002.4
CLT0133,2023-03,SMB,DACH,Logistics,4,2,SMS|Voice,45744.4,25862.06,0.565,1096756,-0.457,6.3,3,89,Monthly,6,False,Retain,548932.8
CLT0133,2023-04,SMB,DACH,Logistics,4,2,SMS|Voice,46559.4,22079.72,0.474,1118291,0.0178,6.3,2,17,Monthly,12,False,Nurture,568657.89
CLT0133,2023-05,SMB,DACH,Logistics,4,2,SMS|Voice,98859.64,46428.0,0.47,2373705,1.1233,6.3,0,85,Monthly,6,False,Nurture,2518904.08
CLT0133,2023-06,SMB,DACH,Logistics,4,2,SMS|Voice,54178.52,25962.13,0.479,1304293,-0.452,6.3,2,19,Monthly,1,False,Retain,650142.24
CLT0133,2023-07,SMB,DACH,Logistics,4,2,SMS|Voice,57442.8,24254.77,0.422,1386936,0.0603,6.3,2,59,Monthly,11,False,Nurture,730879.21
CLT0133,2023-08,SMB,DACH,Logistics,4,2,SMS|Voice,57745.2,31303.78,0.542,1395530,0.0053,6.3,2,68,Monthly,11,False,Nurture,696614.99
CLT0133,2023-09,SMB,DACH,Logistics,4,2,SMS|Voice,57255.24,31034.66,0.542,1383035,-0.0085,6.3,4,65,Monthly,3,False,Nurture,687062.88
CLT0133,2023-10,SMB,DACH,Logistics,4,2,SMS|Voice,58300.96,23671.36,0.406,1406962,0.0183,6.3,4,10,Monthly,7,False,Nurture,712414.41
CLT0133,2023-11,SMB,DACH,Logistics,4,2,SMS|Voice,60387.28,29529.78,0.489,1456228,0.0358,6.3,2,84,Monthly,6,False,Nurture,750589.74
CLT0134,2023-01,Mid-Market,UK & Ireland,Logistics,34,3,SMS|Voice|WhatsApp Business,199756.63,100276.99,0.502,2386002,0.0,7.7,0,13,Annual,2,False,Nurture,2397079.56
CLT0134,2023-03,Mid-Market,UK & Ireland,Logistics,34,3,SMS|Voice|WhatsApp Business,106391.88,45394.57,0.427,1268137,-0.4674,7.7,2,79,Annual,11,False,Retain,1276702.56
CLT0134,2023-04,Mid-Market,UK & Ireland,Logistics,34,3,SMS|Voice|WhatsApp Business,109932.5,51315.95,0.467,1288615,0.0333,7.7,0,24,Annual,2,False,Upsell,1363119.03
CLT0134,2023-05,Mid-Market,UK & Ireland,Logistics,34,3,SMS|Voice|WhatsApp Business,232132.93,108349.39,0.467,2756327,1.1116,7.7,3,39,Annual,6,False,Upsell,5882062.74
CLT0134,2023-06,Mid-Market,UK & Ireland,Logistics,34,3,SMS|Voice|WhatsApp Business,125311.8,55648.23,0.444,1526682,-0.4602,7.7,2,63,Annual,5,False,Retain,1503741.6
CLT0134,2023-07,Mid-Market,UK & Ireland,Logistics,34,3,SMS|Voice|WhatsApp Business,129963.24,67389.97,0.519,1583660,0.0371,7.7,1,38,Annual,6,False,Upsell,1617418.51
CLT0134,2023-08,Mid-Market,UK & Ireland,Logistics,34,3,SMS|Voice|WhatsApp Business,131911.05,65884.53,0.499,1578001,0.015,7.7,2,20,Annual,1,False,Nurture,1606676.59
CLT0134,2023-09,Mid-Market,UK & Ireland,Logistics,34,3,SMS|Voice|WhatsApp Business,133980.33,56303.17,0.42,1642790,0.0157,7.7,3,27,Annual,1,False,Nurture,1633005.85
CLT0134,2023-10,Mid-Market,UK & Ireland,Logistics,34,3,SMS|Voice|WhatsApp Business,138074.86,55131.74,0.399,1731534,0.0306,7.7,3,86,Annual,3,False,Upsell,1707599.41
CLT0134,2023-11,Mid-Market,UK & Ireland,Logistics,34,3,SMS|Voice|WhatsApp Business,140538.62,54125.31,0.385,1771191,0.0178,7.7,3,61,Annual,11,False,Nurture,1716482.49
CLT0135,2023-01,Mid-Market,UK & Ireland,Fintech,20,3,Voice|SMS|Verification,307291.6,141937.14,0.462,3716621,0.0,6.8,1,50,Annual,10,False,Nurture,3687499.2
CLT0135,2023-03,Mid-Market,UK & Ireland,Fintech,20,3,Voice|SMS|Verification,169906.64,87967.89,0.518,2033233,-0.4471,6.8,2,34,Annual,8,False,Retain,2038879.68
CLT0135,2023-04,Mid-Market,UK & Ireland,Fintech,20,3,Voice|SMS|Verification,187279.24,77643.75,0.415,2242652,0.1022,6.8,1,26,Annual,1,False,Nurture,2477030.14
CLT0135,2023-05,Mid-Market,UK & Ireland,Fintech,20,3,Voice|SMS|Verification,405693.88,197525.36,0.487,4905864,1.1663,6.8,2,66,Annual,12,False,Nurture,10546255.83
CLT0135,2023-06,Mid-Market,UK & Ireland,Fintech,20,3,Voice|SMS|Verification,211496.44,90512.65,0.428,2570020,-0.4787,6.8,2,71,Annual,3,False,Retain,2537957.28
CLT0135,2023-07,Mid-Market,UK & Ireland,Fintech,20,3,Voice|SMS|Verification,215229.2,119656.48,0.556,2594683,0.0176,6.8,1,39,Annual,1,False,Nurture,2628206.81
CLT0135,2023-08,Mid-Market,UK & Ireland,Fintech,20,3,Voice|SMS|Verification,221919.36,115998.66,0.523,2668697,0.0311,6.8,4,25,Annual,12,False,Nurture,2745852.63
CLT0135,2023-09,Mid-Market,UK & Ireland,Fintech,20,3,Voice|SMS|Verification,233914.08,121072.51,0.518,2796652,0.054,6.8,1,47,Annual,11,False,Nurture,2958545.28
CLT0135,2023-10,Mid-Market,UK & Ireland,Fintech,20,3,Voice|SMS|Verification,254462.16,113444.17,0.446,3024198,0.0878,6.8,2,31,Annual,3,False,Nurture,3321647.25
CLT0135,2023-11,Mid-Market,UK & Ireland,Fintech,20,3,Voice|SMS|Verification,272934.96,111756.76,0.409,3225120,0.0726,6.8,0,12,Annual,3,False,Nurture,3513000.46
CLT0136,2023-01,SMB,Nordics,Gaming & Entertainment,5,2,SMS|Verification,97599.64,49648.38,0.509,1667165,0.0,4.9,3,102,Monthly,5,True,Retain,1171195.68
CLT0136,2023-03,SMB,Nordics,Gaming & Entertainment,5,2,SMS|Verification,45039.64,25177.13,0.559,750071,-0.5385,4.9,5,32,Monthly,12,True,Retain,540475.68
CLT0136,2023-04,SMB,Nordics,Gaming & Entertainment,5,2,SMS|Verification,44798.64,25551.89,0.57,744590,-0.0054,4.9,2,74,Monthly,10,True,Retain,537583.68
CLT0136,2023-05,SMB,Nordics,Gaming & Entertainment,5,2,SMS|Verification,83950.88,43364.51,0.517,1395163,0.874,4.9,1,81,Monthly,7,True,Retain,1887887.39
CLT0136,2023-06,SMB,Nordics,Gaming & Entertainment,5,2,SMS|Verification,40985.48,16224.79,0.396,675974,-0.5118,4.9,8,89,Monthly,5,True,Retain,491825.76
CLT0136,2023-07,SMB,Nordics,Gaming & Entertainment,5,2,SMS|Verification,44005.2,25702.26,0.584,716462,0.0737,4.9,2,35,Monthly,10,True,Retain,566980.6
CLT0136,2023-08,SMB,Nordics,Gaming & Entertainment,5,2,SMS|Verification,43491.24,18511.22,0.426,700466,-0.0117,4.9,4,94,Monthly,2,True,Retain,521894.88
CLT0136,2023-09,SMB,Nordics,Gaming & Entertainment,5,2,SMS|Verification,41119.24,20263.65,0.493,663617,-0.0545,4.9,4,75,Monthly,12,True,Retain,493430.88
CLT0136,2023-10,SMB,Nordics,Gaming & Entertainment,5,2,SMS|Verification,39431.64,19995.33,0.507,636391,-0.041,4.9,3,52,Monthly,9,True,Retain,473179.68
CLT0136,2023-11,SMB,Nordics,Gaming & Entertainment,5,2,SMS|Verification,38790.12,19654.54,0.507,635117,-0.0163,4.9,2,39,Monthly,6,True,Retain,465481.44
CLT0137,2023-01,Enterprise,North America,Gaming & Entertainment,21,2,SMS|Verification,240676.12,120893.9,0.502,3143571,0.0,7.2,3,72,Multi-year,6,True,Retain,2888113.44
CLT0137,2023-03,Enterprise,North America,Gaming & Entertainment,21,2,SMS|Verification,102216.64,57521.15,0.563,1341596,-0.5753,7.2,3,152,Multi-year,10,True,Retain,1226599.68
CLT0137,2023-04,Enterprise,North America,Gaming & Entertainment,21,2,SMS|Verification,105497.8,46414.74,0.44,1376087,0.0321,7.2,4,111,Multi-year,10,True,Retain,1306611.35
CLT0137,2023-05,Enterprise,North America,Gaming & Entertainment,21,2,SMS|Verification,200852.8,102440.44,0.51,2622535,0.9039,7.2,5,175,Multi-year,1,True,Retain,4588843.75
CLT0137,2023-06,Enterprise,North America,Gaming & Entertainment,21,2,SMS|Verification,94462.32,44410.59,0.47,1231386,-0.5297,7.2,5,36,Multi-year,5,True,Retain,1133547.84
CLT0137,2023-07,Enterprise,North America,Gaming & Entertainment,21,2,SMS|Verification,87729.08,40126.55,0.457,1144346,-0.0713,7.2,3,152,Multi-year,10,True,Retain,1052748.96
CLT0137,2023-08,Enterprise,North America,Gaming & Entertainment,21,2,SMS|Verification,83585.76,41278.12,0.494,1093165,-0.0472,7.2,3,94,Multi-year,2,True,Retain,1003029.12
CLT0137,2023-09,Enterprise,North America,Gaming & Entertainment,21,2,SMS|Verification,75011.52,39105.07,0.521,984933,-0.1026,7.2,3,64,Multi-year,11,True,Retain,900138.24
CLT0137,2023-10,Enterprise,North America,Gaming & Entertainment,21,2,SMS|Verification,78278.24,29830.52,0.381,1023365,0.0435,7.2,5,90,Multi-year,3,True,Retain,980200.12
CLT0137,2023-11,Enterprise,North America,Gaming & Entertainment,21,2,SMS|Verification,71196.36,40190.89,0.565,932119,-0.0905,7.2,7,113,Multi-year,5,True,Retain,854356.32
CLT0138,2023-01,Mid-Market,APAC,Gaming & Entertainment,36,2,SMS|Email,66240.93,27808.16,0.42,2258376,0.0,8.7,0,53,Annual,1,False,Nurture,794891.16
CLT0138,2023-03,Mid-Market,APAC,Gaming & Entertainment,36,2,SMS|Email,35536.1,17242.03,0.485,1222818,-0.4635,8.7,4,12,Annual,9,False,Retain,426433.2
CLT0138,2023-04,Mid-Market,APAC,Gaming & Entertainment,36,2,SMS|Email,36160.47,19404.6,0.537,1233940,0.0176,8.7,0,77,Annual,2,False,Nurture,441562.73
CLT0138,2023-05,Mid-Market,APAC,Gaming & Entertainment,36,2,SMS|Email,72728.57,35582.83,0.489,2516905,1.0113,8.7,0,15,Annual,4,False,Upsell,1755347.67
CLT0138,2023-06,Mid-Market,APAC,Gaming & Entertainment,36,2,SMS|Email,39411.37,19404.63,0.492,1369249,-0.4581,8.7,3,39,Annual,12,False,Retain,472936.44
CLT0138,2023-07,Mid-Market,APAC,Gaming & Entertainment,36,2,SMS|Email,41123.88,21715.34,0.528,1449351,0.0435,8.7,1,30,Annual,5,False,Upsell,514953.23
CLT0138,2023-08,Mid-Market,APAC,Gaming & Entertainment,36,2,SMS|Email,42889.19,17303.61,0.403,1481391,0.0429,8.7,1,65,Annual,12,False,Upsell,536749.64
CLT0138,2023-09,Mid-Market,APAC,Gaming & Entertainment,36,2,SMS|Email,47658.14,19258.45,0.404,1622461,0.1112,8.7,3,47,Annual,8,False,Upsell,635492.7
CLT0138,2023-10,Mid-Market,APAC,Gaming & Entertainment,36,2,SMS|Email,52700.01,23485.24,0.446,1791241,0.1058,8.7,0,9,Annual,4,False,Upsell,699308.05
CLT0138,2023-11,Mid-Market,APAC,Gaming & Entertainment,36,2,SMS|Email,52390.92,19319.27,0.369,1805688,-0.0059,8.7,5,28,Annual,10,False,Retain,628691.04
CLT0139,2023-01,Mid-Market,DACH,Healthcare,27,3,WhatsApp Business|Voice|SMS,364265.6,168633.58,0.463,3445146,0.0,7.5,1,88,Multi-year,10,False,Nurture,4371187.2
CLT0139,2023-03,Mid-Market,DACH,Healthcare,27,3,WhatsApp Business|Voice|SMS,189304.23,99699.69,0.527,1817119,-0.4803,7.5,1,56,Multi-year,12,False,Retain,2271650.76
CLT0139,2023-04,Mid-Market,DACH,Healthcare,27,3,WhatsApp Business|Voice|SMS,193430.32,97057.2,0.502,1909761,0.0218,7.5,3,23,Multi-year,8,False,Nurture,2371765.21
CLT0139,2023-05,Mid-Market,DACH,Healthcare,27,3,WhatsApp Business|Voice|SMS,401800.73,182347.04,0.454,4148956,1.0772,7.5,2,55,Multi-year,9,False,Upsell,10015445.72
CLT0139,2023-06,Mid-Market,DACH,Healthcare,27,3,WhatsApp Business|Voice|SMS,210695.16,107675.89,0.511,2195191,-0.4756,7.5,4,54,Multi-year,2,False,Retain,2528341.92
CLT0139,2023-07,Mid-Market,DACH,Healthcare,27,3,WhatsApp Business|Voice|SMS,217242.85,108963.47,0.502,2288602,0.0311,7.5,5,24,Multi-year,8,False,Upsell,2687989.23
CLT0139,2023-08,Mid-Market,DACH,Healthcare,27,3,WhatsApp Business|Voice|SMS,216844.45,99014.79,0.457,2326307,-0.0018,7.5,0,31,Multi-year,5,False,Nurture,2602133.4
CLT0139,2023-09,Mid-Market,DACH,Healthcare,27,3,WhatsApp Business|Voice|SMS,218012.3,111584.34,0.512,2343060,0.0054,7.5,0,17,Multi-year,2,False,Nurture,2630274.8
CLT0139,2023-10,Mid-Market,DACH,Healthcare,27,3,WhatsApp Business|Voice|SMS,227516.64,89464.45,0.393,2496692,0.0436,7.5,1,15,Multi-year,3,False,Upsell,2849236.39
CLT0139,2023-11,Mid-Market,DACH,Healthcare,27,3,WhatsApp Business|Voice|SMS,232758.72,123202.18,0.529,2653219,0.023,7.5,1,4,Multi-year,3,False,Nurture,2857346.05
CLT0140,2023-01,Mid-Market,APAC,Gaming & Entertainment,6,2,SMS|Verification,288178.84,140651.09,0.488,6661233,0.0,5.6,3,80,Annual,2,False,Retain,3458146.08
CLT0140,2023-03,Mid-Market,APAC,Gaming & Entertainment,6,2,SMS|Verification,154822.44,78198.15,0.505,3585387,-0.4628,5.6,2,90,Annual,12,False,Retain,1857869.28
CLT0140,2023-04,Mid-Market,APAC,Gaming & Entertainment,6,2,SMS|Verification,157335.16,87733.86,0.558,3641107,0.0162,5.6,3,27,Annual,9,False,Retain,1918607.88
CLT0140,2023-05,Mid-Market,APAC,Gaming & Entertainment,6,2,SMS|Verification,309587.0,130686.34,0.422,7144148,0.9677,5.6,0,11,Annual,4,False,Retain,7310092.08
CLT0140,2023-06,Mid-Market,APAC,Gaming & Entertainment,6,2,SMS|Verification,154727.48,63125.13,0.408,3563017,-0.5002,5.6,2,6,Annual,2,False,Retain,1856729.76
CLT0140,2023-07,Mid-Market,APAC,Gaming & Entertainment,6,2,SMS|Verification,169564.36,64805.66,0.382,3930006,0.0959,5.6,2,38,Annual,10,False,Retain,2229906.99
CLT0140,2023-08,Mid-Market,APAC,Gaming & Entertainment,6,2,SMS|Verification,174265.92,73237.43,0.42,4058789,0.0277,5.6,3,40,Annual,9,False,Retain,2149117.03
CLT0140,2023-09,Mid-Market,APAC,Gaming & Entertainment,6,2,SMS|Verification,178853.6,100822.62,0.564,4171495,0.0263,5.6,2,5,Annual,3,False,Retain,2202689.4
CLT0140,2023-10,Mid-Market,APAC,Gaming & Entertainment,6,2,SMS|Verification,190149.16,89295.63,0.47,4465315,0.0632,5.6,3,80,Annual,9,False,Retain,2425999.04
CLT0140,2023-11,Mid-Market,APAC,Gaming & Entertainment,6,2,SMS|Verification,190069.04,75394.66,0.397,4460985,-0.0004,5.6,5,78,Annual,1,False,Retain,2280828.48
CLT0141,2023-01,Enterprise,Southern Europe,Fintech,44,3,SMS|WhatsApp Business|Voice,390672.51,197576.99,0.506,6338169,0.0,8.5,4,72,Annual,9,False,Expand,4688070.12
CLT0141,2023-03,Enterprise,Southern Europe,Fintech,44,3,SMS|WhatsApp Business|Voice,216386.86,95560.21,0.442,3548005,-0.4461,8.5,3,83,Annual,9,False,Retain,2596642.32
CLT0141,2023-04,Enterprise,Southern Europe,Fintech,44,3,SMS|WhatsApp Business|Voice,222769.79,106377.42,0.478,3596207,0.0295,8.5,1,9,Annual,10,False,Expand,2752097.99
CLT0141,2023-05,Enterprise,Southern Europe,Fintech,44,3,SMS|WhatsApp Business|Voice,471751.3,230758.01,0.489,7725836,1.1177,8.5,1,49,Annual,11,False,Upsell,11988332.74
CLT0141,2023-06,Enterprise,Southern Europe,Fintech,44,3,SMS|WhatsApp Business|Voice,259522.27,115932.36,0.447,4376426,-0.4499,8.5,3,53,Annual,5,False,Retain,3114267.24
CLT0141,2023-07,Enterprise,Southern Europe,Fintech,44,3,SMS|WhatsApp Business|Voice,271360.19,148847.99,0.549,4540411,0.0456,8.5,2,47,Annual,3,False,Upsell,3404810.58
CLT0141,2023-08,Enterprise,Southern Europe,Fintech,44,3,SMS|WhatsApp Business|Voice,280631.43,126762.91,0.452,4588409,0.0342,8.5,2,25,Annual,2,False,Upsell,3482748.3
CLT0141,2023-09,Enterprise,Southern Europe,Fintech,44,3,SMS|WhatsApp Business|Voice,297834.73,135763.55,0.456,4927768,0.0613,8.5,2,74,Annual,2,False,Upsell,3793103.99
CLT0141,2023-10,Enterprise,Southern Europe,Fintech,44,3,SMS|WhatsApp Business|Voice,309017.55,150656.04,0.488,5010511,0.0375,8.5,2,87,Annual,10,False,Upsell,3847268.5
CLT0141,2023-11,Enterprise,Southern Europe,Fintech,44,3,SMS|WhatsApp Business|Voice,322763.62,153475.37,0.476,5210864,0.0445,8.5,1,76,Annual,1,False,Upsell,4045519.21
CLT0142,2023-01,Enterprise,UK & Ireland,Technology & SaaS,50,3,Verification|Email|Voice,585298.35,259083.05,0.443,13920266,0.0,9.7,1,66,Multi-year,3,False,Expand,7023580.2
CLT0142,2023-03,Enterprise,UK & Ireland,Technology & SaaS,50,3,Verification|Email|Voice,289024.48,123441.85,0.427,7093148,-0.5062,9.7,2,9,Multi-year,11,False,Retain,3468293.76
CLT0142,2023-04,Enterprise,UK & Ireland,Technology & SaaS,50,3,Verification|Email|Voice,283317.22,145124.42,0.512,6849828,-0.0197,9.7,4,28,Multi-year,4,False,Nurture,3399806.64
CLT0142,2023-05,Enterprise,UK & Ireland,Technology & SaaS,50,3,Verification|Email|Voice,598622.17,289126.63,0.483,14417300,1.1129,9.7,3,42,Multi-year,7,False,Upsell,15177945.4
CLT0142,2023-06,Enterprise,UK & Ireland,Technology & SaaS,50,3,Verification|Email|Voice,296728.86,126872.45,0.428,7524810,-0.5043,9.7,0,72,Multi-year,12,False,Retain,3560746.32
CLT0142,2023-07,Enterprise,UK & Ireland,Technology & SaaS,50,3,Verification|Email|Voice,284671.71,141643.79,0.498,7728368,-0.0406,9.7,4,90,Multi-year,4,False,Nurture,3416060.52
CLT0142,2023-08,Enterprise,UK & Ireland,Technology & SaaS,50,3,Verification|Email|Voice,277685.68,128118.19,0.461,7709978,-0.0245,9.7,1,13,Multi-year,8,False,Nurture,3332228.16
CLT0142,2023-09,Enterprise,UK & Ireland,Technology & SaaS,50,3,Verification|Email|Voice,276886.68,132944.2,0.48,7833361,-0.0029,9.7,3,20,Multi-year,4,False,Nurture,3322640.16
CLT0142,2023-10,Enterprise,UK & Ireland,Technology & SaaS,50,3,Verification|Email|Voice,277207.06,148242.79,0.535,7852076,0.0012,9.7,3,56,Multi-year,11,False,Expand,3330476.5
CLT0142,2023-11,Enterprise,UK & Ireland,Technology & SaaS,50,3,Verification|Email|Voice,290375.17,124202.27,0.428,7973324,0.0475,9.7,1,52,Multi-year,8,False,Upsell,3650015.89
CLT0143,2023-01,Mid-Market,North America,Retail & E-commerce,19,2,SMS|Email,117950.5,63555.47,0.539,6346802,0.0,6.5,2,7,Annual,5,False,Nurture,1415406.0
CLT0143,2023-03,Mid-Market,North America,Retail & E-commerce,19,2,SMS|Email,61739.12,23228.52,0.376,3380333,-0.4766,6.5,4,90,Annual,2,False,Retain,740869.44
CLT0143,2023-04,Mid-Market,North America,Retail & E-commerce,19,2,SMS|Email,57619.41,24356.86,0.423,3311411,-0.0667,6.5,4,62,Annual,2,False,Retain,691432.92
CLT0143,2023-05,Mid-Market,North America,Retail & E-commerce,19,2,SMS|Email,114106.48,49068.03,0.43,6716606,0.9803,6.5,2,2,Annual,11,False,Nurture,2711580.75
CLT0143,2023-06,Mid-Market,North America,Retail & E-commerce,19,2,SMS|Email,55727.04,22991.89,0.413,3427144,-0.5116,6.5,0,28,Annual,12,False,Retain,668724.48
CLT0143,2023-07,Mid-Market,North America,Retail & E-commerce,19,2,SMS|Email,58651.82,32720.35,0.558,3523894,0.0525,6.5,3,71,Annual,10,False,Nurture,740772.49
CLT0143,2023-08,Mid-Market,North America,Retail & E-commerce,19,2,SMS|Email,57625.72,29905.3,0.519,3576435,-0.0175,6.5,1,12,Annual,10,False,Nurture,691508.64
CLT0143,2023-09,Mid-Market,North America,Retail & E-commerce,19,2,SMS|Email,58045.59,29814.47,0.514,3721175,0.0073,6.5,1,15,Annual,9,False,Nurture,701631.87
CLT0143,2023-10,Mid-Market,North America,Retail & E-commerce,19,2,SMS|Email,60429.15,25850.89,0.428,4069723,0.0411,6.5,0,62,Annual,5,False,Nurture,754953.46
CLT0143,2023-11,Mid-Market,North America,Retail & E-commerce,19,2,SMS|Email,60023.37,23927.85,0.399,4226204,-0.0067,6.5,5,5,Annual,6,False,Retain,720280.44
CLT0144,2023-01,Mid-Market,Nordics,Healthcare,8,2,SMS|Verification,169896.76,77265.16,0.455,3705035,0.0,5.9,4,4,Annual,2,False,Retain,2038761.12
CLT0144,2023-03,Mid-Market,Nordics,Healthcare,8,2,SMS|Verification,83487.76,35329.7,0.423,1784532,-0.5086,5.9,3,31,Annual,12,False,Retain,1001853.12
CLT0144,2023-04,Mid-Market,Nordics,Healthcare,8,2,SMS|Verification,84274.6,33425.49,0.397,1790167,0.0094,5.9,4,27,Annual,3,False,Retain,1020801.37
CLT0144,2023-05,Mid-Market,Nordics,Healthcare,8,2,SMS|Verification,167175.32,71499.8,0.428,3519799,0.9837,5.9,1,3,Annual,4,False,Retain,3979508.19
CLT0144,2023-06,Mid-Market,Nordics,Healthcare,8,2,SMS|Verification,85676.6,39388.65,0.46,1756621,-0.4875,5.9,1,35,Annual,5,False,Retain,1028119.2
CLT0144,2023-07,Mid-Market,Nordics,Healthcare,8,2,SMS|Verification,86194.52,42936.42,0.498,1768450,0.006,5.9,3,76,Annual,6,False,Retain,1040540.25
CLT0144,2023-08,Mid-Market,Nordics,Healthcare,8,2,SMS|Verification,87426.92,42363.19,0.485,1788176,0.0143,5.9,2,56,Annual,1,False,Retain,1064125.5
CLT0144,2023-09,Mid-Market,Nordics,Healthcare,8,2,SMS|Verification,90081.48,37563.57,0.417,1829708,0.0304,5.9,1,64,Annual,2,False,Retain,1113839.48
CLT0144,2023-10,Mid-Market,Nordics,Healthcare,8,2,SMS|Verification,92637.0,44619.14,0.482,1864098,0.0284,5.9,2,33,Annual,9,False,Retain,1143214.69
CLT0144,2023-11,Mid-Market,Nordics,Healthcare,8,2,SMS|Verification,94072.16,40145.46,0.427,1861953,0.0155,5.9,2,61,Annual,7,False,Retain,1146363.34
CLT0145,2023-01,Enterprise,Nordics,Retail & E-commerce,45,2,SMS|Voice,157967.68,82372.35,0.521,3530820,0.0,8.1,2,118,Multi-year,1,True,Retain,1895612.16
CLT0145,2023-03,Enterprise,Nordics,Retail & E-commerce,45,2,SMS|Voice,71620.44,35848.91,0.501,1578081,-0.5466,8.1,3,156,Multi-year,8,True,Retain,859445.28
CLT0145,2023-04,Enterprise,Nordics,Retail & E-commerce,45,2,SMS|Voice,67437.64,37185.66,0.551,1478789,-0.0584,8.1,9,118,Multi-year,12,True,Retain,809251.68
CLT0145,2023-05,Enterprise,Nordics,Retail & E-commerce,45,2,SMS|Voice,129349.16,58638.52,0.453,2856527,0.9181,8.1,3,69,Multi-year,6,True,Retain,2977255.49
CLT0145,2023-06,Enterprise,Nordics,Retail & E-commerce,45,2,SMS|Voice,58953.92,28990.76,0.492,1292268,-0.5442,8.1,5,147,Multi-year,3,True,Retain,707447.04
CLT0145,2023-07,Enterprise,Nordics,Retail & E-commerce,45,2,SMS|Voice,58523.6,33660.69,0.575,1282846,-0.0073,8.1,5,87,Multi-year,2,True,Retain,702283.2
CLT0145,2023-08,Enterprise,Nordics,Retail & E-commerce,45,2,SMS|Voice,55543.6,32374.78,0.583,1219692,-0.0509,8.1,3,126,Multi-year,12,True,Retain,666523.2
CLT0145,2023-09,Enterprise,Nordics,Retail & E-commerce,45,2,SMS|Voice,54085.44,22537.75,0.417,1190984,-0.0263,8.1,5,83,Multi-year,2,True,Retain,649025.28
CLT0145,2023-10,Enterprise,Nordics,Retail & E-commerce,45,2,SMS|Voice,51028.36,19800.21,0.388,1121485,-0.0565,8.1,4,130,Multi-year,1,True,Retain,612340.32
CLT0145,2023-11,Enterprise,Nordics,Retail & E-commerce,45,2,SMS|Voice,46532.88,19838.34,0.426,1021996,-0.0881,8.1,4,80,Multi-year,11,True,Retain,558394.56
CLT0146,2023-01,Mid-Market,Southern Europe,Retail & E-commerce,22,2,WhatsApp Business|Email,139625.37,65006.4,0.466,7819914,0.0,8.7,2,157,Monthly,11,True,Retain,1675504.44
CLT0146,2023-03,Mid-Market,Southern Europe,Retail & E-commerce,22,2,WhatsApp Business|Email,61373.14,29143.92,0.475,3346547,-0.5604,8.7,3,158,Monthly,12,True,Retain,736477.68
CLT0146,2023-04,Mid-Market,Southern Europe,Retail & E-commerce,22,2,WhatsApp Business|Email,57397.88,23603.25,0.411,3253346,-0.0648,8.7,6,49,Monthly,2,True,Retain,688774.56
CLT0146,2023-05,Mid-Market,Southern Europe,Retail & E-commerce,22,2,WhatsApp Business|Email,107124.66,45888.65,0.428,6618591,0.8664,8.7,4,44,Monthly,6,True,Retain,2399249.59
CLT0146,2023-06,Mid-Market,Southern Europe,Retail & E-commerce,22,2,WhatsApp Business|Email,52849.02,21083.31,0.399,3042918,-0.5067,8.7,0,142,Monthly,1,True,Retain,634188.24
CLT0146,2023-07,Mid-Market,Southern Europe,Retail & E-commerce,22,2,WhatsApp Business|Email,49391.85,24144.17,0.489,2955344,-0.0654,8.7,4,78,Monthly,10,True,Retain,592702.2
CLT0146,2023-08,Mid-Market,Southern Europe,Retail & E-commerce,22,2,WhatsApp Business|Email,47018.55,22695.22,0.483,2744900,-0.0481,8.7,1,127,Monthly,4,True,Retain,564222.6
CLT0146,2023-09,Mid-Market,Southern Europe,Retail & E-commerce,22,2,WhatsApp Business|Email,45606.36,20909.01,0.458,2677955,-0.03,8.7,5,45,Monthly,7,True,Retain,547276.32
CLT0146,2023-10,Mid-Market,Southern Europe,Retail & E-commerce,22,2,WhatsApp Business|Email,44062.69,17047.04,0.387,2378377,-0.0338,8.7,5,132,Monthly,8,True,Retain,528752.28
CLT0146,2023-11,Mid-Market,Southern Europe,Retail & E-commerce,22,2,WhatsApp Business|Email,40176.88,20584.14,0.512,2127575,-0.0882,8.7,6,35,Monthly,1,True,Retain,482122.56
CLT0147,2023-01,Mid-Market,North America,Gaming & Entertainment,18,2,Email|SMS,136064.82,73316.78,0.539,12132268,0.0,6.1,1,45,Multi-year,10,False,Nurture,1632777.84
CLT0147,2023-03,Mid-Market,North America,Gaming & Entertainment,18,2,Email|SMS,65822.71,32100.01,0.488,5973385,-0.5162,6.1,2,78,Multi-year,5,False,Retain,789872.52
CLT0147,2023-04,Mid-Market,North America,Gaming & Entertainment,18,2,Email|SMS,65363.31,32352.35,0.495,6121059,-0.007,6.1,0,52,Multi-year,10,False,Nurture,784359.72
CLT0147,2023-05,Mid-Market,North America,Gaming & Entertainment,18,2,Email|SMS,138628.8,71175.8,0.513,13064022,1.1209,6.1,1,51,Multi-year,7,False,Nurture,3528213.86
CLT0147,2023-06,Mid-Market,North America,Gaming & Entertainment,18,2,Email|SMS,72079.99,34628.41,0.48,7049121,-0.4801,6.1,1,88,Multi-year,10,False,Retain,864959.88
CLT0147,2023-07,Mid-Market,North America,Gaming & Entertainment,18,2,Email|SMS,74312.51,34695.04,0.467,7246852,0.031,6.1,1,32,Multi-year,12,False,Nurture,919394.37
CLT0147,2023-08,Mid-Market,North America,Gaming & Entertainment,18,2,Email|SMS,74495.04,38539.97,0.517,7045219,0.0025,6.1,3,18,Multi-year,4,False,Nurture,896175.33
CLT0147,2023-09,Mid-Market,North America,Gaming & Entertainment,18,2,Email|SMS,77072.42,38340.72,0.497,7446273,0.0346,6.1,0,28,Multi-year,12,False,Nurture,956869.51
CLT0147,2023-10,Mid-Market,North America,Gaming & Entertainment,18,2,Email|SMS,76412.93,39766.57,0.52,7353658,-0.0086,6.1,0,60,Multi-year,1,False,Nurture,916955.16
CLT0147,2023-11,Mid-Market,North America,Gaming & Entertainment,18,2,Email|SMS,77457.74,32924.01,0.425,7634692,0.0137,6.1,1,4,Multi-year,8,False,Nurture,942226.93
CLT0148,2023-01,Mid-Market,UK & Ireland,Logistics,35,3,WhatsApp Business|SMS|Verification,342666.74,167072.85,0.488,5309661,0.0,7.3,3,14,Monthly,12,False,Nurture,4112000.88
CLT0148,2023-03,Mid-Market,UK & Ireland,Logistics,35,3,WhatsApp Business|SMS|Verification,175732.64,76578.9,0.436,2654667,-0.4872,7.3,5,88,Monthly,6,False,Retain,2108791.68
CLT0148,2023-04,Mid-Market,UK & Ireland,Logistics,35,3,WhatsApp Business|SMS|Verification,182790.94,74638.74,0.408,2715732,0.0402,7.3,3,67,Monthly,1,False,Upsell,2281669.63
CLT0148,2023-05,Mid-Market,UK & Ireland,Logistics,35,3,WhatsApp Business|SMS|Verification,383254.86,206712.08,0.539,5724088,1.0967,7.3,2,4,Monthly,10,False,Upsell,9642845.58
CLT0148,2023-06,Mid-Market,UK & Ireland,Logistics,35,3,WhatsApp Business|SMS|Verification,201474.25,93265.29,0.463,3062402,-0.4743,7.3,1,64,Monthly,2,False,Retain,2417691.0
CLT0148,2023-07,Mid-Market,UK & Ireland,Logistics,35,3,WhatsApp Business|SMS|Verification,202639.57,99635.42,0.492,3058191,0.0058,7.3,5,36,Monthly,11,False,Retain,2445778.55
CLT0148,2023-08,Mid-Market,UK & Ireland,Logistics,35,3,WhatsApp Business|SMS|Verification,213295.85,108017.15,0.506,3268989,0.0526,7.3,0,7,Monthly,9,False,Upsell,2694182.54
CLT0148,2023-09,Mid-Market,UK & Ireland,Logistics,35,3,WhatsApp Business|SMS|Verification,225518.14,106458.63,0.472,3410485,0.0573,7.3,2,54,Monthly,4,False,Upsell,2861283.95
CLT0148,2023-10,Mid-Market,UK & Ireland,Logistics,35,3,WhatsApp Business|SMS|Verification,231942.46,103898.39,0.448,3544989,0.0285,7.3,2,32,Monthly,3,False,Nurture,2862633.84
CLT0148,2023-11,Mid-Market,UK & Ireland,Logistics,35,3,WhatsApp Business|SMS|Verification,240478.13,111482.92,0.464,3661466,0.0368,7.3,4,28,Monthly,5,False,Upsell,2991932.7
CLT0149,2023-01,Mid-Market,LATAM,Logistics,6,2,SMS|Voice,142778.88,73559.24,0.515,1874216,0.0,8.1,4,28,Annual,1,False,Nurture,1713346.56
CLT0149,2023-03,Mid-Market,LATAM,Logistics,6,2,SMS|Voice,76521.32,41393.49,0.541,979745,-0.4641,8.1,1,52,Annual,6,False,Retain,918255.84
CLT0149,2023-04,Mid-Market,LATAM,Logistics,6,2,SMS|Voice,83058.32,41715.97,0.502,1046350,0.0854,8.1,4,69,Annual,8,False,Upsell,1081818.01
CLT0149,2023-05,Mid-Market,LATAM,Logistics,6,2,SMS|Voice,174285.28,85537.86,0.491,2124164,1.0983,8.1,0,38,Annual,5,False,Upsell,4388433.64
CLT0149,2023-06,Mid-Market,LATAM,Logistics,6,2,SMS|Voice,89621.36,39629.01,0.442,1083780,-0.4858,8.1,2,90,Annual,9,False,Retain,1075456.32
CLT0149,2023-07,Mid-Market,LATAM,Logistics,6,2,SMS|Voice,92807.92,36309.85,0.391,1139090,0.0356,8.1,3,89,Annual,9,False,Upsell,1153342.58
CLT0149,2023-08,Mid-Market,LATAM,Logistics,6,2,SMS|Voice,91904.2,49103.09,0.534,1134249,-0.0097,8.1,2,71,Annual,4,False,Nurture,1102850.4
CLT0149,2023-09,Mid-Market,LATAM,Logistics,6,2,SMS|Voice,93592.44,47356.52,0.506,1122641,0.0184,8.1,3,80,Annual,11,False,Nurture,1143774.49
CLT0149,2023-10,Mid-Market,LATAM,Logistics,6,2,SMS|Voice,96371.6,41756.79,0.433,1124688,0.0297,8.1,2,22,Annual,4,False,Nurture,1190806.04
CLT0149,2023-11,Mid-Market,LATAM,Logistics,6,2,SMS|Voice,101516.4,45937.32,0.453,1173900,0.0534,8.1,4,60,Annual,6,False,Upsell,1283248.51
CLT0150,2023-01,Enterprise,APAC,Healthcare,55,4,Voice|WhatsApp Business|Verification|SMS,619436.24,288796.46,0.466,9457364,0.0,9.5,3,77,Annual,12,False,Expand,7433234.88
CLT0150,2023-03,Enterprise,APAC,Healthcare,55,4,Voice|WhatsApp Business|Verification|SMS,299756.2,135788.97,0.453,4554301,-0.5161,9.5,3,1,Annual,10,False,Retain,3597074.4
CLT0150,2023-04,Enterprise,APAC,Healthcare,55,4,Voice|WhatsApp Business|Verification|SMS,286211.25,121383.74,0.424,4407139,-0.0452,9.5,2,64,Annual,3,False,Nurture,3434535.0
CLT0150,2023-05,Enterprise,APAC,Healthcare,55,4,Voice|WhatsApp Business|Verification|SMS,589543.75,300437.41,0.51,9068333,1.0598,9.5,1,19,Annual,9,False,Expand,14572106.6
CLT0150,2023-06,Enterprise,APAC,Healthcare,55,4,Voice|WhatsApp Business|Verification|SMS,291610.11,117178.73,0.402,4473603,-0.5054,9.5,7,42,Annual,9,False,Retain,3499321.32
CLT0150,2023-07,Enterprise,APAC,Healthcare,55,4,Voice|WhatsApp Business|Verification|SMS,299977.49,142848.94,0.476,4561810,0.0287,9.5,1,89,Annual,3,False,Expand,3703042.13
CLT0150,2023-08,Enterprise,APAC,Healthcare,55,4,Voice|WhatsApp Business|Verification|SMS,285573.03,167815.77,0.588,4328612,-0.048,9.5,0,88,Annual,6,False,Nurture,3426876.36
CLT0150,2023-09,Enterprise,APAC,Healthcare,55,4,Voice|WhatsApp Business|Verification|SMS,291126.24,118910.06,0.408,4471747,0.0194,9.5,0,71,Annual,6,False,Expand,3561289.07
CLT0150,2023-10,Enterprise,APAC,Healthcare,55,4,Voice|WhatsApp Business|Verification|SMS,289459.05,139256.07,0.481,4455088,-0.0057,9.5,2,36,Annual,6,False,Nurture,3473508.6
CLT0150,2023-11,Enterprise,APAC,Healthcare,55,4,Voice|WhatsApp Business|Verification|SMS,298551.06,116272.58,0.389,4635848,0.0314,9.5,0,41,Annual,2,False,Expand,3695106.76
CLT0151,2023-01,SMB,Nordics,Fintech,7,1,SMS,81219.36,37444.44,0.461,2030484,0.0,6.4,3,28,Annual,10,False,Nurture,974632.32
CLT0151,2023-03,SMB,Nordics,Fintech,7,1,SMS,39774.96,18250.45,0.459,994374,-0.5103,6.4,1,15,Annual,10,False,Retain,477299.52
CLT0151,2023-04,SMB,Nordics,Fintech,7,1,SMS,41710.84,22844.32,0.548,1042771,0.0487,6.4,2,54,Annual,1,False,Nurture,524905.89
CLT0151,2023-05,SMB,Nordics,Fintech,7,1,SMS,83810.44,37217.63,0.444,2095261,1.0093,6.4,1,28,Annual,5,False,Nurture,2020803.81
CLT0151,2023-06,SMB,Nordics,Fintech,7,1,SMS,42643.44,16167.33,0.379,1066086,-0.4912,6.4,2,67,Annual,3,False,Retain,511721.28
CLT0151,2023-07,SMB,Nordics,Fintech,7,1,SMS,39853.92,15232.03,0.382,996348,-0.0654,6.4,2,31,Annual,7,False,Retain,478247.04
CLT0151,2023-08,SMB,Nordics,Fintech,7,1,SMS,39487.72,21523.84,0.545,987193,-0.0092,6.4,4,64,Annual,9,False,Nurture,473852.64
CLT0151,2023-09,SMB,Nordics,Fintech,7,1,SMS,38163.28,13528.59,0.354,954082,-0.0335,6.4,1,72,Annual,4,False,Nurture,457959.36
CLT0151,2023-10,SMB,Nordics,Fintech,7,1,SMS,38734.96,13965.49,0.361,968374,0.015,6.4,2,71,Annual,12,False,Nurture,471791.81
CLT0151,2023-11,SMB,Nordics,Fintech,7,1,SMS,37418.28,14901.26,0.398,935457,-0.034,6.4,2,63,Annual,4,False,Nurture,449019.36
CLT0152,2023-01,Mid-Market,Nordics,Technology & SaaS,28,4,SMS|Voice|Verification|Email,276471.21,126156.81,0.456,15697986,0.0,9.1,3,51,Annual,10,False,Nurture,3317654.52
CLT0152,2023-03,Mid-Market,Nordics,Technology & SaaS,28,4,SMS|Voice|Verification|Email,146979.76,61708.5,0.42,7924926,-0.4684,9.1,0,82,Annual,4,False,Retain,1763757.12
CLT0152,2023-04,Mid-Market,Nordics,Technology & SaaS,28,4,SMS|Voice|Verification|Email,149011.63,67815.41,0.455,8109140,0.0138,9.1,3,19,Annual,4,False,Nurture,1812815.89
CLT0152,2023-05,Mid-Market,Nordics,Technology & SaaS,28,4,SMS|Voice|Verification|Email,312063.97,150100.76,0.481,16750669,1.0942,9.1,3,69,Annual,1,False,Nurture,7842292.39
CLT0152,2023-06,Mid-Market,Nordics,Technology & SaaS,28,4,SMS|Voice|Verification|Email,164904.44,89396.48,0.542,7894241,-0.4716,9.1,1,5,Annual,5,False,Retain,1978853.28
CLT0152,2023-07,Mid-Market,Nordics,Technology & SaaS,28,4,SMS|Voice|Verification|Email,164247.06,86107.03,0.524,7873287,-0.004,9.1,2,89,Annual,4,False,Nurture,1970964.72
CLT0152,2023-08,Mid-Market,Nordics,Technology & SaaS,28,4,SMS|Voice|Verification|Email,172443.75,79565.68,0.461,8043390,0.0499,9.1,1,53,Annual,5,False,Nurture,2172584.32
CLT0152,2023-09,Mid-Market,Nordics,Technology & SaaS,28,4,SMS|Voice|Verification|Email,183462.74,77492.97,0.422,8238350,0.0639,9.1,0,57,Annual,6,False,Nurture,2342232.11
CLT0152,2023-10,Mid-Market,Nordics,Technology & SaaS,28,4,SMS|Voice|Verification|Email,186980.91,95252.07,0.509,8203725,0.0192,9.1,3,67,Annual,5,False,Nurture,2286851.32
CLT0152,2023-11,Mid-Market,Nordics,Technology & SaaS,28,4,SMS|Voice|Verification|Email,191687.98,101592.85,0.53,8291045,0.0252,9.1,3,53,Annual,7,False,Nurture,2358222.21
CLT0153,2023-01,Mid-Market,LATAM,Healthcare,29,4,Verification|SMS|Voice|WhatsApp Business,558014.62,274901.14,0.493,7777708,0.0,7.1,0,36,Monthly,9,False,Nurture,6696175.44
CLT0153,2023-03,Mid-Market,LATAM,Healthcare,29,4,Verification|SMS|Voice|WhatsApp Business,272476.65,133998.1,0.492,3773206,-0.5117,7.1,2,56,Monthly,12,False,Retain,3269719.8
CLT0153,2023-04,Mid-Market,LATAM,Healthcare,29,4,Verification|SMS|Voice|WhatsApp Business,275682.61,134580.09,0.488,3872961,0.0118,7.1,2,62,Monthly,12,False,Nurture,3347227.98
CLT0153,2023-05,Mid-Market,LATAM,Healthcare,29,4,Verification|SMS|Voice|WhatsApp Business,567237.15,266751.96,0.47,8055573,1.0576,7.1,5,35,Monthly,2,False,Retain,14005765.92
CLT0153,2023-06,Mid-Market,LATAM,Healthcare,29,4,Verification|SMS|Voice|WhatsApp Business,296376.77,158713.57,0.536,4168834,-0.4775,7.1,2,51,Monthly,4,False,Retain,3556521.24
CLT0153,2023-07,Mid-Market,LATAM,Healthcare,29,4,Verification|SMS|Voice|WhatsApp Business,301877.31,156831.01,0.52,4233040,0.0186,7.1,0,63,Monthly,2,False,Nurture,3689906.74
CLT0153,2023-08,Mid-Market,LATAM,Healthcare,29,4,Verification|SMS|Voice|WhatsApp Business,306296.41,155946.05,0.509,4269666,0.0146,7.1,0,17,Monthly,1,False,Nurture,3729220.05
CLT0153,2023-09,Mid-Market,LATAM,Healthcare,29,4,Verification|SMS|Voice|WhatsApp Business,313265.12,156040.32,0.498,4473886,0.0228,7.1,2,52,Monthly,4,False,Nurture,3844890.78
CLT0153,2023-10,Mid-Market,LATAM,Healthcare,29,4,Verification|SMS|Voice|WhatsApp Business,324447.59,177733.78,0.548,4617563,0.0357,7.1,2,14,Monthly,8,False,Nurture,4032364.43
CLT0153,2023-11,Mid-Market,LATAM,Healthcare,29,4,Verification|SMS|Voice|WhatsApp Business,344475.06,165445.24,0.48,4981674,0.0617,7.1,2,43,Monthly,6,False,Nurture,4388750.05
CLT0154,2023-01,SMB,APAC,Gaming & Entertainment,23,2,Email|SMS,78457.89,41996.34,0.535,3354980,0.0,6.6,3,22,Monthly,10,False,Nurture,941494.68
CLT0154,2023-03,SMB,APAC,Gaming & Entertainment,23,2,Email|SMS,43292.96,21217.94,0.49,1755885,-0.4482,6.6,1,57,Monthly,8,False,Retain,519515.52
CLT0154,2023-04,SMB,APAC,Gaming & Entertainment,23,2,Email|SMS,45704.17,22908.45,0.501,1810371,0.0557,6.6,1,52,Monthly,1,False,Nurture,578998.71
CLT0154,2023-05,SMB,APAC,Gaming & Entertainment,23,2,Email|SMS,102433.06,43412.28,0.424,3955754,1.2412,6.6,2,16,Monthly,5,False,Nurture,2754875.69
CLT0154,2023-06,SMB,APAC,Gaming & Entertainment,23,2,Email|SMS,55079.31,30054.69,0.546,2060698,-0.4623,6.6,1,46,Monthly,9,False,Retain,660951.72
CLT0154,2023-07,SMB,APAC,Gaming & Entertainment,23,2,Email|SMS,57069.82,24675.17,0.432,2105944,0.0361,6.6,2,39,Monthly,1,False,Nurture,709560.49
CLT0154,2023-08,SMB,APAC,Gaming & Entertainment,23,2,Email|SMS,57538.99,20926.55,0.364,2160194,0.0082,6.6,4,66,Monthly,2,False,Nurture,696129.72
CLT0154,2023-09,SMB,APAC,Gaming & Entertainment,23,2,Email|SMS,62510.19,27449.19,0.439,2297740,0.0864,6.6,4,15,Monthly,12,False,Nurture,814932.84
CLT0154,2023-10,SMB,APAC,Gaming & Entertainment,23,2,Email|SMS,69617.49,31259.4,0.449,2483279,0.1137,6.6,1,35,Monthly,5,False,Nurture,930395.98
CLT0154,2023-11,SMB,APAC,Gaming & Entertainment,23,2,Email|SMS,77542.02,40010.65,0.516,2691390,0.1138,6.6,3,11,Monthly,6,False,Nurture,1036395.62
CLT0155,2023-01,Mid-Market,UK & Ireland,Technology & SaaS,36,4,SMS|Voice|Verification|Email,223221.76,97000.34,0.435,8098184,0.0,5.9,1,57,Monthly,3,False,Retain,2678661.12
CLT0155,2023-03,Mid-Market,UK & Ireland,Technology & SaaS,36,4,SMS|Voice|Verification|Email,114466.77,56554.55,0.494,4261677,-0.4872,5.9,2,70,Monthly,2,False,Retain,1373601.24
CLT0155,2023-04,Mid-Market,UK & Ireland,Technology & SaaS,36,4,SMS|Voice|Verification|Email,117185.42,50759.06,0.433,4363078,0.0238,5.9,2,40,Monthly,12,False,Retain,1439693.2
CLT0155,2023-05,Mid-Market,UK & Ireland,Technology & SaaS,36,4,SMS|Voice|Verification|Email,249452.21,120430.39,0.483,9337090,1.1287,5.9,3,28,Monthly,12,False,Retain,6372107.03
CLT0155,2023-06,Mid-Market,UK & Ireland,Technology & SaaS,36,4,SMS|Voice|Verification|Email,126963.62,63408.49,0.499,4841550,-0.491,5.9,1,49,Monthly,2,False,Retain,1523563.44
CLT0155,2023-07,Mid-Market,UK & Ireland,Technology & SaaS,36,4,SMS|Voice|Verification|Email,130415.53,67689.78,0.519,4800703,0.0272,5.9,2,10,Monthly,7,False,Retain,1607553.99
CLT0155,2023-08,Mid-Market,UK & Ireland,Technology & SaaS,36,4,SMS|Voice|Verification|Email,129227.94,50406.99,0.39,4687102,-0.0091,5.9,2,69,Monthly,7,False,Retain,1550735.28
CLT0155,2023-09,Mid-Market,UK & Ireland,Technology & SaaS,36,4,SMS|Voice|Verification|Email,131376.23,55986.22,0.426,4386872,0.0166,5.9,2,16,Monthly,2,False,Retain,1602684.91
CLT0155,2023-10,Mid-Market,UK & Ireland,Technology & SaaS,36,4,SMS|Voice|Verification|Email,134426.2,60749.62,0.452,4537299,0.0232,5.9,1,40,Monthly,7,False,Retain,1650538.65
CLT0155,2023-11,Mid-Market,UK & Ireland,Technology & SaaS,36,4,SMS|Voice|Verification|Email,141340.89,67659.08,0.479,4786607,0.0514,5.9,0,4,Monthly,4,False,Retain,1783269.74
CLT0156,2023-01,Mid-Market,LATAM,Logistics,23,3,Voice|WhatsApp Business|SMS,307820.99,165264.89,0.537,3583004,0.0,8.2,1,49,Annual,2,False,Nurture,3693851.88
CLT0156,2023-03,Mid-Market,LATAM,Logistics,23,3,Voice|WhatsApp Business|SMS,155398.05,68885.77,0.443,1722880,-0.4952,8.2,2,12,Annual,9,False,Retain,1864776.6
CLT0156,2023-04,Mid-Market,LATAM,Logistics,23,3,Voice|WhatsApp Business|SMS,159580.99,70143.97,0.44,1728999,0.0269,8.2,1,78,Annual,3,False,Nurture,1966484.62
CLT0156,2023-05,Mid-Market,LATAM,Logistics,23,3,Voice|WhatsApp Business|SMS,325780.26,158392.89,0.486,3522887,1.0415,8.2,3,52,Annual,12,False,Upsell,7980964.81
CLT0156,2023-06,Mid-Market,LATAM,Logistics,23,3,Voice|WhatsApp Business|SMS,168079.5,75512.46,0.449,1756167,-0.4841,8.2,1,3,Annual,6,False,Retain,2016954.0
CLT0156,2023-07,Mid-Market,LATAM,Logistics,23,3,Voice|WhatsApp Business|SMS,168243.02,77296.65,0.459,1684175,0.001,8.2,4,44,Annual,6,False,Nurture,2020935.16
CLT0156,2023-08,Mid-Market,LATAM,Logistics,23,3,Voice|WhatsApp Business|SMS,172770.67,80319.34,0.465,1664278,0.0269,8.2,2,81,Annual,5,False,Nurture,2129018.41
CLT0156,2023-09,Mid-Market,LATAM,Logistics,23,3,Voice|WhatsApp Business|SMS,183990.65,96665.72,0.525,1716916,0.0649,8.2,2,49,Annual,6,False,Upsell,2351179.72
CLT0156,2023-10,Mid-Market,LATAM,Logistics,23,3,Voice|WhatsApp Business|SMS,194417.49,92299.74,0.475,1805549,0.0567,8.2,0,34,Annual,3,False,Upsell,2465291.54
CLT0156,2023-11,Mid-Market,LATAM,Logistics,23,3,Voice|WhatsApp Business|SMS,199504.66,98688.55,0.495,1816143,0.0262,8.2,2,51,Annual,9,False,Nurture,2456780.19
CLT0157,2023-01,Enterprise,Southern Europe,Logistics,39,4,SMS|Voice|Verification|WhatsApp Business,816875.77,331438.31,0.406,13670691,0.0,8.7,6,32,Monthly,7,False,Expand,9802509.24
CLT0157,2023-03,Enterprise,Southern Europe,Logistics,39,4,SMS|Voice|Verification|WhatsApp Business,414908.84,176418.58,0.425,7000882,-0.4921,8.7,2,65,Monthly,5,False,Retain,4978906.08
CLT0157,2023-04,Enterprise,Southern Europe,Logistics,39,4,SMS|Voice|Verification|WhatsApp Business,423489.33,202954.5,0.479,7265908,0.0207,8.7,2,30,Monthly,8,False,Expand,5187066.71
CLT0157,2023-05,Enterprise,Southern Europe,Logistics,39,4,SMS|Voice|Verification|WhatsApp Business,861239.62,437446.44,0.508,14779513,1.0337,8.7,0,58,Monthly,2,False,Expand,21018036.18
CLT0157,2023-06,Enterprise,Southern Europe,Logistics,39,4,SMS|Voice|Verification|WhatsApp Business,449313.21,217392.99,0.484,7830469,-0.4783,8.7,4,35,Monthly,1,False,Retain,5391758.52
CLT0157,2023-07,Enterprise,Southern Europe,Logistics,39,4,SMS|Voice|Verification|WhatsApp Business,463109.26,205310.32,0.443,8076787,0.0307,8.7,1,26,Monthly,5,False,Expand,5727920.57
CLT0157,2023-08,Enterprise,Southern Europe,Logistics,39,4,SMS|Voice|Verification|WhatsApp Business,475523.1,218110.37,0.459,8109202,0.0268,8.7,1,87,Monthly,5,False,Expand,5859205.43
CLT0157,2023-09,Enterprise,Southern Europe,Logistics,39,4,SMS|Voice|Verification|WhatsApp Business,494519.99,240760.76,0.487,8496584,0.0399,8.7,3,81,Monthly,11,False,Expand,6171016.05
CLT0157,2023-10,Enterprise,Southern Europe,Logistics,39,4,SMS|Voice|Verification|WhatsApp Business,528978.33,225682.74,0.427,9308143,0.0697,8.7,2,41,Monthly,5,False,Expand,6790177.44
CLT0157,2023-11,Enterprise,Southern Europe,Logistics,39,4,SMS|Voice|Verification|WhatsApp Business,537762.07,238026.79,0.443,9220688,0.0166,8.7,4,44,Monthly,10,False,Expand,6560267.04
CLT0158,2023-01,SMB,UK & Ireland,Logistics,11,2,SMS|Voice,85311.4,31951.47,0.375,905045,0.0,6.4,1,46,Monthly,11,False,Nurture,1023736.8
CLT0158,2023-03,SMB,UK & Ireland,Logistics,11,2,SMS|Voice,40823.72,15773.23,0.386,440947,-0.5215,6.4,1,53,Monthly,7,False,Retain,489884.64
CLT0158,2023-04,SMB,UK & Ireland,Logistics,11,2,SMS|Voice,41143.4,19765.61,0.48,451065,0.0078,6.4,4,4,Monthly,1,False,Nurture,497571.82
CLT0158,2023-05,SMB,UK & Ireland,Logistics,11,2,SMS|Voice,80811.0,41860.4,0.518,897339,0.9641,6.4,4,30,Monthly,1,False,Nurture,1904650.62
CLT0158,2023-06,SMB,UK & Ireland,Logistics,11,2,SMS|Voice,39653.36,16267.08,0.41,440414,-0.5093,6.4,5,12,Monthly,2,False,Retain,475840.32
CLT0158,2023-07,SMB,UK & Ireland,Logistics,11,2,SMS|Voice,38413.0,19975.05,0.52,430793,-0.0313,6.4,1,77,Monthly,7,False,Nurture,460956.0
CLT0158,2023-08,SMB,UK & Ireland,Logistics,11,2,SMS|Voice,40551.36,17887.58,0.441,446388,0.0557,6.4,0,83,Monthly,3,False,Nurture,513720.85
CLT0158,2023-09,SMB,UK & Ireland,Logistics,11,2,SMS|Voice,41512.92,23871.96,0.575,456797,0.0237,6.4,4,20,Monthly,8,False,Nurture,509961.31
CLT0158,2023-10,SMB,UK & Ireland,Logistics,11,2,SMS|Voice,41046.2,18807.03,0.458,452643,-0.0112,6.4,2,20,Monthly,4,False,Nurture,492554.4
CLT0158,2023-11,SMB,UK & Ireland,Logistics,11,2,SMS|Voice,39863.28,19563.57,0.491,438408,-0.0288,6.4,1,67,Monthly,7,False,Nurture,478359.36
CLT0159,2023-01,Mid-Market,Southern Europe,Technology & SaaS,11,2,Email|SMS,134495.99,64252.49,0.478,11668368,0.0,6.6,4,76,Annual,8,False,Nurture,1613951.88
CLT0159,2023-03,Mid-Market,Southern Europe,Technology & SaaS,11,2,Email|SMS,70765.22,33721.66,0.477,6227777,-0.4738,6.6,0,35,Annual,11,False,Retain,849182.64
CLT0159,2023-04,Mid-Market,Southern Europe,Technology & SaaS,11,2,Email|SMS,73162.08,35798.14,0.489,6433639,0.0339,6.6,3,17,Annual,12,False,Nurture,907707.29
CLT0159,2023-05,Mid-Market,Southern Europe,Technology & SaaS,11,2,Email|SMS,152397.03,76533.98,0.502,13505001,1.083,6.6,1,13,Annual,11,False,Nurture,3809316.16
CLT0159,2023-06,Mid-Market,Southern Europe,Technology & SaaS,11,2,Email|SMS,79023.82,40787.01,0.516,6999996,-0.4815,6.6,2,57,Annual,12,False,Retain,948285.84
CLT0159,2023-07,Mid-Market,Southern Europe,Technology & SaaS,11,2,Email|SMS,78226.06,39160.8,0.501,6768960,-0.0101,6.6,1,27,Annual,7,False,Nurture,938712.72
CLT0159,2023-08,Mid-Market,Southern Europe,Technology & SaaS,11,2,Email|SMS,82507.33,40705.88,0.493,7262824,0.0547,6.6,4,68,Annual,4,False,Nurture,1044245.77
CLT0159,2023-09,Mid-Market,Southern Europe,Technology & SaaS,11,2,Email|SMS,81051.95,46535.68,0.574,7503972,-0.0176,6.6,1,69,Annual,6,False,Nurture,972623.4
CLT0159,2023-10,Mid-Market,Southern Europe,Technology & SaaS,11,2,Email|SMS,81441.39,31387.64,0.385,7571114,0.0048,6.6,4,85,Annual,1,False,Nurture,981987.7
CLT0159,2023-11,Mid-Market,Southern Europe,Technology & SaaS,11,2,Email|SMS,89510.97,43828.01,0.49,8422493,0.0991,6.6,0,75,Annual,6,False,Nurture,1180578.09
CLT0160,2023-01,Mid-Market,Southern Europe,Technology & SaaS,34,2,Voice|Verification,176903.76,79479.67,0.449,2149229,0.0,7.5,3,87,Monthly,11,False,Nurture,2122845.12
CLT0160,2023-03,Mid-Market,Southern Europe,Technology & SaaS,34,2,Voice|Verification,91613.76,41095.81,0.449,1114223,-0.4821,7.5,1,58,Monthly,1,False,Retain,1099365.12
CLT0160,2023-04,Mid-Market,Southern Europe,Technology & SaaS,34,2,Voice|Verification,97359.24,55166.9,0.567,1186983,0.0627,7.5,2,75,Monthly,4,False,Upsell,1241563.97
CLT0160,2023-05,Mid-Market,Southern Europe,Technology & SaaS,34,2,Voice|Verification,193485.2,95117.48,0.492,2362510,0.9873,7.5,0,34,Monthly,1,False,Upsell,4614157.66
CLT0160,2023-06,Mid-Market,Southern Europe,Technology & SaaS,34,2,Voice|Verification,100295.12,48319.1,0.482,1224872,-0.4816,7.5,1,78,Monthly,10,False,Retain,1203541.44
CLT0160,2023-07,Mid-Market,Southern Europe,Technology & SaaS,34,2,Voice|Verification,98048.36,44498.91,0.454,1196324,-0.0224,7.5,2,11,Monthly,7,False,Nurture,1176580.32
CLT0160,2023-08,Mid-Market,Southern Europe,Technology & SaaS,34,2,Voice|Verification,99525.04,38218.79,0.384,1214420,0.0151,7.5,1,88,Monthly,6,False,Nurture,1212334.42
CLT0160,2023-09,Mid-Market,Southern Europe,Technology & SaaS,34,2,Voice|Verification,95584.32,39457.27,0.413,1164571,-0.0396,7.5,1,5,Monthly,9,False,Nurture,1147011.84
CLT0160,2023-10,Mid-Market,Southern Europe,Technology & SaaS,34,2,Voice|Verification,91039.24,45345.01,0.498,1105971,-0.0476,7.5,1,15,Monthly,2,False,Nurture,1092470.88
CLT0160,2023-11,Mid-Market,Southern Europe,Technology & SaaS,34,2,Voice|Verification,93547.72,48800.62,0.522,1136989,0.0276,7.5,2,25,Monthly,7,False,Nurture,1153555.64
CLT0161,2023-01,Enterprise,UK & Ireland,Logistics,36,4,SMS|Verification|Voice|WhatsApp Business,1465504.14,777554.85,0.531,14856740,0.0,7.6,1,89,Annual,5,False,Expand,17586049.68
CLT0161,2023-03,Enterprise,UK & Ireland,Logistics,36,4,SMS|Verification|Voice|WhatsApp Business,781810.74,351533.0,0.45,7886734,-0.4665,7.6,0,3,Annual,4,False,Retain,9381728.88
CLT0161,2023-04,Enterprise,UK & Ireland,Logistics,36,4,SMS|Verification|Voice|WhatsApp Business,803666.2,354436.77,0.441,8002894,0.028,7.6,3,36,Annual,9,False,Expand,9914026.24
CLT0161,2023-05,Enterprise,UK & Ireland,Logistics,36,4,SMS|Verification|Voice|WhatsApp Business,1662202.18,832475.62,0.501,16267214,1.0683,7.6,2,81,Annual,5,False,Expand,41255193.23
CLT0161,2023-06,Enterprise,UK & Ireland,Logistics,36,4,SMS|Verification|Voice|WhatsApp Business,854791.14,412491.45,0.483,8554896,-0.4857,7.6,1,72,Annual,5,False,Retain,10257493.68
CLT0161,2023-07,Enterprise,UK & Ireland,Logistics,36,4,SMS|Verification|Voice|WhatsApp Business,867127.91,417866.43,0.482,8554656,0.0144,7.6,2,25,Annual,12,False,Expand,10555374.62
CLT0161,2023-08,Enterprise,UK & Ireland,Logistics,36,4,SMS|Verification|Voice|WhatsApp Business,874234.64,430273.78,0.492,8817079,0.0082,7.6,1,61,Annual,8,False,Expand,10576840.37
CLT0161,2023-09,Enterprise,UK & Ireland,Logistics,36,4,SMS|Verification|Voice|WhatsApp Business,865203.3,414772.69,0.479,8901428,-0.0103,7.6,2,5,Annual,1,False,Nurture,10382439.6
CLT0161,2023-10,Enterprise,UK & Ireland,Logistics,36,4,SMS|Verification|Voice|WhatsApp Business,889873.45,422299.5,0.475,9228173,0.0285,7.6,0,89,Annual,7,False,Expand,10982818.12
CLT0161,2023-11,Enterprise,UK & Ireland,Logistics,36,4,SMS|Verification|Voice|WhatsApp Business,896764.78,454731.84,0.507,9257631,0.0077,7.6,3,23,Annual,8,False,Expand,10844038.43
CLT0162,2023-01,Mid-Market,DACH,Technology & SaaS,6,2,SMS|Email,104582.69,48119.14,0.46,11879404,0.0,6.6,2,74,Monthly,6,False,Nurture,1254992.28
CLT0162,2023-03,Mid-Market,DACH,Technology & SaaS,6,2,SMS|Email,58798.79,32455.07,0.552,6749577,-0.4378,6.6,1,85,Monthly,10,False,Retain,705585.48
CLT0162,2023-04,Mid-Market,DACH,Technology & SaaS,6,2,SMS|Email,58757.48,29787.39,0.507,6833967,-0.0007,6.6,3,43,Monthly,12,False,Nurture,705089.76
CLT0162,2023-05,Mid-Market,DACH,Technology & SaaS,6,2,SMS|Email,124219.47,57353.53,0.462,15058404,1.1141,6.6,3,16,Monthly,5,False,Nurture,3151348.58
CLT0162,2023-06,Mid-Market,DACH,Technology & SaaS,6,2,SMS|Email,64299.74,36098.62,0.561,8034653,-0.4824,6.6,2,24,Monthly,10,False,Retain,771596.88
CLT0162,2023-07,Mid-Market,DACH,Technology & SaaS,6,2,SMS|Email,63508.23,32777.34,0.516,7961735,-0.0123,6.6,2,46,Monthly,5,False,Nurture,762098.76
CLT0162,2023-08,Mid-Market,DACH,Technology & SaaS,6,2,SMS|Email,60219.62,29088.57,0.483,7420550,-0.0518,6.6,2,37,Monthly,10,False,Retain,722635.44
CLT0162,2023-09,Mid-Market,DACH,Technology & SaaS,6,2,SMS|Email,63709.8,31065.03,0.488,7819959,0.058,6.6,2,50,Monthly,7,False,Nurture,808859.62
CLT0162,2023-10,Mid-Market,DACH,Technology & SaaS,6,2,SMS|Email,64548.88,23693.05,0.367,7796200,0.0132,6.6,3,74,Monthly,6,False,Nurture,784811.1
CLT0162,2023-11,Mid-Market,DACH,Technology & SaaS,6,2,SMS|Email,65616.61,33377.66,0.509,8023529,0.0165,6.6,2,38,Monthly,3,False,Nurture,800391.41
CLT0163,2023-01,Mid-Market,DACH,Retail & E-commerce,7,2,SMS|Email,193904.28,76510.91,0.395,7831050,0.0,7.2,1,11,Multi-year,12,False,Nurture,2326851.36
CLT0163,2023-03,Mid-Market,DACH,Retail & E-commerce,7,2,SMS|Email,100731.06,43010.53,0.427,3944621,-0.4805,7.2,2,90,Multi-year,8,False,Retain,1208772.72
CLT0163,2023-04,Mid-Market,DACH,Retail & E-commerce,7,2,SMS|Email,105133.39,39316.58,0.374,4103997,0.0437,7.2,3,90,Multi-year,12,False,Upsell,1316732.63
CLT0163,2023-05,Mid-Market,DACH,Retail & E-commerce,7,2,SMS|Email,216007.46,107272.63,0.497,8356038,1.0546,7.2,2,46,Multi-year,7,False,Upsell,5325707.13
CLT0163,2023-06,Mid-Market,DACH,Retail & E-commerce,7,2,SMS|Email,112243.51,66277.8,0.59,4163638,-0.4804,7.2,2,17,Multi-year,8,False,Retain,1346922.12
CLT0163,2023-07,Mid-Market,DACH,Retail & E-commerce,7,2,SMS|Email,109234.8,48799.0,0.447,4169236,-0.0268,7.2,2,44,Multi-year,3,False,Nurture,1310817.6
CLT0163,2023-08,Mid-Market,DACH,Retail & E-commerce,7,2,SMS|Email,111815.75,56012.71,0.501,4165649,0.0236,7.2,3,65,Multi-year,1,False,Nurture,1373455.22
CLT0163,2023-09,Mid-Market,DACH,Retail & E-commerce,7,2,SMS|Email,115298.21,59072.87,0.512,4222706,0.0311,7.2,2,2,Multi-year,2,False,Upsell,1426607.81
CLT0163,2023-10,Mid-Market,DACH,Retail & E-commerce,7,2,SMS|Email,119747.18,59451.85,0.496,4355492,0.0386,7.2,4,54,Multi-year,12,False,Upsell,1492433.05
CLT0163,2023-11,Mid-Market,DACH,Retail & E-commerce,7,2,SMS|Email,129269.22,47311.97,0.366,4530752,0.0795,7.2,2,9,Multi-year,11,False,Upsell,1674553.48
CLT0164,2023-01,SMB,UK & Ireland,Logistics,20,2,WhatsApp Business|SMS,68014.99,31095.71,0.457,919858,0.0,7.0,1,58,Annual,4,False,Nurture,816179.88
CLT0164,2023-03,SMB,UK & Ireland,Logistics,20,2,WhatsApp Business|SMS,32963.15,17414.27,0.528,419738,-0.5154,7.0,2,35,Annual,5,False,Retain,395557.8
CLT0164,2023-04,SMB,UK & Ireland,Logistics,20,2,WhatsApp Business|SMS,33150.59,14869.26,0.449,419222,0.0057,7.0,2,60,Annual,10,False,Nurture,400074.58
CLT0164,2023-05,SMB,UK & Ireland,Logistics,20,2,WhatsApp Business|SMS,71647.17,34187.97,0.477,850191,1.1613,7.0,2,85,Annual,5,False,Upsell,1858212.34
CLT0164,2023-06,SMB,UK & Ireland,Logistics,20,2,WhatsApp Business|SMS,36726.62,21080.88,0.574,449909,-0.4874,7.0,2,90,Annual,6,False,Retain,440719.44
CLT0164,2023-07,SMB,UK & Ireland,Logistics,20,2,WhatsApp Business|SMS,38085.27,18541.87,0.487,478227,0.037,7.0,3,75,Annual,3,False,Upsell,473933.1
CLT0164,2023-08,SMB,UK & Ireland,Logistics,20,2,WhatsApp Business|SMS,39080.09,18905.3,0.484,482060,0.0261,7.0,1,30,Annual,6,False,Nurture,481200.96
CLT0164,2023-09,SMB,UK & Ireland,Logistics,20,2,WhatsApp Business|SMS,38471.85,20305.57,0.528,459000,-0.0156,7.0,3,87,Annual,2,False,Nurture,461662.2
CLT0164,2023-10,SMB,UK & Ireland,Logistics,20,2,WhatsApp Business|SMS,39682.4,23240.59,0.586,459518,0.0315,7.0,3,53,Annual,12,False,Upsell,491188.75
CLT0164,2023-11,SMB,UK & Ireland,Logistics,20,2,WhatsApp Business|SMS,39485.11,19876.77,0.503,456970,-0.005,7.0,3,28,Annual,9,False,Nurture,473821.32
CLT0165,2023-01,SMB,LATAM,Gaming & Entertainment,7,1,SMS,59745.0,28691.8,0.48,1493625,0.0,6.8,2,30,Monthly,3,False,Nurture,716940.0
CLT0165,2023-03,SMB,LATAM,Gaming & Entertainment,7,1,SMS,28925.12,14519.96,0.502,723128,-0.5159,6.8,3,55,Monthly,5,False,Retain,347101.44
CLT0165,2023-04,SMB,LATAM,Gaming & Entertainment,7,1,SMS,28637.4,14937.54,0.522,715935,-0.0099,6.8,2,66,Monthly,10,False,Nurture,343648.8
CLT0165,2023-05,SMB,LATAM,Gaming & Entertainment,7,1,SMS,56523.32,26621.67,0.471,1413083,0.9738,6.8,3,63,Monthly,12,False,Nurture,1338788.75
CLT0165,2023-06,SMB,LATAM,Gaming & Entertainment,7,1,SMS,29023.12,16975.47,0.585,725578,-0.4865,6.8,1,12,Monthly,11,False,Retain,348277.44
CLT0165,2023-07,SMB,LATAM,Gaming & Entertainment,7,1,SMS,28126.0,10590.92,0.377,703150,-0.0309,6.8,1,88,Monthly,1,False,Nurture,337512.0
CLT0165,2023-08,SMB,LATAM,Gaming & Entertainment,7,1,SMS,29711.12,15677.19,0.528,742778,0.0564,6.8,2,7,Monthly,2,False,Nurture,376641.93
CLT0165,2023-09,SMB,LATAM,Gaming & Entertainment,7,1,SMS,28710.24,12698.76,0.442,717756,-0.0337,6.8,2,57,Monthly,1,False,Nurture,344522.88
CLT0165,2023-10,SMB,LATAM,Gaming & Entertainment,7,1,SMS,27010.68,9627.01,0.356,675267,-0.0592,6.8,3,60,Monthly,9,False,Retain,324128.16
CLT0165,2023-11,SMB,LATAM,Gaming & Entertainment,7,1,SMS,27571.04,14101.35,0.511,689276,0.0207,6.8,3,14,Monthly,3,False,Nurture,337701.13
CLT0166,2023-01,Enterprise,UK & Ireland,Healthcare,51,4,SMS|Voice|WhatsApp Business|Verification,893558.42,441769.42,0.494,10829809,0.0,7.8,3,88,Multi-year,12,False,Expand,10722701.04
CLT0166,2023-03,Enterprise,UK & Ireland,Healthcare,51,4,SMS|Voice|WhatsApp Business|Verification,437215.62,171308.86,0.392,5155502,-0.5107,7.8,2,80,Multi-year,5,False,Retain,5246587.44
CLT0166,2023-04,Enterprise,UK & Ireland,Healthcare,51,4,SMS|Voice|WhatsApp Business|Verification,437118.8,222173.53,0.508,5277530,-0.0002,7.8,1,82,Multi-year,11,False,Nurture,5245425.6
CLT0166,2023-05,Enterprise,UK & Ireland,Healthcare,51,4,SMS|Voice|WhatsApp Business|Verification,896161.36,406856.14,0.454,10831884,1.0502,7.8,2,44,Multi-year,8,False,Expand,22047720.24
CLT0166,2023-06,Enterprise,UK & Ireland,Healthcare,51,4,SMS|Voice|WhatsApp Business|Verification,440690.38,196761.91,0.446,5171456,-0.5082,7.8,2,52,Multi-year,2,False,Retain,5288284.56
CLT0166,2023-07,Enterprise,UK & Ireland,Healthcare,51,4,SMS|Voice|WhatsApp Business|Verification,461244.24,225417.22,0.489,5511257,0.0466,7.8,3,31,Multi-year,1,False,Expand,5792858.66
CLT0166,2023-08,Enterprise,UK & Ireland,Healthcare,51,4,SMS|Voice|WhatsApp Business|Verification,468660.46,200363.94,0.428,5505433,0.0161,7.8,1,35,Multi-year,10,False,Expand,5714470.72
CLT0166,2023-09,Enterprise,UK & Ireland,Healthcare,51,4,SMS|Voice|WhatsApp Business|Verification,481368.69,211255.33,0.439,5548939,0.0271,7.8,2,39,Multi-year,9,False,Expand,5932965.38
CLT0166,2023-10,Enterprise,UK & Ireland,Healthcare,51,4,SMS|Voice|WhatsApp Business|Verification,481314.92,215036.18,0.447,5319943,-0.0001,7.8,1,37,Multi-year,2,False,Nurture,5775779.04
CLT0166,2023-11,Enterprise,UK & Ireland,Healthcare,51,4,SMS|Voice|WhatsApp Business|Verification,467019.19,260223.77,0.557,5161465,-0.0297,7.8,3,90,Multi-year,5,False,Nurture,5604230.28
CLT0167,2023-01,Mid-Market,Nordics,Healthcare,23,3,Verification|SMS|Voice,415352.4,195808.7,0.471,6436661,0.0,5.8,1,23,Annual,11,False,Retain,4984228.8
CLT0167,2023-03,Mid-Market,Nordics,Healthcare,23,3,Verification|SMS|Voice,215379.0,109690.11,0.509,3328863,-0.4815,5.8,1,82,Annual,4,False,Retain,2584548.0
CLT0167,2023-04,Mid-Market,Nordics,Healthcare,23,3,Verification|SMS|Voice,227291.0,94644.4,0.416,3508337,0.0553,5.8,6,41,Annual,12,False,Retain,2878322.31
CLT0167,2023-05,Mid-Market,Nordics,Healthcare,23,3,Verification|SMS|Voice,470031.16,232368.17,0.494,7148658,1.068,5.8,2,45,Annual,3,False,Retain,11664293.27
CLT0167,2023-06,Mid-Market,Nordics,Healthcare,23,3,Verification|SMS|Voice,244677.24,137361.6,0.561,3692563,-0.4794,5.8,1,70,Annual,4,False,Retain,2936126.88
CLT0167,2023-07,Mid-Market,Nordics,Healthcare,23,3,Verification|SMS|Voice,252760.84,133538.73,0.528,3828766,0.033,5.8,2,82,Annual,4,False,Retain,3133223.37
CLT0167,2023-08,Mid-Market,Nordics,Healthcare,23,3,Verification|SMS|Voice,259012.56,109352.69,0.422,3898109,0.0247,5.8,2,62,Annual,3,False,Retain,3184922.04
CLT0167,2023-09,Mid-Market,Nordics,Healthcare,23,3,Verification|SMS|Voice,281615.6,127824.82,0.454,4203727,0.0873,5.8,0,87,Annual,9,False,Retain,3674407.7
CLT0167,2023-10,Mid-Market,Nordics,Healthcare,23,3,Verification|SMS|Voice,281550.04,146322.35,0.52,4147803,-0.0002,5.8,3,61,Annual,12,False,Retain,3378600.48
CLT0167,2023-11,Mid-Market,Nordics,Healthcare,23,3,Verification|SMS|Voice,292453.96,132909.02,0.454,4173419,0.0387,5.8,2,46,Annual,7,False,Retain,3645263.14
CLT0168,2023-01,Enterprise,Nordics,Fintech,52,4,SMS|Voice|WhatsApp Business|Verification,1047301.32,437868.5,0.418,10943084,0.0,7.4,4,85,Multi-year,8,False,Expand,12567615.84
CLT0168,2023-03,Enterprise,Nordics,Fintech,52,4,SMS|Voice|WhatsApp Business|Verification,550012.6,240626.97,0.437,5737547,-0.4748,7.4,3,74,Multi-year,9,False,Retain,6600151.2
CLT0168,2023-04,Enterprise,Nordics,Fintech,52,4,SMS|Voice|WhatsApp Business|Verification,563437.35,254901.94,0.452,5901284,0.0244,7.4,3,16,Multi-year,11,False,Expand,6926222.66
CLT0168,2023-05,Enterprise,Nordics,Fintech,52,4,SMS|Voice|WhatsApp Business|Verification,1192246.42,598183.3,0.502,12594547,1.116,7.4,1,27,Multi-year,1,False,Expand,30273521.1
CLT0168,2023-06,Enterprise,Nordics,Fintech,52,4,SMS|Voice|WhatsApp Business|Verification,611327.53,288818.68,0.472,6609493,-0.4872,7.4,1,18,Multi-year,7,False,Retain,7335930.36
CLT0168,2023-07,Enterprise,Nordics,Fintech,52,4,SMS|Voice|WhatsApp Business|Verification,643125.47,304284.29,0.473,6853615,0.052,7.4,5,42,Multi-year,7,False,Expand,8118815.93
CLT0168,2023-08,Enterprise,Nordics,Fintech,52,4,SMS|Voice|WhatsApp Business|Verification,687058.66,329318.52,0.479,7311634,0.0683,7.4,1,36,Multi-year,11,False,Expand,8807817.2
CLT0168,2023-09,Enterprise,Nordics,Fintech,52,4,SMS|Voice|WhatsApp Business|Verification,704591.71,339838.7,0.482,7472992,0.0255,7.4,1,59,Multi-year,12,False,Expand,8670705.58
CLT0168,2023-10,Enterprise,Nordics,Fintech,52,4,SMS|Voice|WhatsApp Business|Verification,757504.07,395178.64,0.522,7988141,0.0751,7.4,3,61,Multi-year,2,False,Expand,9772711.51
CLT0168,2023-11,Enterprise,Nordics,Fintech,52,4,SMS|Voice|WhatsApp Business|Verification,742649.38,318035.1,0.428,7730799,-0.0196,7.4,2,11,Multi-year,6,False,Nurture,8911792.56
CLT0169,2023-01,SMB,Southern Europe,Retail & E-commerce,13,2,WhatsApp Business|Email,12476.22,5643.51,0.452,1618992,0.0,7.7,6,67,Annual,9,False,Retain,149714.64
CLT0169,2023-03,SMB,Southern Europe,Retail & E-commerce,13,2,WhatsApp Business|Email,6218.78,2713.73,0.436,798927,-0.5015,7.7,1,17,Annual,12,False,Retain,74625.36
CLT0169,2023-04,SMB,Southern Europe,Retail & E-commerce,13,2,WhatsApp Business|Email,6346.24,3601.42,0.567,805454,0.0205,7.7,4,9,Annual,9,False,Nurture,77716.06
CLT0169,2023-05,SMB,Southern Europe,Retail & E-commerce,13,2,WhatsApp Business|Email,12823.96,5514.13,0.43,1637201,1.0207,7.7,1,60,Annual,1,False,Upsell,310960.51
CLT0169,2023-06,SMB,Southern Europe,Retail & E-commerce,13,2,WhatsApp Business|Email,6150.74,2280.8,0.371,735505,-0.5204,7.7,2,87,Annual,9,False,Retain,73808.88
CLT0169,2023-07,SMB,Southern Europe,Retail & E-commerce,13,2,WhatsApp Business|Email,6094.12,2607.83,0.428,720803,-0.0092,7.7,1,77,Annual,5,False,Nurture,73129.44
CLT0169,2023-08,SMB,Southern Europe,Retail & E-commerce,13,2,WhatsApp Business|Email,5854.38,2563.39,0.438,676344,-0.0393,7.7,4,10,Annual,12,False,Nurture,70252.56
CLT0169,2023-09,SMB,Southern Europe,Retail & E-commerce,13,2,WhatsApp Business|Email,5901.99,2598.06,0.44,667334,0.0081,7.7,0,1,Annual,8,False,Nurture,71397.55
CLT0169,2023-10,SMB,Southern Europe,Retail & E-commerce,13,2,WhatsApp Business|Email,6002.71,2835.86,0.472,682901,0.0171,7.7,1,74,Annual,2,False,Nurture,73264.28
CLT0169,2023-11,SMB,Southern Europe,Retail & E-commerce,13,2,WhatsApp Business|Email,5932.24,2361.69,0.398,661067,-0.0117,7.7,2,15,Annual,7,False,Nurture,71186.88
CLT0170,2023-01,SMB,UK & Ireland,Gaming & Entertainment,15,2,Email|SMS,50156.07,20551.15,0.41,2694557,0.0,6.1,0,16,Annual,2,False,Nurture,601872.84
CLT0170,2023-03,SMB,UK & Ireland,Gaming & Entertainment,15,2,Email|SMS,25626.72,10366.04,0.405,1391557,-0.4891,6.1,1,39,Annual,7,False,Retain,307520.64
CLT0170,2023-04,SMB,UK & Ireland,Gaming & Entertainment,15,2,Email|SMS,25245.36,12637.64,0.501,1334325,-0.0149,6.1,0,33,Annual,5,False,Nurture,302944.32
CLT0170,2023-05,SMB,UK & Ireland,Gaming & Entertainment,15,2,Email|SMS,56141.86,21898.87,0.39,2889046,1.2238,6.1,2,49,Annual,12,False,Nurture,1498179.22
CLT0170,2023-06,SMB,UK & Ireland,Gaming & Entertainment,15,2,Email|SMS,29503.67,11639.31,0.395,1525916,-0.4745,6.1,2,84,Annual,2,False,Retain,354044.04
CLT0170,2023-07,SMB,UK & Ireland,Gaming & Entertainment,15,2,Email|SMS,31330.37,16603.62,0.53,1613377,0.0619,6.1,3,14,Annual,10,False,Nurture,399236.64
CLT0170,2023-08,SMB,UK & Ireland,Gaming & Entertainment,15,2,Email|SMS,32911.47,17679.47,0.537,1729572,0.0505,6.1,2,65,Annual,4,False,Nurture,414881.99
CLT0170,2023-09,SMB,UK & Ireland,Gaming & Entertainment,15,2,Email|SMS,35337.58,18419.9,0.521,1781187,0.0737,6.1,0,8,Annual,10,False,Nurture,455303.52
CLT0170,2023-10,SMB,UK & Ireland,Gaming & Entertainment,15,2,Email|SMS,36358.4,16307.3,0.449,1814481,0.0289,6.1,1,59,Annual,6,False,Nurture,448909.89
CLT0170,2023-11,SMB,UK & Ireland,Gaming & Entertainment,15,2,Email|SMS,38488.7,19291.71,0.501,1856527,0.0586,6.1,1,39,Annual,3,False,Nurture,488929.65
CLT0171,2023-01,Mid-Market,North America,Fintech,30,3,Voice|SMS|WhatsApp Business,401342.81,195262.29,0.487,5222710,0.0,7.3,4,39,Multi-year,8,False,Nurture,4816113.72
CLT0171,2023-03,Mid-Market,North America,Fintech,30,3,Voice|SMS|WhatsApp Business,209283.84,80488.17,0.385,2687876,-0.4785,7.3,0,28,Multi-year,12,False,Retain,2511406.08
CLT0171,2023-04,Mid-Market,North America,Fintech,30,3,Voice|SMS|WhatsApp Business,217887.81,96549.33,0.443,2820618,0.0411,7.3,2,86,Multi-year,9,False,Upsell,2722115.99
CLT0171,2023-05,Mid-Market,North America,Fintech,30,3,Voice|SMS|WhatsApp Business,462935.61,205784.36,0.445,6169781,1.1247,7.3,0,70,Multi-year,11,False,Upsell,11803191.49
CLT0171,2023-06,Mid-Market,North America,Fintech,30,3,Voice|SMS|WhatsApp Business,236526.89,121946.56,0.516,3072224,-0.4891,7.3,1,44,Multi-year,12,False,Retain,2838322.68
CLT0171,2023-07,Mid-Market,North America,Fintech,30,3,Voice|SMS|WhatsApp Business,240447.06,113776.87,0.473,3075421,0.0166,7.3,1,24,Multi-year,4,False,Nurture,2933261.77
CLT0171,2023-08,Mid-Market,North America,Fintech,30,3,Voice|SMS|WhatsApp Business,244796.7,104323.32,0.426,3031812,0.0181,7.3,2,64,Multi-year,12,False,Nurture,2990730.24
CLT0171,2023-09,Mid-Market,North America,Fintech,30,3,Voice|SMS|WhatsApp Business,260880.75,120417.76,0.462,3279171,0.0657,7.3,3,86,Multi-year,8,False,Upsell,3336247.38
CLT0171,2023-10,Mid-Market,North America,Fintech,30,3,Voice|SMS|WhatsApp Business,277538.94,133718.48,0.482,3564440,0.0639,7.3,1,38,Multi-year,9,False,Upsell,3543284.14
CLT0171,2023-11,Mid-Market,North America,Fintech,30,3,Voice|SMS|WhatsApp Business,283861.59,129814.1,0.457,3702065,0.0228,7.3,2,87,Multi-year,12,False,Nurture,3484003.61
CLT0172,2023-01,Enterprise,Southern Europe,Retail & E-commerce,32,4,WhatsApp Business|Email|SMS|Voice,884075.9,391921.61,0.443,38842442,0.0,8.8,1,64,Multi-year,8,False,Expand,10608910.8
CLT0172,2023-03,Enterprise,Southern Europe,Retail & E-commerce,32,4,WhatsApp Business|Email|SMS|Voice,466975.16,251780.17,0.539,20808213,-0.4718,8.8,0,1,Multi-year,1,False,Retain,5603701.92
CLT0172,2023-04,Enterprise,Southern Europe,Retail & E-commerce,32,4,WhatsApp Business|Email|SMS|Voice,489462.52,226276.97,0.462,21248096,0.0482,8.8,2,61,Multi-year,9,False,Expand,6156655.36
CLT0172,2023-05,Enterprise,Southern Europe,Retail & E-commerce,32,4,WhatsApp Business|Email|SMS|Voice,1048533.04,524681.3,0.5,45914727,1.1422,8.8,5,72,Multi-year,2,False,Expand,26954009.74
CLT0172,2023-06,Enterprise,Southern Europe,Retail & E-commerce,32,4,WhatsApp Business|Email|SMS|Voice,556932.93,252445.33,0.453,24535229,-0.4688,8.8,3,81,Multi-year,3,False,Retain,6683195.16
CLT0172,2023-07,Enterprise,Southern Europe,Retail & E-commerce,32,4,WhatsApp Business|Email|SMS|Voice,581457.81,255323.63,0.439,24845840,0.044,8.8,2,44,Multi-year,4,False,Expand,7284503.44
CLT0172,2023-08,Enterprise,Southern Europe,Retail & E-commerce,32,4,WhatsApp Business|Email|SMS|Voice,597799.57,264161.52,0.442,25887804,0.0281,8.8,3,23,Multi-year,6,False,Expand,7375172.86
CLT0172,2023-09,Enterprise,Southern Europe,Retail & E-commerce,32,4,WhatsApp Business|Email|SMS|Voice,635128.51,256021.8,0.403,26309953,0.0624,8.8,0,13,Multi-year,3,False,Expand,8097126.35
CLT0172,2023-10,Enterprise,Southern Europe,Retail & E-commerce,32,4,WhatsApp Business|Email|SMS|Voice,652958.66,280721.43,0.43,28149222,0.0281,8.8,3,12,Multi-year,11,False,Expand,8055681.58
CLT0172,2023-11,Enterprise,Southern Europe,Retail & E-commerce,32,4,WhatsApp Business|Email|SMS|Voice,692748.31,346412.61,0.5,28493989,0.0609,8.8,0,72,Multi-year,1,False,Expand,8819240.18
CLT0173,2023-01,SMB,APAC,Retail & E-commerce,17,2,SMS|Email,82162.11,39621.94,0.482,2765320,0.0,6.3,2,71,Annual,3,False,Nurture,985945.32
CLT0173,2023-03,SMB,APAC,Retail & E-commerce,17,2,SMS|Email,45778.83,22666.96,0.495,1525613,-0.4428,6.3,0,22,Annual,7,False,Retain,549345.96
CLT0173,2023-04,SMB,APAC,Retail & E-commerce,17,2,SMS|Email,47679.49,20681.86,0.434,1576631,0.0415,6.3,2,62,Annual,10,False,Nurture,595898.27
CLT0173,2023-05,SMB,APAC,Retail & E-commerce,17,2,SMS|Email,102272.22,48085.97,0.47,3357519,1.145,6.3,2,75,Annual,1,False,Nurture,2632486.94
CLT0173,2023-06,SMB,APAC,Retail & E-commerce,17,2,SMS|Email,51766.39,26961.93,0.521,1711652,-0.4938,6.3,5,79,Annual,7,False,Retain,621196.68
CLT0173,2023-07,SMB,APAC,Retail & E-commerce,17,2,SMS|Email,55032.6,24392.19,0.443,1827027,0.0631,6.3,1,86,Annual,7,False,Nurture,702061.88
CLT0173,2023-08,SMB,APAC,Retail & E-commerce,17,2,SMS|Email,61716.4,29258.94,0.474,1992254,0.1215,6.3,3,53,Annual,12,False,Nurture,830579.31
CLT0173,2023-09,SMB,APAC,Retail & E-commerce,17,2,SMS|Email,62658.08,25068.11,0.4,2008879,0.0153,6.3,0,3,Annual,3,False,Nurture,763400.98
CLT0173,2023-10,SMB,APAC,Retail & E-commerce,17,2,SMS|Email,64197.58,32809.41,0.511,2095629,0.0246,6.3,0,70,Annual,7,False,Nurture,789322.09
CLT0173,2023-11,SMB,APAC,Retail & E-commerce,17,2,SMS|Email,65308.05,29243.6,0.448,2133910,0.0173,6.3,2,47,Annual,12,False,Nurture,797254.55
CLT0174,2023-01,Enterprise,UK & Ireland,Healthcare,59,2,Voice|Verification,356927.16,153381.68,0.43,3760814,0.0,9.2,4,82,Multi-year,9,True,Retain,4283125.92
CLT0174,2023-03,Enterprise,UK & Ireland,Healthcare,59,2,Voice|Verification,167829.48,69130.8,0.412,1790161,-0.5298,9.2,1,85,Multi-year,10,True,Retain,2013953.76
CLT0174,2023-04,Enterprise,UK & Ireland,Healthcare,59,2,Voice|Verification,158588.32,87482.07,0.552,1692641,-0.0551,9.2,3,122,Multi-year,8,True,Retain,1903059.84
CLT0174,2023-05,Enterprise,UK & Ireland,Healthcare,59,2,Voice|Verification,280857.08,135940.91,0.484,3014027,0.771,9.2,3,46,Multi-year,7,True,Retain,5968774.66
CLT0174,2023-06,Enterprise,UK & Ireland,Healthcare,59,2,Voice|Verification,131000.68,62371.09,0.476,1420105,-0.5336,9.2,1,108,Multi-year,7,True,Retain,1572008.16
CLT0174,2023-07,Enterprise,UK & Ireland,Healthcare,59,2,Voice|Verification,118751.92,59964.27,0.505,1295005,-0.0935,9.2,3,165,Multi-year,3,True,Retain,1425023.04
CLT0174,2023-08,Enterprise,UK & Ireland,Healthcare,59,2,Voice|Verification,114188.6,56431.65,0.494,1249804,-0.0384,9.2,3,57,Multi-year,12,True,Retain,1370263.2
CLT0174,2023-09,Enterprise,UK & Ireland,Healthcare,59,2,Voice|Verification,110967.56,64291.22,0.579,1224908,-0.0282,9.2,4,30,Multi-year,1,True,Retain,1331610.72
CLT0174,2023-10,Enterprise,UK & Ireland,Healthcare,59,2,Voice|Verification,104804.48,44626.02,0.426,1161217,-0.0555,9.2,5,78,Multi-year,11,True,Retain,1257653.76
CLT0174,2023-11,Enterprise,UK & Ireland,Healthcare,59,2,Voice|Verification,101118.64,51971.84,0.514,1133663,-0.0352,9.2,2,150,Multi-year,1,True,Retain,1213423.68
CLT0175,2023-01,Mid-Market,APAC,Gaming & Entertainment,10,2,Verification|SMS,154617.88,76848.0,0.497,2207508,0.0,6.7,3,76,Annual,1,False,Nurture,1855414.56
CLT0175,2023-03,Mid-Market,APAC,Gaming & Entertainment,10,2,Verification|SMS,73592.44,26830.86,0.365,1055234,-0.524,6.7,1,58,Annual,1,False,Retain,883109.28
CLT0175,2023-04,Mid-Market,APAC,Gaming & Entertainment,10,2,Verification|SMS,76441.2,30304.21,0.396,1099145,0.0387,6.7,2,32,Annual,8,False,Nurture,952793.69
CLT0175,2023-05,Mid-Market,APAC,Gaming & Entertainment,10,2,Verification|SMS,137411.68,56122.34,0.408,2000214,0.7976,6.7,3,67,Annual,1,False,Nurture,2964134.83
CLT0175,2023-06,Mid-Market,APAC,Gaming & Entertainment,10,2,Verification|SMS,64930.8,24427.74,0.376,952514,-0.5275,6.7,2,68,Annual,11,False,Retain,779169.6
CLT0175,2023-07,Mid-Market,APAC,Gaming & Entertainment,10,2,Verification|SMS,63401.04,32886.43,0.519,929401,-0.0236,6.7,2,66,Annual,12,False,Nurture,760812.48
CLT0175,2023-08,Mid-Market,APAC,Gaming & Entertainment,10,2,Verification|SMS,63000.52,31182.98,0.495,929516,-0.0063,6.7,2,54,Annual,12,False,Nurture,756006.24
CLT0175,2023-09,Mid-Market,APAC,Gaming & Entertainment,10,2,Verification|SMS,62115.2,27964.84,0.45,918889,-0.0141,6.7,1,56,Annual,10,False,Nurture,745382.4
CLT0175,2023-10,Mid-Market,APAC,Gaming & Entertainment,10,2,Verification|SMS,60578.2,27923.33,0.461,896685,-0.0247,6.7,4,29,Annual,3,False,Nurture,726938.4
CLT0175,2023-11,Mid-Market,APAC,Gaming & Entertainment,10,2,Verification|SMS,57632.68,29900.84,0.519,852318,-0.0486,6.7,4,5,Annual,8,False,Nurture,691592.16
CLT0176,2023-01,Enterprise,Southern Europe,Retail & E-commerce,41,3,Email|SMS|Voice,681167.79,299213.9,0.439,38447453,0.0,7.7,0,5,Multi-year,10,False,Expand,8174013.48
CLT0176,2023-03,Enterprise,Southern Europe,Retail & E-commerce,41,3,Email|SMS|Voice,360612.57,181743.6,0.504,20001227,-0.4706,7.7,2,66,Multi-year,4,False,Retain,4327350.84
CLT0176,2023-04,Enterprise,Southern Europe,Retail & E-commerce,41,3,Email|SMS|Voice,358841.4,163851.73,0.457,19873075,-0.0049,7.7,2,35,Multi-year,9,False,Nurture,4306096.8
CLT0176,2023-05,Enterprise,Southern Europe,Retail & E-commerce,41,3,Email|SMS|Voice,763708.19,314545.95,0.412,42498670,1.1283,7.7,4,35,Multi-year,10,False,Upsell,19504801.69
CLT0176,2023-06,Enterprise,Southern Europe,Retail & E-commerce,41,3,Email|SMS|Voice,400381.79,188625.73,0.471,23466367,-0.4757,7.7,4,20,Multi-year,11,False,Retain,4804581.48
CLT0176,2023-07,Enterprise,Southern Europe,Retail & E-commerce,41,3,Email|SMS|Voice,392479.24,189855.89,0.484,23773090,-0.0197,7.7,1,89,Multi-year,12,False,Nurture,4709750.88
CLT0176,2023-08,Enterprise,Southern Europe,Retail & E-commerce,41,3,Email|SMS|Voice,404912.38,200690.56,0.496,24567430,0.0317,7.7,3,56,Multi-year,8,False,Upsell,5012977.23
CLT0176,2023-09,Enterprise,Southern Europe,Retail & E-commerce,41,3,Email|SMS|Voice,435423.91,243397.69,0.559,27104555,0.0754,7.7,2,39,Multi-year,9,False,Upsell,5619058.47
CLT0176,2023-10,Enterprise,Southern Europe,Retail & E-commerce,41,3,Email|SMS|Voice,438053.0,212054.14,0.484,28358538,0.006,7.7,3,57,Multi-year,7,False,Expand,5288175.82
CLT0176,2023-11,Enterprise,Southern Europe,Retail & E-commerce,41,3,Email|SMS|Voice,456172.56,239542.54,0.525,29195171,0.0414,7.7,0,88,Multi-year,3,False,Upsell,5700697.25
CLT0177,2023-01,SMB,APAC,Gaming & Entertainment,18,3,Email|SMS|Verification,55321.36,24791.46,0.448,1323114,0.0,8.0,2,79,Annual,7,False,Nurture,663856.32
CLT0177,2023-03,SMB,APAC,Gaming & Entertainment,18,3,Email|SMS|Verification,28656.29,14963.31,0.522,691149,-0.482,8.0,2,45,Annual,1,False,Retain,343875.48
CLT0177,2023-04,SMB,APAC,Gaming & Entertainment,18,3,Email|SMS|Verification,29442.4,11128.75,0.378,714158,0.0274,8.0,4,61,Annual,5,False,Nurture,362989.46
CLT0177,2023-05,SMB,APAC,Gaming & Entertainment,18,3,Email|SMS|Verification,61327.93,28995.3,0.473,1495528,1.083,8.0,0,87,Annual,5,False,Upsell,1532952.94
CLT0177,2023-06,SMB,APAC,Gaming & Entertainment,18,3,Email|SMS|Verification,33226.82,13492.7,0.406,815035,-0.4582,8.0,3,44,Annual,7,False,Retain,398721.84
CLT0177,2023-07,SMB,APAC,Gaming & Entertainment,18,3,Email|SMS|Verification,34606.25,18901.47,0.546,846712,0.0415,8.0,6,41,Annual,8,False,Upsell,432508.91
CLT0177,2023-08,SMB,APAC,Gaming & Entertainment,18,3,Email|SMS|Verification,35388.8,14435.33,0.408,861615,0.0226,8.0,1,18,Annual,7,False,Nurture,434263.04
CLT0177,2023-09,SMB,APAC,Gaming & Entertainment,18,3,Email|SMS|Verification,37417.78,15998.71,0.428,909181,0.0573,8.0,3,61,Annual,7,False,Upsell,474741.83
CLT0177,2023-10,SMB,APAC,Gaming & Entertainment,18,3,Email|SMS|Verification,38090.41,16889.86,0.443,935562,0.018,8.0,1,47,Annual,11,False,Nurture,465312.45
CLT0177,2023-11,SMB,APAC,Gaming & Entertainment,18,3,Email|SMS|Verification,37623.16,14104.06,0.375,932045,-0.0123,8.0,3,36,Annual,2,False,Nurture,451477.92
CLT0178,2023-01,SMB,DACH,Logistics,23,3,WhatsApp Business|Voice|SMS,71072.46,33754.27,0.475,1069923,0.0,7.4,1,77,Monthly,9,False,Nurture,852869.52
CLT0178,2023-03,SMB,DACH,Logistics,23,3,WhatsApp Business|Voice|SMS,37383.55,14967.99,0.4,536392,-0.474,7.4,3,21,Monthly,9,False,Retain,448602.6
CLT0178,2023-04,SMB,DACH,Logistics,23,3,WhatsApp Business|Voice|SMS,38573.22,17506.1,0.454,555652,0.0318,7.4,2,14,Monthly,8,False,Upsell,477598.18
CLT0178,2023-05,SMB,DACH,Logistics,23,3,WhatsApp Business|Voice|SMS,83905.14,40317.01,0.481,1204124,1.1752,7.4,4,76,Monthly,5,False,Upsell,2190125.53
CLT0178,2023-06,SMB,DACH,Logistics,23,3,WhatsApp Business|Voice|SMS,46875.87,22475.91,0.479,677589,-0.4413,7.4,2,64,Monthly,8,False,Retain,562510.44
CLT0178,2023-07,SMB,DACH,Logistics,23,3,WhatsApp Business|Voice|SMS,48162.84,23421.53,0.486,677628,0.0275,7.4,2,74,Monthly,6,False,Nurture,593847.82
CLT0178,2023-08,SMB,DACH,Logistics,23,3,WhatsApp Business|Voice|SMS,49465.48,18274.07,0.369,710496,0.027,7.4,1,1,Monthly,1,False,Nurture,609612.58
CLT0178,2023-09,SMB,DACH,Logistics,23,3,WhatsApp Business|Voice|SMS,51468.3,25642.06,0.498,721818,0.0405,7.4,0,25,Monthly,5,False,Upsell,642633.19
CLT0178,2023-10,SMB,DACH,Logistics,23,3,WhatsApp Business|Voice|SMS,53471.27,29329.09,0.549,765304,0.0389,7.4,1,43,Monthly,3,False,Upsell,666615.63
CLT0178,2023-11,SMB,DACH,Logistics,23,3,WhatsApp Business|Voice|SMS,54021.76,25230.12,0.467,776535,0.0103,7.4,3,20,Monthly,1,False,Nurture,654938.21
CLT0179,2023-01,Mid-Market,Southern Europe,Retail & E-commerce,20,3,Email|WhatsApp Business|SMS,251261.2,125708.54,0.5,16711580,0.0,8.1,1,24,Annual,7,False,Nurture,3015134.4
CLT0179,2023-03,Mid-Market,Southern Europe,Retail & E-commerce,20,3,Email|WhatsApp Business|SMS,130817.89,66810.74,0.511,8441152,-0.4794,8.1,3,23,Annual,7,False,Retain,1569814.68
CLT0179,2023-04,Mid-Market,Southern Europe,Retail & E-commerce,20,3,Email|WhatsApp Business|SMS,130488.16,54080.12,0.414,8073640,-0.0025,8.1,2,79,Annual,4,False,Nurture,1565857.92
CLT0179,2023-05,Mid-Market,Southern Europe,Retail & E-commerce,20,3,Email|WhatsApp Business|SMS,285502.79,157056.94,0.55,16535010,1.188,8.1,2,8,Annual,4,False,Upsell,7496161.25
CLT0179,2023-06,Mid-Market,Southern Europe,Retail & E-commerce,20,3,Email|WhatsApp Business|SMS,144689.32,68441.16,0.473,8654230,-0.4932,8.1,3,17,Annual,12,False,Retain,1736271.84
CLT0179,2023-07,Mid-Market,Southern Europe,Retail & E-commerce,20,3,Email|WhatsApp Business|SMS,151594.27,69152.55,0.456,8811279,0.0477,8.1,3,50,Annual,11,False,Upsell,1905903.8
CLT0179,2023-08,Mid-Market,Southern Europe,Retail & E-commerce,20,3,Email|WhatsApp Business|SMS,151175.61,66942.59,0.443,9066818,-0.0028,8.1,3,33,Annual,6,False,Nurture,1814107.32
CLT0179,2023-09,Mid-Market,Southern Europe,Retail & E-commerce,20,3,Email|WhatsApp Business|SMS,153117.21,59840.92,0.391,8738834,0.0128,8.1,0,22,Annual,6,False,Nurture,1860925.32
CLT0179,2023-10,Mid-Market,Southern Europe,Retail & E-commerce,20,3,Email|WhatsApp Business|SMS,164601.04,67016.91,0.407,8872288,0.075,8.1,1,57,Annual,4,False,Upsell,2123353.42
CLT0179,2023-11,Mid-Market,Southern Europe,Retail & E-commerce,20,3,Email|WhatsApp Business|SMS,164161.77,60546.77,0.369,8741288,-0.0027,8.1,0,31,Annual,1,False,Nurture,1969941.24
CLT0180,2023-01,Mid-Market,North America,Fintech,24,3,Verification|Voice|SMS,368837.36,176400.22,0.478,7225006,0.0,6.2,2,79,Multi-year,12,False,Nurture,4426048.32
CLT0180,2023-03,Mid-Market,North America,Fintech,24,3,Verification|Voice|SMS,192380.92,89229.71,0.464,3774067,-0.4784,6.2,1,5,Multi-year,8,False,Retain,2308571.04
CLT0180,2023-04,Mid-Market,North America,Fintech,24,3,Verification|Voice|SMS,205476.04,96924.56,0.472,4038117,0.0681,6.2,5,34,Multi-year,1,False,Retain,2633627.5
CLT0180,2023-05,Mid-Market,North America,Fintech,24,3,Verification|Voice|SMS,415186.92,186444.17,0.449,8131497,1.0206,6.2,3,49,Multi-year,4,False,Nurture,10067120.29
CLT0180,2023-06,Mid-Market,North America,Fintech,24,3,Verification|Voice|SMS,218810.92,99594.74,0.455,4257918,-0.473,6.2,2,43,Multi-year,2,False,Retain,2625731.04
CLT0180,2023-07,Mid-Market,North America,Fintech,24,3,Verification|Voice|SMS,231171.8,110079.57,0.476,4496061,0.0565,6.2,2,56,Multi-year,9,False,Nurture,2930796.08
CLT0180,2023-08,Mid-Market,North America,Fintech,24,3,Verification|Voice|SMS,225266.2,107839.15,0.479,4319268,-0.0255,6.2,1,44,Multi-year,3,False,Nurture,2703194.4
CLT0180,2023-09,Mid-Market,North America,Fintech,24,3,Verification|Voice|SMS,223915.04,83403.34,0.372,4335449,-0.006,6.2,1,83,Multi-year,3,False,Nurture,2686980.48
CLT0180,2023-10,Mid-Market,North America,Fintech,24,3,Verification|Voice|SMS,220655.72,107570.63,0.488,4211033,-0.0146,6.2,1,35,Multi-year,8,False,Nurture,2647868.64
CLT0180,2023-11,Mid-Market,North America,Fintech,24,3,Verification|Voice|SMS,218506.68,110843.54,0.507,4182704,-0.0097,6.2,0,52,Multi-year,12,False,Nurture,2622080.16
CLT0181,2023-01,SMB,UK & Ireland,Healthcare,9,2,Verification|SMS,49919.68,23593.24,0.473,1056408,0.0,5.8,3,62,Monthly,6,False,Retain,599036.16
CLT0181,2023-03,SMB,UK & Ireland,Healthcare,9,2,Verification|SMS,25738.0,12953.87,0.503,537844,-0.4844,5.8,5,16,Monthly,3,False,Retain,308856.0
CLT0181,2023-04,SMB,UK & Ireland,Healthcare,9,2,Verification|SMS,26014.16,9790.1,0.376,544479,0.0107,5.8,1,44,Monthly,12,False,Retain,315510.14
CLT0181,2023-05,SMB,UK & Ireland,Healthcare,9,2,Verification|SMS,54449.16,27107.01,0.498,1130987,1.0931,5.8,3,72,Monthly,4,False,Retain,1367610.44
CLT0181,2023-06,SMB,UK & Ireland,Healthcare,9,2,Verification|SMS,26690.56,14763.26,0.553,544618,-0.5098,5.8,2,62,Monthly,11,False,Retain,320286.72
CLT0181,2023-07,SMB,UK & Ireland,Healthcare,9,2,Verification|SMS,27250.16,12229.84,0.449,555982,0.021,5.8,2,74,Monthly,10,False,Retain,333868.96
CLT0181,2023-08,SMB,UK & Ireland,Healthcare,9,2,Verification|SMS,28024.04,15285.28,0.545,570400,0.0284,5.8,0,4,Monthly,1,False,Retain,345839.07
CLT0181,2023-09,SMB,UK & Ireland,Healthcare,9,2,Verification|SMS,28448.4,15481.6,0.544,571356,0.0151,5.8,0,46,Monthly,4,False,Retain,346535.65
CLT0181,2023-10,SMB,UK & Ireland,Healthcare,9,2,Verification|SMS,28527.44,15912.01,0.558,562867,0.0028,5.8,1,52,Monthly,12,False,Retain,343287.8
CLT0181,2023-11,SMB,UK & Ireland,Healthcare,9,2,Verification|SMS,30916.72,14470.41,0.468,606447,0.0838,5.8,3,53,Monthly,10,False,Retain,402090.49
CLT0182,2023-01,SMB,APAC,Fintech,2,1,SMS,66967.68,29416.56,0.439,1674192,0.0,6.2,3,27,Multi-year,4,False,Nurture,803612.16
CLT0182,2023-03,SMB,APAC,Fintech,2,1,SMS,33157.64,12144.97,0.366,828941,-0.5049,6.2,2,18,Multi-year,8,False,Retain,397891.68
CLT0182,2023-04,SMB,APAC,Fintech,2,1,SMS,32964.32,15355.17,0.466,824108,-0.0058,6.2,2,56,Multi-year,4,False,Nurture,395571.84
CLT0182,2023-05,SMB,APAC,Fintech,2,1,SMS,72304.52,30315.4,0.419,1807613,1.1934,6.2,1,28,Multi-year,5,False,Nurture,1903112.81
CLT0182,2023-06,SMB,APAC,Fintech,2,1,SMS,36915.56,16746.52,0.454,922889,-0.4894,6.2,3,17,Multi-year,3,False,Retain,442986.72
CLT0182,2023-07,SMB,APAC,Fintech,2,1,SMS,38666.48,19362.11,0.501,966662,0.0474,6.2,2,69,Multi-year,6,False,Nurture,485991.25
CLT0182,2023-08,SMB,APAC,Fintech,2,1,SMS,38452.52,20667.33,0.537,961313,-0.0055,6.2,1,90,Multi-year,7,False,Nurture,461430.24
CLT0182,2023-09,SMB,APAC,Fintech,2,1,SMS,41800.84,15696.79,0.376,1045021,0.0871,6.2,1,21,Multi-year,9,False,Nurture,545300.32
CLT0182,2023-10,SMB,APAC,Fintech,2,1,SMS,45193.16,26077.31,0.577,1129829,0.0812,6.2,2,30,Multi-year,8,False,Nurture,586354.14
CLT0182,2023-11,SMB,APAC,Fintech,2,1,SMS,45571.88,26835.59,0.589,1139297,0.0084,6.2,5,18,Multi-year,4,False,Retain,551456.21
CLT0183,2023-01,Enterprise,DACH,Fintech,50,4,SMS|WhatsApp Business|Voice|Verification,834287.05,368922.85,0.442,5091599,0.0,8.1,2,64,Annual,11,False,Expand,10011444.6
CLT0183,2023-03,Enterprise,DACH,Fintech,50,4,SMS|WhatsApp Business|Voice|Verification,438707.87,221433.53,0.505,2495742,-0.4742,8.1,2,23,Annual,3,False,Retain,5264494.44
CLT0183,2023-04,Enterprise,DACH,Fintech,50,4,SMS|WhatsApp Business|Voice|Verification,442538.65,167022.78,0.377,2507776,0.0087,8.1,2,44,Annual,10,False,Expand,5356664.84
CLT0183,2023-05,Enterprise,DACH,Fintech,50,4,SMS|WhatsApp Business|Voice|Verification,897554.32,427185.29,0.476,5110167,1.0282,8.1,5,27,Annual,2,False,Expand,21845036.06
CLT0183,2023-06,Enterprise,DACH,Fintech,50,4,SMS|WhatsApp Business|Voice|Verification,437395.77,219128.5,0.501,2533563,-0.5127,8.1,0,5,Annual,4,False,Retain,5248749.24
CLT0183,2023-07,Enterprise,DACH,Fintech,50,4,SMS|WhatsApp Business|Voice|Verification,446285.04,240137.13,0.538,2518655,0.0203,8.1,1,30,Annual,12,False,Expand,5464135.52
CLT0183,2023-08,Enterprise,DACH,Fintech,50,4,SMS|WhatsApp Business|Voice|Verification,455297.83,252546.96,0.555,2566387,0.0202,8.1,1,61,Annual,12,False,Expand,5573938.15
CLT0183,2023-09,Enterprise,DACH,Fintech,50,4,SMS|WhatsApp Business|Voice|Verification,484614.66,196935.63,0.406,2699485,0.0644,8.1,0,90,Annual,12,False,Expand,6189886.13
CLT0183,2023-10,Enterprise,DACH,Fintech,50,4,SMS|WhatsApp Business|Voice|Verification,478784.33,222777.61,0.465,2643129,-0.012,8.1,3,7,Annual,1,False,Nurture,5745411.96
CLT0183,2023-11,Enterprise,DACH,Fintech,50,4,SMS|WhatsApp Business|Voice|Verification,489209.18,214407.17,0.438,2717172,0.0218,8.1,1,70,Annual,12,False,Expand,5998487.28
CLT0184,2023-01,Mid-Market,UK & Ireland,Fintech,23,2,SMS|Verification,242955.16,112739.6,0.464,4863347,0.0,7.8,3,75,Multi-year,5,False,Nurture,2915461.92
CLT0184,2023-03,Mid-Market,UK & Ireland,Fintech,23,2,SMS|Verification,129635.64,70932.87,0.547,2599521,-0.4664,7.8,1,19,Multi-year,11,False,Retain,1555627.68
CLT0184,2023-04,Mid-Market,UK & Ireland,Fintech,23,2,SMS|Verification,127984.36,58496.09,0.457,2524197,-0.0127,7.8,2,27,Multi-year,5,False,Nurture,1535812.32
CLT0184,2023-05,Mid-Market,UK & Ireland,Fintech,23,2,SMS|Verification,255994.64,123826.37,0.484,5040822,1.0002,7.8,1,5,Multi-year,4,False,Upsell,6144485.75
CLT0184,2023-06,Mid-Market,UK & Ireland,Fintech,23,2,SMS|Verification,137186.52,66651.24,0.486,2690170,-0.4641,7.8,5,58,Multi-year,1,False,Retain,1646238.24
CLT0184,2023-07,Mid-Market,UK & Ireland,Fintech,23,2,SMS|Verification,151321.56,62700.3,0.414,2988963,0.103,7.8,1,35,Multi-year,4,False,Upsell,2002892.17
CLT0184,2023-08,Mid-Market,UK & Ireland,Fintech,23,2,SMS|Verification,154255.04,60206.63,0.39,3043339,0.0194,7.8,5,25,Multi-year,4,False,Retain,1886971.05
CLT0184,2023-09,Mid-Market,UK & Ireland,Fintech,23,2,SMS|Verification,152281.64,73752.35,0.484,2984075,-0.0128,7.8,0,26,Multi-year,11,False,Nurture,1827379.68
CLT0184,2023-10,Mid-Market,UK & Ireland,Fintech,23,2,SMS|Verification,160834.8,67323.29,0.419,3135666,0.0562,7.8,2,16,Multi-year,11,False,Upsell,2038484.59
CLT0184,2023-11,Mid-Market,UK & Ireland,Fintech,23,2,SMS|Verification,166316.0,66672.78,0.401,3292056,0.0341,7.8,1,81,Multi-year,9,False,Upsell,2063848.51
CLT0185,2023-01,Mid-Market,UK & Ireland,Logistics,14,2,Voice|SMS,331364.96,174208.15,0.526,6160514,0.0,7.5,2,66,Annual,4,False,Nurture,3976379.52
CLT0185,2023-03,Mid-Market,UK & Ireland,Logistics,14,2,Voice|SMS,171787.56,79802.6,0.465,3224387,-0.4816,7.5,1,69,Annual,5,False,Retain,2061450.72
CLT0185,2023-04,Mid-Market,UK & Ireland,Logistics,14,2,Voice|SMS,171694.0,73993.15,0.431,3236780,-0.0005,7.5,2,47,Annual,7,False,Nurture,2060328.0
CLT0185,2023-05,Mid-Market,UK & Ireland,Logistics,14,2,Voice|SMS,328828.12,158930.35,0.483,5991777,0.9152,7.5,2,82,Annual,2,False,Upsell,7557259.39
CLT0185,2023-06,Mid-Market,UK & Ireland,Logistics,14,2,Voice|SMS,160941.12,90919.76,0.565,2958936,-0.5106,7.5,1,17,Annual,6,False,Retain,1931293.44
CLT0185,2023-07,Mid-Market,UK & Ireland,Logistics,14,2,Voice|SMS,164223.12,81432.7,0.496,2983984,0.0204,7.5,2,83,Annual,8,False,Nurture,2010879.26
CLT0185,2023-08,Mid-Market,UK & Ireland,Logistics,14,2,Voice|SMS,166890.56,72632.27,0.435,2984936,0.0162,7.5,5,71,Annual,11,False,Retain,2035130.24
CLT0185,2023-09,Mid-Market,UK & Ireland,Logistics,14,2,Voice|SMS,172397.88,92421.4,0.536,3084803,0.033,7.5,6,2,Annual,5,False,Upsell,2137044.12
CLT0185,2023-10,Mid-Market,UK & Ireland,Logistics,14,2,Voice|SMS,174490.16,79954.2,0.458,3178650,0.0121,7.5,2,60,Annual,4,False,Nurture,2119217.89
CLT0185,2023-11,Mid-Market,UK & Ireland,Logistics,14,2,Voice|SMS,174710.88,86895.83,0.497,3202730,0.0013,7.5,3,57,Annual,2,False,Nurture,2099256.05
CLT0186,2023-01,SMB,LATAM,Logistics,2,2,Voice|SMS,68060.84,33032.08,0.485,1410589,0.0,7.3,2,164,Monthly,12,True,Retain,816730.08
CLT0186,2023-03,SMB,LATAM,Logistics,2,2,Voice|SMS,30787.96,16794.83,0.545,632307,-0.5476,7.3,4,125,Monthly,11,True,Retain,369455.52
CLT0186,2023-04,SMB,LATAM,Logistics,2,2,Voice|SMS,26304.36,12162.68,0.462,529739,-0.1456,7.3,7,59,Monthly,8,True,Retain,315652.32
CLT0186,2023-05,SMB,LATAM,Logistics,2,2,Voice|SMS,45976.12,23051.16,0.501,899625,0.7479,7.3,4,137,Monthly,10,True,Retain,964339.92
CLT0186,2023-06,SMB,LATAM,Logistics,2,2,Voice|SMS,21563.08,11595.4,0.538,412353,-0.531,7.3,3,128,Monthly,9,True,Retain,258756.96
CLT0186,2023-07,SMB,LATAM,Logistics,2,2,Voice|SMS,20526.68,9697.72,0.472,384795,-0.0481,7.3,5,34,Monthly,11,True,Retain,246320.16
CLT0186,2023-08,SMB,LATAM,Logistics,2,2,Voice|SMS,18365.2,7563.77,0.412,339054,-0.1053,7.3,2,128,Monthly,5,True,Retain,220382.4
CLT0186,2023-09,SMB,LATAM,Logistics,2,2,Voice|SMS,17225.6,6651.96,0.386,311092,-0.0621,7.3,4,124,Monthly,12,True,Retain,206707.2
CLT0186,2023-10,SMB,LATAM,Logistics,2,2,Voice|SMS,16174.08,8585.5,0.531,293800,-0.061,7.3,1,121,Monthly,5,True,Retain,194088.96
CLT0186,2023-11,SMB,LATAM,Logistics,2,2,Voice|SMS,15698.96,7591.83,0.484,282958,-0.0294,7.3,4,107,Monthly,12,True,Retain,188387.52
CLT0187,2023-01,SMB,APAC,Fintech,11,2,SMS|Verification,76905.52,37454.5,0.487,1736490,0.0,6.0,5,66,Annual,2,True,Retain,922866.24
CLT0187,2023-03,SMB,APAC,Fintech,11,2,SMS|Verification,36171.16,14898.99,0.412,818343,-0.5297,6.0,7,124,Annual,8,True,Retain,434053.92
CLT0187,2023-04,SMB,APAC,Fintech,11,2,SMS|Verification,33159.44,14402.92,0.434,746670,-0.0833,6.0,2,168,Annual,4,True,Retain,397913.28
CLT0187,2023-05,SMB,APAC,Fintech,11,2,SMS|Verification,58783.32,25743.94,0.438,1313189,0.7727,6.0,2,148,Annual,10,True,Retain,1250462.3
CLT0187,2023-06,SMB,APAC,Fintech,11,2,SMS|Verification,25842.32,11334.5,0.439,575668,-0.5604,6.0,2,70,Annual,7,True,Retain,310107.84
CLT0187,2023-07,SMB,APAC,Fintech,11,2,SMS|Verification,25361.48,11762.29,0.464,564975,-0.0186,6.0,5,104,Annual,1,True,Retain,304337.76
CLT0187,2023-08,SMB,APAC,Fintech,11,2,SMS|Verification,24236.68,10018.31,0.413,542086,-0.0444,6.0,5,112,Annual,4,True,Retain,290840.16
CLT0187,2023-09,SMB,APAC,Fintech,11,2,SMS|Verification,23474.6,9142.82,0.389,530901,-0.0314,6.0,6,67,Annual,11,True,Retain,281695.2
CLT0187,2023-10,SMB,APAC,Fintech,11,2,SMS|Verification,22115.72,10506.17,0.475,496073,-0.0579,6.0,4,145,Annual,4,True,Retain,265388.64
CLT0187,2023-11,SMB,APAC,Fintech,11,2,SMS|Verification,21549.0,8401.13,0.39,486974,-0.0256,6.0,3,139,Annual,9,True,Retain,258588.0
CLT0188,2023-01,Mid-Market,UK & Ireland,Technology & SaaS,34,4,Email|Verification|SMS|Voice,213926.12,92099.67,0.431,15747234,0.0,7.5,2,68,Multi-year,6,False,Nurture,2567113.44
CLT0188,2023-03,Mid-Market,UK & Ireland,Technology & SaaS,34,4,Email|Verification|SMS|Voice,108223.47,54844.53,0.507,7932135,-0.4941,7.5,2,79,Multi-year,4,False,Retain,1298681.64
CLT0188,2023-04,Mid-Market,UK & Ireland,Technology & SaaS,34,4,Email|Verification|SMS|Voice,112230.31,50544.26,0.45,7756650,0.037,7.5,1,34,Multi-year,12,False,Nurture,1396593.98
CLT0188,2023-05,Mid-Market,UK & Ireland,Technology & SaaS,34,4,Email|Verification|SMS|Voice,234752.11,119884.53,0.511,15463705,1.0917,7.5,1,17,Multi-year,9,False,Nurture,5892371.86
CLT0188,2023-06,Mid-Market,UK & Ireland,Technology & SaaS,34,4,Email|Verification|SMS|Voice,122313.72,60895.0,0.498,7555876,-0.479,7.5,3,72,Multi-year,4,False,Retain,1467764.64
CLT0188,2023-07,Mid-Market,UK & Ireland,Technology & SaaS,34,4,Email|Verification|SMS|Voice,127068.76,58429.67,0.46,7661496,0.0389,7.5,4,82,Multi-year,10,False,Nurture,1584140.82
CLT0188,2023-08,Mid-Market,UK & Ireland,Technology & SaaS,34,4,Email|Verification|SMS|Voice,125025.9,63307.39,0.506,7606908,-0.0161,7.5,1,5,Multi-year,4,False,Nurture,1500310.8
CLT0188,2023-09,Mid-Market,UK & Ireland,Technology & SaaS,34,4,Email|Verification|SMS|Voice,126622.99,58376.58,0.461,7306938,0.0128,7.5,2,78,Multi-year,8,False,Nurture,1538925.17
CLT0188,2023-10,Mid-Market,UK & Ireland,Technology & SaaS,34,4,Email|Verification|SMS|Voice,125514.1,70517.29,0.562,7685204,-0.0088,7.5,0,79,Multi-year,10,False,Nurture,1506169.2
CLT0188,2023-11,Mid-Market,UK & Ireland,Technology & SaaS,34,4,Email|Verification|SMS|Voice,129104.35,55335.35,0.429,7792692,0.0286,7.5,2,60,Multi-year,11,False,Nurture,1593560.81
CLT0189,2023-01,Enterprise,North America,Technology & SaaS,33,4,Voice|SMS|Verification|Email,880688.16,443762.02,0.504,30346179,0.0,9.0,2,87,Multi-year,9,False,Expand,10568257.92
CLT0189,2023-03,Enterprise,North America,Technology & SaaS,33,4,Voice|SMS|Verification|Email,464679.93,215528.5,0.464,16357504,-0.4724,9.0,3,28,Multi-year,11,False,Retain,5576159.16
CLT0189,2023-04,Enterprise,North America,Technology & SaaS,33,4,Voice|SMS|Verification|Email,460772.26,213362.52,0.463,16394914,-0.0084,9.0,1,28,Multi-year,2,False,Nurture,5529267.12
CLT0189,2023-05,Enterprise,North America,Technology & SaaS,33,4,Voice|SMS|Verification|Email,976761.69,451077.4,0.462,34045294,1.1198,9.0,1,89,Multi-year,6,False,Expand,24846473.17
CLT0189,2023-06,Enterprise,North America,Technology & SaaS,33,4,Voice|SMS|Verification|Email,498237.67,230652.48,0.463,16799986,-0.4899,9.0,2,3,Multi-year,4,False,Retain,5978852.04
CLT0189,2023-07,Enterprise,North America,Technology & SaaS,33,4,Voice|SMS|Verification|Email,528886.68,269528.44,0.51,17322858,0.0615,9.0,0,22,Multi-year,2,False,Expand,6736958.53
CLT0189,2023-08,Enterprise,North America,Technology & SaaS,33,4,Voice|SMS|Verification|Email,525445.75,237285.66,0.452,17159203,-0.0065,9.0,1,77,Multi-year,9,False,Nurture,6305349.0
CLT0189,2023-09,Enterprise,North America,Technology & SaaS,33,4,Voice|SMS|Verification|Email,552601.04,275621.95,0.499,17722552,0.0517,9.0,5,48,Multi-year,10,False,Expand,6974046.17
CLT0189,2023-10,Enterprise,North America,Technology & SaaS,33,4,Voice|SMS|Verification|Email,554996.49,280431.66,0.505,18203368,0.0043,9.0,2,87,Multi-year,7,False,Expand,6688595.7
CLT0189,2023-11,Enterprise,North America,Technology & SaaS,33,4,Voice|SMS|Verification|Email,592975.15,273602.15,0.461,19524335,0.0684,9.0,3,45,Multi-year,6,False,Expand,7602415.8
CLT0190,2023-01,Mid-Market,LATAM,Fintech,8,2,Verification|SMS,350447.56,152326.68,0.435,6547205,0.0,6.6,3,11,Annual,11,False,Nurture,4205370.72
CLT0190,2023-03,Mid-Market,LATAM,Fintech,8,2,Verification|SMS,174211.48,78291.36,0.449,3258593,-0.5029,6.6,3,88,Annual,12,False,Retain,2090537.76
CLT0190,2023-04,Mid-Market,LATAM,Fintech,8,2,Verification|SMS,174435.68,78206.16,0.448,3266298,0.0013,6.6,2,4,Annual,3,False,Nurture,2095949.36
CLT0190,2023-05,Mid-Market,LATAM,Fintech,8,2,Verification|SMS,349365.68,152490.34,0.436,6450773,1.0028,6.6,3,43,Annual,1,False,Nurture,8396515.01
CLT0190,2023-06,Mid-Market,LATAM,Fintech,8,2,Verification|SMS,167790.84,87292.34,0.52,3045989,-0.5197,6.6,2,51,Annual,7,False,Retain,2013490.08
CLT0190,2023-07,Mid-Market,LATAM,Fintech,8,2,Verification|SMS,161658.6,80790.43,0.5,2941824,-0.0365,6.6,2,56,Annual,12,False,Nurture,1939903.2
CLT0190,2023-08,Mid-Market,LATAM,Fintech,8,2,Verification|SMS,160061.56,70065.33,0.438,2938191,-0.0099,6.6,3,84,Annual,9,False,Nurture,1920738.72
CLT0190,2023-09,Mid-Market,LATAM,Fintech,8,2,Verification|SMS,155406.68,65565.29,0.422,2852526,-0.0291,6.6,0,52,Annual,11,False,Nurture,1864880.16
CLT0190,2023-10,Mid-Market,LATAM,Fintech,8,2,Verification|SMS,153016.48,68137.46,0.445,2812904,-0.0154,6.6,0,86,Annual,1,False,Nurture,1836197.76
CLT0190,2023-11,Mid-Market,LATAM,Fintech,8,2,Verification|SMS,154584.64,84573.13,0.547,2848224,0.0102,6.6,3,52,Annual,11,False,Nurture,1873936.84
CLT0191,2023-01,Mid-Market,DACH,Healthcare,27,3,Verification|SMS|WhatsApp Business,564972.66,266559.99,0.472,6737439,0.0,6.7,1,59,Monthly,4,False,Nurture,6779671.92
CLT0191,2023-03,Mid-Market,DACH,Healthcare,27,3,Verification|SMS|WhatsApp Business,301158.78,134998.72,0.448,3738738,-0.4669,6.7,2,39,Monthly,8,False,Retain,3613905.36
CLT0191,2023-04,Mid-Market,DACH,Healthcare,27,3,Verification|SMS|WhatsApp Business,311692.39,166575.84,0.534,3866722,0.035,6.7,2,54,Monthly,8,False,Nurture,3871219.48
CLT0191,2023-05,Mid-Market,DACH,Healthcare,27,3,Verification|SMS|WhatsApp Business,642157.87,343844.49,0.535,8599854,1.0602,6.7,4,12,Monthly,5,False,Nurture,15875683.73
CLT0191,2023-06,Mid-Market,DACH,Healthcare,27,3,Verification|SMS|WhatsApp Business,332597.44,173755.57,0.522,4867375,-0.4821,6.7,2,73,Monthly,10,False,Retain,3991169.28
CLT0191,2023-07,Mid-Market,DACH,Healthcare,27,3,Verification|SMS|WhatsApp Business,347492.6,166404.91,0.479,5118186,0.0448,6.7,1,87,Monthly,9,False,Nurture,4356723.22
CLT0191,2023-08,Mid-Market,DACH,Healthcare,27,3,Verification|SMS|WhatsApp Business,333456.29,146712.46,0.44,4927693,-0.0404,6.7,1,55,Monthly,4,False,Nurture,4001475.48
CLT0191,2023-09,Mid-Market,DACH,Healthcare,27,3,Verification|SMS|WhatsApp Business,341047.11,159290.13,0.467,5187614,0.0228,6.7,0,19,Monthly,9,False,Nurture,4185875.81
CLT0191,2023-10,Mid-Market,DACH,Healthcare,27,3,Verification|SMS|WhatsApp Business,350459.79,137818.83,0.393,5580652,0.0276,6.7,0,75,Monthly,6,False,Nurture,4321589.76
CLT0191,2023-11,Mid-Market,DACH,Healthcare,27,3,Verification|SMS|WhatsApp Business,365986.24,183704.97,0.502,5796505,0.0443,6.7,0,79,Monthly,2,False,Nurture,4586393.17
CLT0192,2023-01,SMB,DACH,Retail & E-commerce,24,2,WhatsApp Business|Email,81140.55,40088.06,0.494,4328145,0.0,7.7,2,30,Annual,4,True,Retain,973686.6
CLT0192,2023-03,SMB,DACH,Retail & E-commerce,24,2,WhatsApp Business|Email,36913.88,14743.68,0.399,1894189,-0.5451,7.7,2,165,Annual,6,True,Retain,442966.56
CLT0192,2023-04,SMB,DACH,Retail & E-commerce,24,2,WhatsApp Business|Email,34253.32,19289.82,0.563,1751863,-0.0721,7.7,4,77,Annual,5,True,Retain,411039.84
CLT0192,2023-05,SMB,DACH,Retail & E-commerce,24,2,WhatsApp Business|Email,65484.11,31843.04,0.486,3212047,0.9118,7.7,6,67,Annual,8,True,Retain,1502310.26
CLT0192,2023-06,SMB,DACH,Retail & E-commerce,24,2,WhatsApp Business|Email,31645.14,12119.02,0.383,1500437,-0.5168,7.7,6,127,Annual,3,True,Retain,379741.68
CLT0192,2023-07,SMB,DACH,Retail & E-commerce,24,2,WhatsApp Business|Email,30569.95,12829.97,0.42,1432767,-0.034,7.7,8,69,Annual,2,True,Retain,366839.4
CLT0192,2023-08,SMB,DACH,Retail & E-commerce,24,2,WhatsApp Business|Email,32291.02,12622.8,0.391,1432324,0.0563,7.7,8,113,Annual,6,True,Retain,409308.05
CLT0192,2023-09,SMB,DACH,Retail & E-commerce,24,2,WhatsApp Business|Email,29659.42,15402.81,0.519,1332738,-0.0815,7.7,6,174,Annual,7,True,Retain,355913.04
CLT0192,2023-10,SMB,DACH,Retail & E-commerce,24,2,WhatsApp Business|Email,26739.34,13178.36,0.493,1264837,-0.0985,7.7,3,91,Annual,11,True,Retain,320872.08
CLT0192,2023-11,SMB,DACH,Retail & E-commerce,24,2,WhatsApp Business|Email,25367.74,14304.0,0.564,1233479,-0.0513,7.7,6,143,Annual,5,True,Retain,304412.88
CLT0193,2023-01,Enterprise,Southern Europe,Fintech,53,4,SMS|Voice|WhatsApp Business|Verification,920213.11,489367.52,0.532,7369670,0.0,6.8,4,27,Multi-year,10,False,Expand,11042557.32
CLT0193,2023-03,Enterprise,Southern Europe,Fintech,53,4,SMS|Voice|WhatsApp Business|Verification,480719.23,190163.35,0.396,3817696,-0.4776,6.8,0,87,Multi-year,7,False,Retain,5768630.76
CLT0193,2023-04,Enterprise,Southern Europe,Fintech,53,4,SMS|Voice|WhatsApp Business|Verification,477027.35,254965.19,0.534,3842494,-0.0077,6.8,1,30,Multi-year,10,False,Nurture,5724328.2
CLT0193,2023-05,Enterprise,Southern Europe,Fintech,53,4,SMS|Voice|WhatsApp Business|Verification,966388.77,497167.21,0.514,8108622,1.0259,6.8,2,78,Multi-year,5,False,Expand,23493684.11
CLT0193,2023-06,Enterprise,Southern Europe,Fintech,53,4,SMS|Voice|WhatsApp Business|Verification,476669.09,213167.12,0.447,4088101,-0.5068,6.8,3,79,Multi-year,6,False,Retain,5720029.08
CLT0193,2023-07,Enterprise,Southern Europe,Fintech,53,4,SMS|Voice|WhatsApp Business|Verification,467010.92,194891.86,0.417,4070297,-0.0203,6.8,3,77,Multi-year,5,False,Nurture,5604131.04
CLT0193,2023-08,Enterprise,Southern Europe,Fintech,53,4,SMS|Voice|WhatsApp Business|Verification,469580.27,222388.28,0.474,4102243,0.0055,6.8,2,1,Multi-year,4,False,Expand,5665955.54
CLT0193,2023-09,Enterprise,Southern Europe,Fintech,53,4,SMS|Voice|WhatsApp Business|Verification,473425.34,244033.27,0.515,4343371,0.0082,6.8,1,72,Multi-year,10,False,Expand,5727689.13
CLT0193,2023-10,Enterprise,Southern Europe,Fintech,53,4,SMS|Voice|WhatsApp Business|Verification,462872.83,238691.73,0.516,4225451,-0.0223,6.8,1,45,Multi-year,6,False,Nurture,5554473.96
CLT0193,2023-11,Enterprise,Southern Europe,Fintech,53,4,SMS|Voice|WhatsApp Business|Verification,472054.88,231811.63,0.491,4337668,0.0198,6.8,2,37,Multi-year,7,False,Expand,5776818.8
CLT0194,2023-01,Enterprise,Southern Europe,Technology & SaaS,42,4,Verification|Voice|SMS|Email,770109.94,376968.94,0.49,16144479,0.0,9.5,3,47,Multi-year,7,False,Expand,9241319.28
CLT0194,2023-03,Enterprise,Southern Europe,Technology & SaaS,42,4,Verification|Voice|SMS|Email,387639.74,191207.63,0.493,8184342,-0.4966,9.5,1,85,Multi-year,11,False,Retain,4651676.88
CLT0194,2023-04,Enterprise,Southern Europe,Technology & SaaS,42,4,Verification|Voice|SMS|Email,385898.81,170862.63,0.443,8191949,-0.0045,9.5,1,48,Multi-year,4,False,Nurture,4630785.72
CLT0194,2023-05,Enterprise,Southern Europe,Technology & SaaS,42,4,Verification|Voice|SMS|Email,798823.19,414274.79,0.519,17187349,1.07,9.5,0,10,Multi-year,8,False,Expand,19842768.04
CLT0194,2023-06,Enterprise,Southern Europe,Technology & SaaS,42,4,Verification|Voice|SMS|Email,417666.47,197552.98,0.473,8945599,-0.4771,9.5,2,8,Multi-year,9,False,Retain,5011997.64
CLT0194,2023-07,Enterprise,Southern Europe,Technology & SaaS,42,4,Verification|Voice|SMS|Email,441150.86,215926.78,0.489,9326083,0.0562,9.5,5,63,Multi-year,4,False,Expand,5591322.46
CLT0194,2023-08,Enterprise,Southern Europe,Technology & SaaS,42,4,Verification|Voice|SMS|Email,451700.25,201504.11,0.446,9620800,0.0239,9.5,1,5,Multi-year,1,False,Expand,5549950.63
CLT0194,2023-09,Enterprise,Southern Europe,Technology & SaaS,42,4,Verification|Voice|SMS|Email,459752.28,236571.14,0.515,9752955,0.0178,9.5,2,20,Multi-year,12,False,Expand,5615230.45
CLT0194,2023-10,Enterprise,Southern Europe,Technology & SaaS,42,4,Verification|Voice|SMS|Email,487687.49,239585.96,0.491,10545924,0.0608,9.5,1,12,Multi-year,1,False,Expand,6208066.67
CLT0194,2023-11,Enterprise,Southern Europe,Technology & SaaS,42,4,Verification|Voice|SMS|Email,481381.08,212070.1,0.441,10324683,-0.0129,9.5,1,85,Multi-year,3,False,Nurture,5776572.96
CLT0195,2023-01,Mid-Market,Southern Europe,Fintech,15,3,SMS|Voice|Verification,401024.4,182485.1,0.455,7104075,0.0,6.8,1,60,Monthly,4,False,Nurture,4812292.8
CLT0195,2023-03,Mid-Market,Southern Europe,Fintech,15,3,SMS|Voice|Verification,204248.88,104039.52,0.509,3571916,-0.4907,6.8,2,49,Monthly,11,False,Retain,2450986.56
CLT0195,2023-04,Mid-Market,Southern Europe,Fintech,15,3,SMS|Voice|Verification,201453.84,115226.5,0.572,3436035,-0.0137,6.8,2,49,Monthly,4,False,Nurture,2417446.08
CLT0195,2023-05,Mid-Market,Southern Europe,Fintech,15,3,SMS|Voice|Verification,418262.72,185683.57,0.444,7113515,1.0762,6.8,1,88,Monthly,12,False,Nurture,10420764.71
CLT0195,2023-06,Mid-Market,Southern Europe,Fintech,15,3,SMS|Voice|Verification,214557.48,115603.61,0.539,3671460,-0.487,6.8,0,22,Monthly,6,False,Retain,2574689.76
CLT0195,2023-07,Mid-Market,Southern Europe,Fintech,15,3,SMS|Voice|Verification,213618.64,112062.86,0.525,3652398,-0.0044,6.8,0,50,Monthly,11,False,Nurture,2563423.68
CLT0195,2023-08,Mid-Market,Southern Europe,Fintech,15,3,SMS|Voice|Verification,214200.84,106908.93,0.499,3618876,0.0027,6.8,4,60,Monthly,4,False,Nurture,2577350.19
CLT0195,2023-09,Mid-Market,Southern Europe,Fintech,15,3,SMS|Voice|Verification,222629.12,96190.81,0.432,3754021,0.0393,6.8,3,24,Monthly,3,False,Nurture,2776541.33
CLT0195,2023-10,Mid-Market,Southern Europe,Fintech,15,3,SMS|Voice|Verification,220040.88,112350.64,0.511,3688549,-0.0116,6.8,3,27,Monthly,5,False,Nurture,2640490.56
CLT0195,2023-11,Mid-Market,Southern Europe,Fintech,15,3,SMS|Voice|Verification,227967.2,105128.94,0.461,3874902,0.036,6.8,2,65,Monthly,8,False,Nurture,2834088.23
CLT0196,2023-01,Enterprise,Nordics,Healthcare,43,2,SMS|Verification,324110.24,162391.2,0.501,7606642,0.0,8.2,1,35,Multi-year,10,False,Nurture,3889322.88
CLT0196,2023-03,Enterprise,Nordics,Healthcare,43,2,SMS|Verification,168419.76,94883.48,0.563,3956549,-0.4804,8.2,3,28,Multi-year,10,False,Retain,2021037.12
CLT0196,2023-04,Enterprise,Nordics,Healthcare,43,2,SMS|Verification,171374.88,92011.94,0.537,4026967,0.0175,8.2,2,9,Multi-year,7,False,Nurture,2092487.28
CLT0196,2023-05,Enterprise,Nordics,Healthcare,43,2,SMS|Verification,388706.76,199661.67,0.514,9190191,1.2682,8.2,2,86,Multi-year,7,False,Upsell,10579976.08
CLT0196,2023-06,Enterprise,Nordics,Healthcare,43,2,SMS|Verification,202088.72,93570.65,0.463,4790293,-0.4801,8.2,3,1,Multi-year,2,False,Retain,2425064.64
CLT0196,2023-07,Enterprise,Nordics,Healthcare,43,2,SMS|Verification,209805.0,102403.37,0.488,4977195,0.0382,8.2,2,75,Multi-year,2,False,Upsell,2613834.61
CLT0196,2023-08,Enterprise,Nordics,Healthcare,43,2,SMS|Verification,207856.08,98027.0,0.472,4937887,-0.0093,8.2,0,5,Multi-year,10,False,Nurture,2494272.96
CLT0196,2023-09,Enterprise,Nordics,Healthcare,43,2,SMS|Verification,207871.56,84188.12,0.405,4939023,0.0001,8.2,3,2,Multi-year,5,False,Nurture,2494708.17
CLT0196,2023-10,Enterprise,Nordics,Healthcare,43,2,SMS|Verification,206114.6,117706.54,0.571,4901018,-0.0085,8.2,3,71,Multi-year,9,False,Nurture,2473375.2
CLT0196,2023-11,Enterprise,Nordics,Healthcare,43,2,SMS|Verification,201336.4,106682.8,0.53,4787658,-0.0232,8.2,2,56,Multi-year,7,False,Nurture,2416036.8
CLT0197,2023-01,SMB,Southern Europe,Logistics,11,2,SMS|Voice,97833.8,43537.02,0.445,1656519,0.0,7.4,5,35,Monthly,12,True,Retain,1174005.6
CLT0197,2023-03,SMB,Southern Europe,Logistics,11,2,SMS|Voice,43926.28,21067.89,0.48,763941,-0.551,7.4,2,143,Monthly,4,True,Retain,527115.36
CLT0197,2023-04,SMB,Southern Europe,Logistics,11,2,SMS|Voice,42327.56,24564.51,0.58,755153,-0.0364,7.4,5,69,Monthly,7,True,Retain,507930.72
CLT0197,2023-05,SMB,Southern Europe,Logistics,11,2,SMS|Voice,79980.76,43054.35,0.538,1442373,0.8896,7.4,4,109,Monthly,5,True,Retain,1813579.73
CLT0197,2023-06,SMB,Southern Europe,Logistics,11,2,SMS|Voice,35752.2,17520.46,0.49,639175,-0.553,7.4,1,144,Monthly,9,True,Retain,429026.4
CLT0197,2023-07,SMB,Southern Europe,Logistics,11,2,SMS|Voice,35855.32,15240.2,0.425,662993,0.0029,7.4,4,176,Monthly,11,True,Retain,431511.61
CLT0197,2023-08,SMB,Southern Europe,Logistics,11,2,SMS|Voice,35613.52,13956.43,0.392,673688,-0.0067,7.4,4,80,Monthly,11,True,Retain,427362.24
CLT0197,2023-09,SMB,Southern Europe,Logistics,11,2,SMS|Voice,34708.4,17109.14,0.493,652426,-0.0254,7.4,10,150,Monthly,9,True,Retain,416500.8
CLT0197,2023-10,SMB,Southern Europe,Logistics,11,2,SMS|Voice,33772.56,15261.77,0.452,635604,-0.027,7.4,5,121,Monthly,10,True,Retain,405270.72
CLT0197,2023-11,SMB,Southern Europe,Logistics,11,2,SMS|Voice,31978.44,16567.17,0.518,599271,-0.0531,7.4,3,122,Monthly,11,True,Retain,383741.28
CLT0198,2023-01,SMB,Southern Europe,Retail & E-commerce,12,2,SMS|Email,44509.45,21271.32,0.478,6259641,0.0,7.0,3,36,Monthly,2,False,Nurture,534113.4
CLT0198,2023-03,SMB,Southern Europe,Retail & E-commerce,12,2,SMS|Email,23931.99,9212.17,0.385,3389380,-0.4623,7.0,1,62,Monthly,7,False,Retain,287183.88
CLT0198,2023-04,SMB,Southern Europe,Retail & E-commerce,12,2,SMS|Email,25045.62,11134.18,0.445,3647400,0.0465,7.0,0,8,Monthly,10,False,Upsell,314522.9
CLT0198,2023-05,SMB,Southern Europe,Retail & E-commerce,12,2,SMS|Email,51055.76,23356.41,0.457,7631505,1.0385,7.0,5,86,Monthly,1,False,Upsell,1248926.0
CLT0198,2023-06,SMB,Southern Europe,Retail & E-commerce,12,2,SMS|Email,25926.58,11696.72,0.451,3964692,-0.4922,7.0,1,77,Monthly,4,False,Retain,311118.96
CLT0198,2023-07,SMB,Southern Europe,Retail & E-commerce,12,2,SMS|Email,26671.5,10470.11,0.393,4074951,0.0287,7.0,2,64,Monthly,2,False,Nurture,329243.66
CLT0198,2023-08,SMB,Southern Europe,Retail & E-commerce,12,2,SMS|Email,27277.57,9937.15,0.364,4139332,0.0227,7.0,1,54,Monthly,5,False,Nurture,334761.25
CLT0198,2023-09,SMB,Southern Europe,Retail & E-commerce,12,2,SMS|Email,27202.6,13100.59,0.482,4082821,-0.0027,7.0,0,85,Monthly,11,False,Nurture,326431.2
CLT0198,2023-10,SMB,Southern Europe,Retail & E-commerce,12,2,SMS|Email,27723.19,15824.27,0.571,4293704,0.0191,7.0,0,47,Monthly,11,False,Nurture,339032.44
CLT0198,2023-11,SMB,Southern Europe,Retail & E-commerce,12,2,SMS|Email,30588.83,13488.47,0.441,4821227,0.1034,7.0,0,72,Monthly,2,False,Upsell,405020.58
CLT0199,2023-01,Enterprise,LATAM,Gaming & Entertainment,44,4,Voice|Email|Verification|SMS,971663.16,456584.06,0.47,32865257,0.0,7.1,2,2,Multi-year,5,False,Expand,11659957.92
CLT0199,2023-03,Enterprise,LATAM,Gaming & Entertainment,44,4,Voice|Email|Verification|SMS,497839.03,274937.91,0.552,17797918,-0.4876,7.1,2,45,Multi-year,8,False,Retain,5974068.36
CLT0199,2023-04,Enterprise,LATAM,Gaming & Entertainment,44,4,Voice|Email|Verification|SMS,499798.92,200027.53,0.4,18607200,0.0039,7.1,2,32,Multi-year,12,False,Expand,6020977.63
CLT0199,2023-05,Enterprise,LATAM,Gaming & Entertainment,44,4,Voice|Email|Verification|SMS,1028188.04,502210.73,0.488,40129489,1.0572,7.1,2,35,Multi-year,7,False,Expand,25382261.23
CLT0199,2023-06,Enterprise,LATAM,Gaming & Entertainment,44,4,Voice|Email|Verification|SMS,540976.13,259432.68,0.48,21451322,-0.4739,7.1,1,56,Multi-year,10,False,Retain,6491713.56
CLT0199,2023-07,Enterprise,LATAM,Gaming & Entertainment,44,4,Voice|Email|Verification|SMS,537821.56,229131.82,0.426,22268270,-0.0058,7.1,3,39,Multi-year,5,False,Nurture,6453858.72
CLT0199,2023-08,Enterprise,LATAM,Gaming & Entertainment,44,4,Voice|Email|Verification|SMS,558426.29,254696.56,0.456,24066761,0.0383,7.1,2,64,Multi-year,4,False,Expand,6957768.2
CLT0199,2023-09,Enterprise,LATAM,Gaming & Entertainment,44,4,Voice|Email|Verification|SMS,565704.18,306289.47,0.541,23665015,0.013,7.1,4,89,Multi-year,4,False,Expand,6876700.01
CLT0199,2023-10,Enterprise,LATAM,Gaming & Entertainment,44,4,Voice|Email|Verification|SMS,583446.8,280342.97,0.48,23872204,0.0314,7.1,3,70,Multi-year,8,False,Expand,7221204.35
CLT0199,2023-11,Enterprise,LATAM,Gaming & Entertainment,44,4,Voice|Email|Verification|SMS,615418.88,321221.81,0.522,25759265,0.0548,7.1,1,71,Multi-year,1,False,Expand,7789726.02
CLT0200,2023-01,Mid-Market,North America,Retail & E-commerce,18,3,SMS|WhatsApp Business|Email,418564.09,197375.99,0.472,14196610,0.0,6.4,1,42,Annual,3,False,Nurture,5022769.08
CLT0200,2023-03,Mid-Market,North America,Retail & E-commerce,18,3,SMS|WhatsApp Business|Email,232123.48,113009.15,0.487,7317596,-0.4454,6.4,2,65,Annual,10,False,Retain,2785481.76
CLT0200,2023-04,Mid-Market,North America,Retail & E-commerce,18,3,SMS|WhatsApp Business|Email,232115.39,104361.56,0.45,7210477,-0.0,6.4,3,4,Annual,11,False,Nurture,2785384.68
CLT0200,2023-05,Mid-Market,North America,Retail & E-commerce,18,3,SMS|WhatsApp Business|Email,481430.89,212118.25,0.441,15408869,1.0741,6.4,3,43,Annual,7,False,Nurture,11982429.71
CLT0200,2023-06,Mid-Market,North America,Retail & E-commerce,18,3,SMS|WhatsApp Business|Email,257370.42,121211.91,0.471,7576753,-0.4654,6.4,2,56,Annual,6,False,Retain,3088445.04
CLT0200,2023-07,Mid-Market,North America,Retail & E-commerce,18,3,SMS|WhatsApp Business|Email,267486.09,129355.01,0.484,7451094,0.0393,6.4,0,12,Annual,9,False,Nurture,3335979.52
CLT0200,2023-08,Mid-Market,North America,Retail & E-commerce,18,3,SMS|WhatsApp Business|Email,272959.24,139681.78,0.512,6970177,0.0205,6.4,1,25,Annual,8,False,Nurture,3342658.85
CLT0200,2023-09,Mid-Market,North America,Retail & E-commerce,18,3,SMS|WhatsApp Business|Email,272968.39,144160.98,0.528,6852773,0.0,6.4,3,70,Annual,5,False,Nurture,3275620.68
CLT0200,2023-10,Mid-Market,North America,Retail & E-commerce,18,3,SMS|WhatsApp Business|Email,272836.9,112333.41,0.412,6988212,-0.0005,6.4,4,58,Annual,8,False,Nurture,3274042.8
CLT0200,2023-11,Mid-Market,North America,Retail & E-commerce,18,3,SMS|WhatsApp Business|Email,279212.43,109007.97,0.39,6860220,0.0234,6.4,2,12,Annual,10,False,Nurture,3428952.01
CLT0201,2023-01,Enterprise,APAC,Fintech,40,4,Verification|SMS|Voice|WhatsApp Business,1551304.66,743126.9,0.479,13032448,0.0,8.2,4,68,Monthly,9,False,Expand,18615655.92
CLT0201,2023-03,Enterprise,APAC,Fintech,40,4,Verification|SMS|Voice|WhatsApp Business,829602.02,419512.61,0.506,6751915,-0.4652,8.2,3,65,Monthly,4,False,Retain,9955224.24
CLT0201,2023-04,Enterprise,APAC,Fintech,40,4,Verification|SMS|Voice|WhatsApp Business,860722.52,370704.1,0.431,6785343,0.0375,8.2,1,57,Monthly,5,False,Expand,10715995.37
CLT0201,2023-05,Enterprise,APAC,Fintech,40,4,Verification|SMS|Voice|WhatsApp Business,1813471.03,836349.04,0.461,14572640,1.1069,8.2,2,32,Monthly,5,False,Expand,45849625.36
CLT0201,2023-06,Enterprise,APAC,Fintech,40,4,Verification|SMS|Voice|WhatsApp Business,932964.03,411382.4,0.441,7518078,-0.4855,8.2,3,46,Monthly,1,False,Retain,11195568.36
CLT0201,2023-07,Enterprise,APAC,Fintech,40,4,Verification|SMS|Voice|WhatsApp Business,934555.38,441746.67,0.473,7683999,0.0017,8.2,2,78,Monthly,7,False,Expand,11233729.49
CLT0201,2023-08,Enterprise,APAC,Fintech,40,4,Verification|SMS|Voice|WhatsApp Business,982253.5,470141.33,0.479,7937047,0.051,8.2,2,66,Monthly,6,False,Expand,12388181.14
CLT0201,2023-09,Enterprise,APAC,Fintech,40,4,Verification|SMS|Voice|WhatsApp Business,999851.36,543126.64,0.543,8223983,0.0179,8.2,2,80,Monthly,4,False,Expand,12212984.39
CLT0201,2023-10,Enterprise,APAC,Fintech,40,4,Verification|SMS|Voice|WhatsApp Business,1055963.23,464211.36,0.44,8635796,0.0561,8.2,1,65,Monthly,1,False,Expand,13382433.21
CLT0201,2023-11,Enterprise,APAC,Fintech,40,4,Verification|SMS|Voice|WhatsApp Business,1131531.59,562930.07,0.497,8984078,0.0716,8.2,3,51,Monthly,3,False,Expand,14550591.02
CLT0202,2023-01,SMB,North America,Retail & E-commerce,19,1,Email,6955.51,3035.84,0.436,1391102,0.0,7.3,4,42,Annual,1,False,Nurture,83466.12
CLT0202,2023-03,SMB,North America,Retail & E-commerce,19,1,Email,3330.74,1889.9,0.567,666148,-0.5211,7.3,1,20,Annual,4,False,Retain,39968.88
CLT0202,2023-04,SMB,North America,Retail & E-commerce,19,1,Email,3456.82,1639.35,0.474,691363,0.0379,7.3,1,6,Annual,9,False,Upsell,43054.0
CLT0202,2023-05,SMB,North America,Retail & E-commerce,19,1,Email,6756.77,2830.36,0.419,1351354,0.9546,7.3,1,74,Annual,11,False,Upsell,158481.39
CLT0202,2023-06,SMB,North America,Retail & E-commerce,19,1,Email,3560.1,2080.96,0.585,712019,-0.4731,7.3,2,76,Annual,11,False,Retain,42721.2
CLT0202,2023-07,SMB,North America,Retail & E-commerce,19,1,Email,3516.14,1274.41,0.362,703227,-0.0123,7.3,3,50,Annual,5,False,Nurture,42193.68
CLT0202,2023-08,SMB,North America,Retail & E-commerce,19,1,Email,3358.26,1706.1,0.508,671653,-0.0449,7.3,2,51,Annual,10,False,Nurture,40299.12
CLT0202,2023-09,SMB,North America,Retail & E-commerce,19,1,Email,3136.35,1269.87,0.405,627269,-0.0661,7.3,4,82,Annual,3,False,Retain,37636.2
CLT0202,2023-10,SMB,North America,Retail & E-commerce,19,1,Email,3078.01,1619.13,0.526,615602,-0.0186,7.3,2,34,Annual,4,False,Nurture,36936.12
CLT0202,2023-11,SMB,North America,Retail & E-commerce,19,1,Email,3032.16,1320.64,0.436,606433,-0.0149,7.3,1,39,Annual,4,False,Nurture,36385.92
CLT0203,2023-01,Enterprise,Nordics,Retail & E-commerce,36,3,WhatsApp Business|Voice|SMS,735567.78,316588.08,0.43,11264999,0.0,8.5,4,46,Multi-year,5,False,Expand,8826813.36
CLT0203,2023-03,Enterprise,Nordics,Retail & E-commerce,36,3,WhatsApp Business|Voice|SMS,393722.68,165169.83,0.42,5908030,-0.4647,8.5,1,68,Multi-year,7,False,Retain,4724672.16
CLT0203,2023-04,Enterprise,Nordics,Retail & E-commerce,36,3,WhatsApp Business|Voice|SMS,415091.19,212543.06,0.512,6293393,0.0543,8.5,2,77,Multi-year,6,False,Upsell,5251567.7
CLT0203,2023-05,Enterprise,Nordics,Retail & E-commerce,36,3,WhatsApp Business|Voice|SMS,840345.81,421370.25,0.501,12799376,1.0245,8.5,5,23,Multi-year,2,False,Upsell,20415361.11
CLT0203,2023-06,Enterprise,Nordics,Retail & E-commerce,36,3,WhatsApp Business|Voice|SMS,429125.01,162805.5,0.379,6663826,-0.4893,8.5,0,24,Multi-year,2,False,Retain,5149500.12
CLT0203,2023-07,Enterprise,Nordics,Retail & E-commerce,36,3,WhatsApp Business|Voice|SMS,444942.4,221645.39,0.498,6805886,0.0369,8.5,2,88,Multi-year,6,False,Upsell,5536329.29
CLT0203,2023-08,Enterprise,Nordics,Retail & E-commerce,36,3,WhatsApp Business|Voice|SMS,448113.39,232684.04,0.519,6815384,0.0071,8.5,2,50,Multi-year,1,False,Expand,5415539.94
CLT0203,2023-09,Enterprise,Nordics,Retail & E-commerce,36,3,WhatsApp Business|Voice|SMS,468724.2,242751.88,0.518,7071082,0.046,8.5,1,31,Multi-year,9,False,Upsell,5883426.16
CLT0203,2023-10,Enterprise,Nordics,Retail & E-commerce,36,3,WhatsApp Business|Voice|SMS,487970.22,268797.83,0.551,7058721,0.0411,8.5,4,58,Multi-year,2,False,Upsell,6096309.55
CLT0203,2023-11,Enterprise,Nordics,Retail & E-commerce,36,3,WhatsApp Business|Voice|SMS,488087.17,233968.22,0.479,6999389,0.0002,8.5,7,1,Multi-year,9,False,Expand,5858217.45
CLT0204,2023-01,Enterprise,APAC,Retail & E-commerce,46,4,SMS|Voice|Email|WhatsApp Business,1025711.78,514679.06,0.502,20051654,0.0,8.3,5,70,Annual,1,False,Expand,12308541.36
CLT0204,2023-03,Enterprise,APAC,Retail & E-commerce,46,4,SMS|Voice|Email|WhatsApp Business,524473.11,275951.44,0.526,9648488,-0.4887,8.3,2,27,Annual,6,False,Retain,6293677.32
CLT0204,2023-04,Enterprise,APAC,Retail & E-commerce,46,4,SMS|Voice|Email|WhatsApp Business,513856.58,297537.0,0.579,9713076,-0.0202,8.3,4,40,Annual,7,False,Nurture,6166278.96
CLT0204,2023-05,Enterprise,APAC,Retail & E-commerce,46,4,SMS|Voice|Email|WhatsApp Business,1001015.05,425092.11,0.425,20600637,0.948,8.3,3,80,Annual,5,False,Expand,23399727.81
CLT0204,2023-06,Enterprise,APAC,Retail & E-commerce,46,4,SMS|Voice|Email|WhatsApp Business,501973.65,260790.15,0.52,10756047,-0.4985,8.3,2,49,Annual,7,False,Retain,6023683.8
CLT0204,2023-07,Enterprise,APAC,Retail & E-commerce,46,4,SMS|Voice|Email|WhatsApp Business,496529.56,206585.6,0.416,10865533,-0.0108,8.3,2,1,Annual,5,False,Nurture,5958354.72
CLT0204,2023-08,Enterprise,APAC,Retail & E-commerce,46,4,SMS|Voice|Email|WhatsApp Business,504747.56,262533.46,0.52,10836327,0.0166,8.3,1,76,Annual,1,False,Expand,6157516.43
CLT0204,2023-09,Enterprise,APAC,Retail & E-commerce,46,4,SMS|Voice|Email|WhatsApp Business,486834.95,260225.29,0.535,10704245,-0.0355,8.3,2,28,Annual,8,False,Nurture,5842019.4
CLT0204,2023-10,Enterprise,APAC,Retail & E-commerce,46,4,SMS|Voice|Email|WhatsApp Business,492061.98,192870.61,0.392,10836729,0.0107,8.3,5,52,Annual,5,False,Expand,5967924.52
CLT0204,2023-11,Enterprise,APAC,Retail & E-commerce,46,4,SMS|Voice|Email|WhatsApp Business,501802.54,210922.87,0.42,11132691,0.0198,8.3,0,57,Annual,5,False,Expand,6140858.76
CLT0205,2023-01,Enterprise,APAC,Logistics,33,3,SMS|Voice|WhatsApp Business,515191.25,253279.53,0.492,3644213,0.0,7.7,0,59,Annual,7,False,Expand,6182295.0
CLT0205,2023-03,Enterprise,APAC,Logistics,33,3,SMS|Voice|WhatsApp Business,263336.07,135516.52,0.515,1882527,-0.4889,7.7,3,75,Annual,2,False,Retain,3160032.84
CLT0205,2023-04,Enterprise,APAC,Logistics,33,3,SMS|Voice|WhatsApp Business,267561.72,120653.37,0.451,1825007,0.016,7.7,2,85,Annual,12,False,Expand,3262112.49
CLT0205,2023-05,Enterprise,APAC,Logistics,33,3,SMS|Voice|WhatsApp Business,574633.79,284328.65,0.495,3804234,1.1477,7.7,2,11,Annual,7,False,Upsell,14809691.89
CLT0205,2023-06,Enterprise,APAC,Logistics,33,3,SMS|Voice|WhatsApp Business,297785.65,164893.91,0.554,1917532,-0.4818,7.7,4,11,Annual,3,False,Retain,3573427.8
CLT0205,2023-07,Enterprise,APAC,Logistics,33,3,SMS|Voice|WhatsApp Business,324915.74,164377.94,0.506,2030095,0.0911,7.7,2,23,Annual,2,False,Upsell,4254186.77
CLT0205,2023-08,Enterprise,APAC,Logistics,33,3,SMS|Voice|WhatsApp Business,330709.45,181011.09,0.547,2098037,0.0178,7.7,1,44,Annual,1,False,Expand,4039152.94
CLT0205,2023-09,Enterprise,APAC,Logistics,33,3,SMS|Voice|WhatsApp Business,332655.01,147912.75,0.445,2157539,0.0059,7.7,4,31,Annual,12,False,Expand,4015412.09
CLT0205,2023-10,Enterprise,APAC,Logistics,33,3,SMS|Voice|WhatsApp Business,354500.54,149369.03,0.421,2221841,0.0657,7.7,0,74,Annual,11,False,Upsell,4533494.71
CLT0205,2023-11,Enterprise,APAC,Logistics,33,3,SMS|Voice|WhatsApp Business,349511.77,140520.93,0.402,2247005,-0.0141,7.7,3,52,Annual,12,False,Nurture,4194141.24
CLT0206,2023-01,Mid-Market,Southern Europe,Fintech,6,2,SMS|Verification,107933.16,60276.46,0.558,2524235,0.0,8.4,1,41,Annual,6,False,Nurture,1295197.92
CLT0206,2023-03,Mid-Market,Southern Europe,Fintech,6,2,SMS|Verification,56650.88,28709.15,0.507,1324317,-0.4751,8.4,3,71,Annual,7,False,Retain,679810.56
CLT0206,2023-04,Mid-Market,Southern Europe,Fintech,6,2,SMS|Verification,54417.72,24590.09,0.452,1264906,-0.0394,8.4,2,65,Annual,12,False,Nurture,653012.64
CLT0206,2023-05,Mid-Market,Southern Europe,Fintech,6,2,SMS|Verification,107411.08,49347.78,0.459,2497151,0.9738,8.4,2,90,Annual,2,False,Upsell,2544095.88
CLT0206,2023-06,Mid-Market,Southern Europe,Fintech,6,2,SMS|Verification,53887.88,21095.82,0.391,1248525,-0.4983,8.4,2,82,Annual,10,False,Retain,646654.56
CLT0206,2023-07,Mid-Market,Southern Europe,Fintech,6,2,SMS|Verification,54897.04,31682.61,0.577,1272756,0.0187,8.4,2,82,Annual,1,False,Nurture,671083.38
CLT0206,2023-08,Mid-Market,Southern Europe,Fintech,6,2,SMS|Verification,52601.52,21953.5,0.417,1215996,-0.0418,8.4,0,6,Annual,5,False,Nurture,631218.24
CLT0206,2023-09,Mid-Market,Southern Europe,Fintech,6,2,SMS|Verification,55353.44,26263.7,0.474,1284583,0.0523,8.4,2,16,Annual,6,False,Upsell,698981.1
CLT0206,2023-10,Mid-Market,Southern Europe,Fintech,6,2,SMS|Verification,55963.48,28435.56,0.508,1294294,0.011,8.4,2,67,Annual,10,False,Nurture,678948.94
CLT0206,2023-11,Mid-Market,Southern Europe,Fintech,6,2,SMS|Verification,57070.24,20303.4,0.356,1321681,0.0198,8.4,2,29,Annual,4,False,Nurture,698402.77
CLT0207,2023-01,Mid-Market,North America,Healthcare,11,2,SMS|Verification,377918.36,181044.59,0.479,7335463,0.0,6.9,0,28,Multi-year,6,False,Nurture,4535020.32
CLT0207,2023-03,Mid-Market,North America,Healthcare,11,2,SMS|Verification,197939.56,109245.73,0.552,3729149,-0.4762,6.9,2,17,Multi-year,9,False,Retain,2375274.72
CLT0207,2023-04,Mid-Market,North America,Healthcare,11,2,SMS|Verification,196198.28,89439.97,0.456,3665570,-0.0088,6.9,3,54,Multi-year,12,False,Nurture,2354379.36
CLT0207,2023-05,Mid-Market,North America,Healthcare,11,2,SMS|Verification,412988.6,189502.19,0.459,7678119,1.105,6.9,2,85,Multi-year,7,False,Nurture,10432092.04
CLT0207,2023-06,Mid-Market,North America,Healthcare,11,2,SMS|Verification,217803.64,88184.63,0.405,4063042,-0.4726,6.9,1,1,Multi-year,2,False,Retain,2613643.68
CLT0207,2023-07,Mid-Market,North America,Healthcare,11,2,SMS|Verification,223549.48,91604.93,0.41,4220922,0.0264,6.9,0,29,Multi-year,9,False,Nurture,2753414.24
CLT0207,2023-08,Mid-Market,North America,Healthcare,11,2,SMS|Verification,235318.12,106906.35,0.454,4445481,0.0526,6.9,0,41,Multi-year,6,False,Nurture,2972350.24
CLT0207,2023-09,Mid-Market,North America,Healthcare,11,2,SMS|Verification,249344.48,105948.19,0.425,4768679,0.0596,6.9,1,1,Multi-year,1,False,Nurture,3170464.93
CLT0207,2023-10,Mid-Market,North America,Healthcare,11,2,SMS|Verification,255007.44,120064.61,0.471,4876141,0.0227,6.9,2,22,Multi-year,10,False,Nurture,3129553.31
CLT0207,2023-11,Mid-Market,North America,Healthcare,11,2,SMS|Verification,259874.4,128764.43,0.495,5023906,0.0191,6.9,1,44,Multi-year,8,False,Nurture,3178056.01
CLT0208,2023-01,Mid-Market,North America,Healthcare,9,2,SMS|Verification,334958.76,159032.89,0.475,5963981,0.0,7.7,0,25,Multi-year,9,False,Nurture,4019505.12
CLT0208,2023-03,Mid-Market,North America,Healthcare,9,2,SMS|Verification,182387.76,103864.46,0.569,3225132,-0.4555,7.7,1,2,Multi-year,2,False,Retain,2188653.12
CLT0208,2023-04,Mid-Market,North America,Healthcare,9,2,SMS|Verification,182390.28,87313.3,0.479,3230818,0.0,7.7,3,4,Multi-year,2,False,Nurture,2188683.36
CLT0208,2023-05,Mid-Market,North America,Healthcare,9,2,SMS|Verification,401157.08,169644.36,0.423,7040770,1.1994,7.7,0,24,Multi-year,5,False,Upsell,10587658.58
CLT0208,2023-06,Mid-Market,North America,Healthcare,9,2,SMS|Verification,211457.28,108049.16,0.511,3622318,-0.4729,7.7,1,46,Multi-year,8,False,Retain,2537487.36
CLT0208,2023-07,Mid-Market,North America,Healthcare,9,2,SMS|Verification,217404.88,86226.45,0.397,3708730,0.0281,7.7,1,13,Multi-year,9,False,Nurture,2682167.49
CLT0208,2023-08,Mid-Market,North America,Healthcare,9,2,SMS|Verification,207267.48,103916.43,0.501,3593619,-0.0466,7.7,2,12,Multi-year,6,False,Nurture,2487209.76
CLT0208,2023-09,Mid-Market,North America,Healthcare,9,2,SMS|Verification,212515.16,100046.89,0.471,3705155,0.0253,7.7,2,72,Multi-year,1,False,Nurture,2614701.52
CLT0208,2023-10,Mid-Market,North America,Healthcare,9,2,SMS|Verification,212847.44,97412.3,0.458,3692545,0.0016,7.7,1,50,Multi-year,12,False,Nurture,2558255.95
CLT0208,2023-11,Mid-Market,North America,Healthcare,9,2,SMS|Verification,218463.52,103482.51,0.474,3834712,0.0264,7.7,1,84,Multi-year,2,False,Nurture,2690771.48
CLT0209,2023-01,Mid-Market,DACH,Logistics,15,2,Voice|WhatsApp Business,352394.21,179173.16,0.508,731840,0.0,6.9,2,77,Annual,5,False,Nurture,4228730.52
CLT0209,2023-03,Mid-Market,DACH,Logistics,15,2,Voice|WhatsApp Business,171617.3,60856.14,0.355,359480,-0.513,6.9,2,78,Annual,10,False,Retain,2059407.6
CLT0209,2023-04,Mid-Market,DACH,Logistics,15,2,Voice|WhatsApp Business,163815.72,71005.7,0.433,345902,-0.0455,6.9,0,75,Annual,2,False,Nurture,1965788.64
CLT0209,2023-05,Mid-Market,DACH,Logistics,15,2,Voice|WhatsApp Business,314287.89,179778.53,0.572,675025,0.9185,6.9,3,25,Annual,7,False,Nurture,7235535.8
CLT0209,2023-06,Mid-Market,DACH,Logistics,15,2,Voice|WhatsApp Business,154736.31,69953.53,0.452,337159,-0.5077,6.9,3,81,Annual,12,False,Retain,1856835.72
CLT0209,2023-07,Mid-Market,DACH,Logistics,15,2,Voice|WhatsApp Business,142314.7,66729.32,0.469,316503,-0.0803,6.9,3,48,Annual,1,False,Retain,1707776.4
CLT0209,2023-08,Mid-Market,DACH,Logistics,15,2,Voice|WhatsApp Business,135453.08,70366.63,0.519,306157,-0.0482,6.9,1,46,Annual,6,False,Nurture,1625436.96
CLT0209,2023-09,Mid-Market,DACH,Logistics,15,2,Voice|WhatsApp Business,142703.22,77554.98,0.543,323453,0.0535,6.9,1,16,Annual,10,False,Nurture,1804054.11
CLT0209,2023-10,Mid-Market,DACH,Logistics,15,2,Voice|WhatsApp Business,137274.63,51726.35,0.377,318280,-0.038,6.9,1,13,Annual,11,False,Nurture,1647295.56
CLT0209,2023-11,Mid-Market,DACH,Logistics,15,2,Voice|WhatsApp Business,141716.18,69880.82,0.493,321778,0.0324,6.9,3,76,Annual,4,False,Nurture,1755693.41
CLT0210,2023-01,Mid-Market,North America,Retail & E-commerce,28,2,Email|SMS,40818.48,19626.96,0.481,3494520,0.0,6.2,0,74,Annual,7,False,Nurture,489821.76
CLT0210,2023-03,Mid-Market,North America,Retail & E-commerce,28,2,Email|SMS,22245.99,12399.96,0.557,1884524,-0.455,6.2,1,69,Annual,8,False,Retain,266951.88
CLT0210,2023-04,Mid-Market,North America,Retail & E-commerce,28,2,Email|SMS,23347.57,10002.61,0.428,1981367,0.0495,6.2,2,11,Annual,9,False,Nurture,294039.3
CLT0210,2023-05,Mid-Market,North America,Retail & E-commerce,28,2,Email|SMS,47994.71,21864.78,0.456,4200086,1.0557,6.2,4,56,Annual,11,False,Nurture,1183952.7
CLT0210,2023-06,Mid-Market,North America,Retail & E-commerce,28,2,Email|SMS,24837.7,14112.7,0.568,2286925,-0.4825,6.2,4,64,Annual,2,False,Retain,298052.4
CLT0210,2023-07,Mid-Market,North America,Retail & E-commerce,28,2,Email|SMS,24466.31,12404.14,0.507,2419552,-0.015,6.2,0,62,Annual,1,False,Nurture,293595.72
CLT0210,2023-08,Mid-Market,North America,Retail & E-commerce,28,2,Email|SMS,25442.52,11892.04,0.467,2631994,0.0399,6.2,9,69,Annual,1,False,Retain,317492.12
CLT0210,2023-09,Mid-Market,North America,Retail & E-commerce,28,2,Email|SMS,26849.52,11401.77,0.425,2813279,0.0553,6.2,0,83,Annual,5,False,Nurture,340011.58
CLT0210,2023-10,Mid-Market,North America,Retail & E-commerce,28,2,Email|SMS,26409.68,11060.74,0.419,2806253,-0.0164,6.2,0,79,Annual,3,False,Nurture,316916.16
CLT0210,2023-11,Mid-Market,North America,Retail & E-commerce,28,2,Email|SMS,26999.41,12166.71,0.451,2902400,0.0223,6.2,0,77,Annual,4,False,Nurture,331217.96
CLT0211,2023-01,SMB,Southern Europe,Technology & SaaS,5,2,SMS|Email,51378.4,22613.39,0.44,5201954,0.0,4.8,0,21,Monthly,9,False,Retain,616540.8
CLT0211,2023-03,SMB,Southern Europe,Technology & SaaS,5,2,SMS|Email,26199.18,12243.49,0.467,2821049,-0.4901,4.8,0,47,Monthly,1,False,Retain,314390.16
CLT0211,2023-04,SMB,Southern Europe,Technology & SaaS,5,2,SMS|Email,26049.41,12440.5,0.478,2906308,-0.0057,4.8,4,63,Monthly,12,False,Retain,312592.92
CLT0211,2023-05,SMB,Southern Europe,Technology & SaaS,5,2,SMS|Email,52035.81,26446.11,0.508,6112606,0.9976,4.8,1,13,Monthly,10,False,Retain,1247360.81
CLT0211,2023-06,SMB,Southern Europe,Technology & SaaS,5,2,SMS|Email,26255.82,11942.85,0.455,3257914,-0.4954,4.8,2,55,Monthly,2,False,Retain,315069.84
CLT0211,2023-07,SMB,Southern Europe,Technology & SaaS,5,2,SMS|Email,27966.59,12411.04,0.444,3500682,0.0652,4.8,2,20,Monthly,10,False,Retain,357480.14
CLT0211,2023-08,SMB,Southern Europe,Technology & SaaS,5,2,SMS|Email,28930.23,13277.8,0.459,3784515,0.0345,4.8,1,29,Monthly,4,False,Retain,359139.88
CLT0211,2023-09,SMB,Southern Europe,Technology & SaaS,5,2,SMS|Email,29400.91,11164.76,0.38,3882367,0.0163,4.8,3,18,Monthly,2,False,Retain,358561.74
CLT0211,2023-10,SMB,Southern Europe,Technology & SaaS,5,2,SMS|Email,30744.3,14795.39,0.481,4205043,0.0457,4.8,1,25,Monthly,5,False,Retain,385791.77
CLT0211,2023-11,SMB,Southern Europe,Technology & SaaS,5,2,SMS|Email,32779.88,19483.93,0.594,4533942,0.0662,4.8,0,74,Monthly,6,False,Retain,419398.9
CLT0212,2023-01,Enterprise,LATAM,Fintech,32,3,WhatsApp Business|Voice|Verification,792503.32,372667.91,0.47,5206449,0.0,8.3,3,21,Annual,3,False,Expand,9510039.84
CLT0212,2023-03,Enterprise,LATAM,Fintech,32,3,WhatsApp Business|Voice|Verification,392627.53,168016.31,0.428,2609682,-0.5046,8.3,4,6,Annual,10,False,Retain,4711530.36
CLT0212,2023-04,Enterprise,LATAM,Fintech,32,3,WhatsApp Business|Voice|Verification,392542.6,192325.92,0.49,2618786,-0.0002,8.3,1,34,Annual,1,False,Nurture,4710511.2
CLT0212,2023-05,Enterprise,LATAM,Fintech,32,3,WhatsApp Business|Voice|Verification,775998.06,361434.9,0.466,5107243,0.9769,8.3,2,86,Annual,1,False,Upsell,18408846.78
CLT0212,2023-06,Enterprise,LATAM,Fintech,32,3,WhatsApp Business|Voice|Verification,384000.22,159335.78,0.415,2530402,-0.5052,8.3,2,28,Annual,8,False,Retain,4608002.64
CLT0212,2023-07,Enterprise,LATAM,Fintech,32,3,WhatsApp Business|Voice|Verification,376339.83,179454.45,0.477,2535967,-0.0199,8.3,2,87,Annual,2,False,Nurture,4516077.96
CLT0212,2023-08,Enterprise,LATAM,Fintech,32,3,WhatsApp Business|Voice|Verification,378869.27,195995.79,0.517,2539740,0.0067,8.3,0,61,Annual,8,False,Expand,4576892.33
CLT0212,2023-09,Enterprise,LATAM,Fintech,32,3,WhatsApp Business|Voice|Verification,397054.58,203170.88,0.512,2630184,0.048,8.3,2,47,Annual,9,False,Upsell,4993358.4
CLT0212,2023-10,Enterprise,LATAM,Fintech,32,3,WhatsApp Business|Voice|Verification,402093.42,212667.58,0.529,2640036,0.0127,8.3,0,72,Annual,6,False,Expand,4886400.08
CLT0212,2023-11,Enterprise,LATAM,Fintech,32,3,WhatsApp Business|Voice|Verification,414502.04,184490.62,0.445,2719835,0.0309,8.3,2,50,Annual,3,False,Upsell,5127721.84
CLT0213,2023-01,Enterprise,Nordics,Healthcare,35,3,WhatsApp Business|Verification|SMS,978275.28,448903.25,0.459,7496694,0.0,8.7,4,58,Monthly,5,False,Expand,11739303.36
CLT0213,2023-03,Enterprise,Nordics,Healthcare,35,3,WhatsApp Business|Verification|SMS,503252.81,274348.42,0.545,3891512,-0.4856,8.7,1,70,Monthly,1,False,Retain,6039033.72
CLT0213,2023-04,Enterprise,Nordics,Healthcare,35,3,WhatsApp Business|Verification|SMS,528260.45,275050.18,0.521,3908874,0.0497,8.7,1,50,Monthly,7,False,Upsell,6654179.93
CLT0213,2023-05,Enterprise,Nordics,Healthcare,35,3,WhatsApp Business|Verification|SMS,1106264.58,473835.56,0.428,8151687,1.0942,8.7,1,14,Monthly,2,False,Upsell,27800871.4
CLT0213,2023-06,Enterprise,Nordics,Healthcare,35,3,WhatsApp Business|Verification|SMS,557353.17,260667.79,0.468,4185380,-0.4962,8.7,2,89,Monthly,3,False,Retain,6688238.04
CLT0213,2023-07,Enterprise,Nordics,Healthcare,35,3,WhatsApp Business|Verification|SMS,589322.56,300644.3,0.51,4330815,0.0574,8.7,3,54,Monthly,12,False,Upsell,7477796.1
CLT0213,2023-08,Enterprise,Nordics,Healthcare,35,3,WhatsApp Business|Verification|SMS,611448.39,288120.67,0.471,4359454,0.0375,8.7,1,17,Monthly,12,False,Upsell,7612532.46
CLT0213,2023-09,Enterprise,Nordics,Healthcare,35,3,WhatsApp Business|Verification|SMS,644235.14,280801.87,0.436,4652995,0.0536,8.7,3,5,Monthly,11,False,Upsell,8145193.72
CLT0213,2023-10,Enterprise,Nordics,Healthcare,35,3,WhatsApp Business|Verification|SMS,643465.07,319698.38,0.497,4557116,-0.0012,8.7,4,30,Monthly,1,False,Nurture,7721580.84
CLT0213,2023-11,Enterprise,Nordics,Healthcare,35,3,WhatsApp Business|Verification|SMS,676991.48,324575.74,0.479,4802606,0.0521,8.7,1,50,Monthly,10,False,Upsell,8547152.83
CLT0214,2023-01,Enterprise,UK & Ireland,Technology & SaaS,40,4,Verification|Email|Voice|SMS,696549.5,342323.84,0.491,24332944,0.0,9.3,2,48,Multi-year,2,False,Expand,8358594.0
CLT0214,2023-03,Enterprise,UK & Ireland,Technology & SaaS,40,4,Verification|Email|Voice|SMS,385542.23,183744.04,0.477,12670206,-0.4465,9.3,3,55,Multi-year,6,False,Retain,4626506.76
CLT0214,2023-04,Enterprise,UK & Ireland,Technology & SaaS,40,4,Verification|Email|Voice|SMS,415794.69,219955.9,0.529,13646625,0.0785,9.3,3,63,Multi-year,11,False,Expand,5381214.88
CLT0214,2023-05,Enterprise,UK & Ireland,Technology & SaaS,40,4,Verification|Email|Voice|SMS,883303.47,414999.12,0.47,27739318,1.1244,9.3,0,12,Multi-year,3,False,Expand,22517878.7
CLT0214,2023-06,Enterprise,UK & Ireland,Technology & SaaS,40,4,Verification|Email|Voice|SMS,449903.65,243009.3,0.54,13890905,-0.4907,9.3,2,15,Multi-year,2,False,Retain,5398843.8
CLT0214,2023-07,Enterprise,UK & Ireland,Technology & SaaS,40,4,Verification|Email|Voice|SMS,486217.27,241852.58,0.497,14851116,0.0807,9.3,3,71,Multi-year,7,False,Expand,6305460.04
CLT0214,2023-08,Enterprise,UK & Ireland,Technology & SaaS,40,4,Verification|Email|Voice|SMS,516969.84,226974.33,0.439,15256494,0.0632,9.3,4,7,Multi-year,11,False,Expand,6595708.01
CLT0214,2023-09,Enterprise,UK & Ireland,Technology & SaaS,40,4,Verification|Email|Voice|SMS,528002.43,274668.45,0.52,15196383,0.0213,9.3,2,9,Multi-year,9,False,Expand,6470986.58
CLT0214,2023-10,Enterprise,UK & Ireland,Technology & SaaS,40,4,Verification|Email|Voice|SMS,551246.99,251579.36,0.456,15579447,0.044,9.3,1,11,Multi-year,2,False,Expand,6906022.29
CLT0214,2023-11,Enterprise,UK & Ireland,Technology & SaaS,40,4,Verification|Email|Voice|SMS,578627.8,233793.95,0.404,16134045,0.0497,9.3,3,86,Multi-year,12,False,Expand,7288627.22
CLT0215,2023-01,Enterprise,DACH,Fintech,31,4,Verification|Voice|SMS|WhatsApp Business,1021846.32,472601.37,0.462,8174320,0.0,8.0,2,17,Multi-year,11,False,Expand,12262155.84
CLT0215,2023-03,Enterprise,DACH,Fintech,31,4,Verification|Voice|SMS|WhatsApp Business,563372.76,269271.63,0.478,4569867,-0.4487,8.0,1,83,Multi-year,4,False,Retain,6760473.12
CLT0215,2023-04,Enterprise,DACH,Fintech,31,4,Verification|Voice|SMS|WhatsApp Business,580213.62,318192.23,0.548,4715950,0.0299,8.0,4,87,Multi-year,10,False,Expand,7170744.09
CLT0215,2023-05,Enterprise,DACH,Fintech,31,4,Verification|Voice|SMS|WhatsApp Business,1270928.25,594501.26,0.468,9909158,1.1904,8.0,5,78,Multi-year,4,False,Expand,33406094.87
CLT0215,2023-06,Enterprise,DACH,Fintech,31,4,Verification|Voice|SMS|WhatsApp Business,667229.58,288236.16,0.432,5528041,-0.475,8.0,2,26,Multi-year,1,False,Retain,8006754.96
CLT0215,2023-07,Enterprise,DACH,Fintech,31,4,Verification|Voice|SMS|WhatsApp Business,661252.22,306393.65,0.463,5650942,-0.009,8.0,1,24,Multi-year,6,False,Nurture,7935026.64
CLT0215,2023-08,Enterprise,DACH,Fintech,31,4,Verification|Voice|SMS|WhatsApp Business,701336.86,334712.88,0.477,5552609,0.0606,8.0,3,46,Multi-year,10,False,Expand,8926054.48
CLT0215,2023-09,Enterprise,DACH,Fintech,31,4,Verification|Voice|SMS|WhatsApp Business,752948.84,309877.44,0.412,5930535,0.0736,8.0,3,66,Multi-year,8,False,Expand,9700390.5
CLT0215,2023-10,Enterprise,DACH,Fintech,31,4,Verification|Voice|SMS|WhatsApp Business,800146.74,399180.09,0.499,6372267,0.0627,8.0,2,75,Multi-year,12,False,Expand,10203791.29
CLT0215,2023-11,Enterprise,DACH,Fintech,31,4,Verification|Voice|SMS|WhatsApp Business,822712.43,402342.74,0.489,6379329,0.0282,8.0,3,18,Multi-year,1,False,Expand,10150955.05
CLT0216,2023-01,Mid-Market,APAC,Technology & SaaS,32,3,SMS|Verification|Voice,206517.8,95056.43,0.46,4595204,0.0,7.1,0,55,Monthly,3,False,Nurture,2478213.6
CLT0216,2023-03,Mid-Market,APAC,Technology & SaaS,32,3,SMS|Verification|Voice,101919.92,58208.77,0.571,2243622,-0.5065,7.1,4,29,Monthly,2,False,Retain,1223039.04
CLT0216,2023-04,Mid-Market,APAC,Technology & SaaS,32,3,SMS|Verification|Voice,97804.2,50290.26,0.514,2110441,-0.0404,7.1,1,37,Monthly,11,False,Nurture,1173650.4
CLT0216,2023-05,Mid-Market,APAC,Technology & SaaS,32,3,SMS|Verification|Voice,197775.88,97731.46,0.494,4185278,1.0222,7.1,0,44,Monthly,10,False,Upsell,4799308.61
CLT0216,2023-06,Mid-Market,APAC,Technology & SaaS,32,3,SMS|Verification|Voice,101991.16,45504.43,0.446,2147886,-0.4843,7.1,2,56,Monthly,9,False,Retain,1223893.92
CLT0216,2023-07,Mid-Market,APAC,Technology & SaaS,32,3,SMS|Verification|Voice,102093.08,48197.64,0.472,2149560,0.001,7.1,2,85,Monthly,12,False,Nurture,1226342.08
CLT0216,2023-08,Mid-Market,APAC,Technology & SaaS,32,3,SMS|Verification|Voice,106989.32,54586.94,0.51,2240009,0.048,7.1,0,65,Monthly,12,False,Upsell,1345497.69
CLT0216,2023-09,Mid-Market,APAC,Technology & SaaS,32,3,SMS|Verification|Voice,112983.44,49954.62,0.442,2365960,0.056,7.1,3,78,Monthly,2,False,Upsell,1431726.15
CLT0216,2023-10,Mid-Market,APAC,Technology & SaaS,32,3,SMS|Verification|Voice,120109.48,66188.34,0.551,2496283,0.0631,7.1,4,3,Monthly,10,False,Upsell,1532260.66
CLT0216,2023-11,Mid-Market,APAC,Technology & SaaS,32,3,SMS|Verification|Voice,123730.36,59028.57,0.477,2561865,0.0301,7.1,2,50,Monthly,11,False,Upsell,1529455.73
CLT0217,2023-01,SMB,LATAM,Retail & E-commerce,8,2,SMS|Email,21869.0,10469.18,0.479,2468575,0.0,6.6,0,14,Monthly,10,False,Nurture,262428.0
CLT0217,2023-03,SMB,LATAM,Retail & E-commerce,8,2,SMS|Email,11673.05,4632.14,0.397,1363234,-0.4662,6.6,2,52,Monthly,9,False,Retain,140076.6
CLT0217,2023-04,SMB,LATAM,Retail & E-commerce,8,2,SMS|Email,12213.23,6085.18,0.498,1384554,0.0463,6.6,3,7,Monthly,5,False,Nurture,153344.43
CLT0217,2023-05,SMB,LATAM,Retail & E-commerce,8,2,SMS|Email,24707.63,11550.19,0.467,2851801,1.023,6.6,2,46,Monthly,1,False,Nurture,599802.43
CLT0217,2023-06,SMB,LATAM,Retail & E-commerce,8,2,SMS|Email,12538.91,6283.15,0.501,1534657,-0.4925,6.6,2,45,Monthly,3,False,Retain,150466.92
CLT0217,2023-07,SMB,LATAM,Retail & E-commerce,8,2,SMS|Email,13026.4,5314.82,0.408,1604239,0.0389,6.6,3,12,Monthly,2,False,Nurture,162397.52
CLT0217,2023-08,SMB,LATAM,Retail & E-commerce,8,2,SMS|Email,13115.36,6778.56,0.517,1614581,0.0068,6.6,2,19,Monthly,1,False,Nurture,158454.53
CLT0217,2023-09,SMB,LATAM,Retail & E-commerce,8,2,SMS|Email,13432.83,6882.16,0.512,1705545,0.0242,6.6,1,28,Monthly,7,False,Nurture,165094.85
CLT0217,2023-10,SMB,LATAM,Retail & E-commerce,8,2,SMS|Email,13945.42,5352.22,0.384,1732042,0.0382,6.6,1,1,Monthly,9,False,Nurture,173737.62
CLT0217,2023-11,SMB,LATAM,Retail & E-commerce,8,2,SMS|Email,14572.96,7572.56,0.52,1797713,0.045,6.6,3,16,Monthly,7,False,Nurture,182744.92
CLT0218,2023-01,SMB,Nordics,Logistics,13,3,SMS|Voice|WhatsApp Business,138749.23,63272.87,0.456,1214030,0.0,5.5,1,36,Monthly,2,False,Retain,1664990.76
CLT0218,2023-03,SMB,Nordics,Logistics,13,3,SMS|Voice|WhatsApp Business,68700.27,32639.47,0.475,587254,-0.5049,5.5,4,89,Monthly,9,False,Retain,824403.24
CLT0218,2023-04,SMB,Nordics,Logistics,13,3,SMS|Voice|WhatsApp Business,68667.04,26825.23,0.391,581008,-0.0005,5.5,1,2,Monthly,5,False,Retain,824004.48
CLT0218,2023-05,SMB,Nordics,Logistics,13,3,SMS|Voice|WhatsApp Business,136309.72,73737.99,0.541,1191311,0.9851,5.5,3,33,Monthly,12,False,Retain,3247061.1
CLT0218,2023-06,SMB,Nordics,Logistics,13,3,SMS|Voice|WhatsApp Business,70517.04,37322.49,0.529,595427,-0.4827,5.5,2,53,Monthly,1,False,Retain,846204.48
CLT0218,2023-07,SMB,Nordics,Logistics,13,3,SMS|Voice|WhatsApp Business,72330.36,38693.88,0.535,597375,0.0257,5.5,3,70,Monthly,12,False,Retain,890271.0
CLT0218,2023-08,SMB,Nordics,Logistics,13,3,SMS|Voice|WhatsApp Business,76827.67,36616.87,0.477,628104,0.0622,5.5,1,10,Monthly,12,False,Retain,979276.21
CLT0218,2023-09,SMB,Nordics,Logistics,13,3,SMS|Voice|WhatsApp Business,77450.87,37961.96,0.49,619459,0.0081,5.5,1,79,Monthly,8,False,Retain,936938.66
CLT0218,2023-10,SMB,Nordics,Logistics,13,3,SMS|Voice|WhatsApp Business,76663.4,33795.18,0.441,631190,-0.0102,5.5,4,14,Monthly,5,False,Retain,919960.8
CLT0218,2023-11,SMB,Nordics,Logistics,13,3,SMS|Voice|WhatsApp Business,79806.07,40265.66,0.505,645869,0.041,5.5,1,5,Monthly,9,False,Retain,996937.43
CLT0219,2023-01,Mid-Market,APAC,Logistics,28,3,WhatsApp Business|Voice|Verification,452834.79,244676.38,0.54,3787033,0.0,7.5,1,31,Monthly,5,False,Nurture,5434017.48
CLT0219,2023-03,Mid-Market,APAC,Logistics,28,3,WhatsApp Business|Voice|Verification,240758.06,107764.99,0.448,2028782,-0.4683,7.5,3,55,Monthly,10,False,Retain,2889096.72
CLT0219,2023-04,Mid-Market,APAC,Logistics,28,3,WhatsApp Business|Voice|Verification,236073.29,111039.36,0.47,1948706,-0.0195,7.5,0,42,Monthly,5,False,Nurture,2832879.48
CLT0219,2023-05,Mid-Market,APAC,Logistics,28,3,WhatsApp Business|Voice|Verification,486334.32,228861.54,0.471,3981901,1.0601,7.5,2,36,Monthly,10,False,Upsell,12022767.99
CLT0219,2023-06,Mid-Market,APAC,Logistics,28,3,WhatsApp Business|Voice|Verification,248594.19,115402.89,0.464,2074601,-0.4888,7.5,1,46,Monthly,1,False,Retain,2983130.28
CLT0219,2023-07,Mid-Market,APAC,Logistics,28,3,WhatsApp Business|Voice|Verification,248134.33,134944.89,0.544,2081206,-0.0018,7.5,3,52,Monthly,1,False,Nurture,2977611.96
CLT0219,2023-08,Mid-Market,APAC,Logistics,28,3,WhatsApp Business|Voice|Verification,256822.66,135859.06,0.529,2123031,0.035,7.5,1,76,Monthly,11,False,Upsell,3189737.44
CLT0219,2023-09,Mid-Market,APAC,Logistics,28,3,WhatsApp Business|Voice|Verification,257154.59,106507.89,0.414,2169049,0.0013,7.5,1,43,Monthly,9,False,Nurture,3089866.69
CLT0219,2023-10,Mid-Market,APAC,Logistics,28,3,WhatsApp Business|Voice|Verification,259529.78,144694.82,0.558,2238453,0.0092,7.5,3,5,Monthly,7,False,Nurture,3143009.45
CLT0219,2023-11,Mid-Market,APAC,Logistics,28,3,WhatsApp Business|Voice|Verification,268416.79,132901.91,0.495,2325646,0.0342,7.5,1,17,Monthly,12,False,Upsell,3331159.73
CLT0220,2023-01,Mid-Market,North America,Gaming & Entertainment,10,2,Verification|SMS,178073.48,83270.39,0.468,3559041,0.0,7.2,3,59,Monthly,5,False,Nurture,2136881.76
CLT0220,2023-03,Mid-Market,North America,Gaming & Entertainment,10,2,Verification|SMS,91354.8,40237.98,0.44,1842676,-0.487,7.2,3,44,Monthly,7,False,Retain,1096257.6
CLT0220,2023-04,Mid-Market,North America,Gaming & Entertainment,10,2,Verification|SMS,91227.68,43631.36,0.478,1840733,-0.0014,7.2,4,56,Monthly,10,False,Nurture,1094732.16
CLT0220,2023-05,Mid-Market,North America,Gaming & Entertainment,10,2,Verification|SMS,189470.08,84093.29,0.444,3868457,1.0769,7.2,3,72,Monthly,4,False,Upsell,4722124.91
CLT0220,2023-06,Mid-Market,North America,Gaming & Entertainment,10,2,Verification|SMS,100819.84,56674.58,0.562,2099768,-0.4679,7.2,3,88,Monthly,10,False,Retain,1209838.08
CLT0220,2023-07,Mid-Market,North America,Gaming & Entertainment,10,2,Verification|SMS,104944.8,46161.78,0.44,2208255,0.0409,7.2,0,82,Monthly,9,False,Upsell,1310844.51
CLT0220,2023-08,Mid-Market,North America,Gaming & Entertainment,10,2,Verification|SMS,104632.72,52379.22,0.501,2214861,-0.003,7.2,3,45,Monthly,10,False,Nurture,1255592.64
CLT0220,2023-09,Mid-Market,North America,Gaming & Entertainment,10,2,Verification|SMS,107520.4,60322.72,0.561,2299422,0.0276,7.2,2,84,Monthly,1,False,Nurture,1325855.56
CLT0220,2023-10,Mid-Market,North America,Gaming & Entertainment,10,2,Verification|SMS,108926.96,47065.68,0.432,2338367,0.0131,7.2,4,63,Monthly,5,False,Nurture,1324246.84
CLT0220,2023-11,Mid-Market,North America,Gaming & Entertainment,10,2,Verification|SMS,106322.72,45791.99,0.431,2329132,-0.0239,7.2,1,19,Monthly,10,False,Nurture,1275872.64
CLT0221,2023-01,SMB,Southern Europe,Fintech,15,2,Voice|SMS,72710.64,28758.7,0.396,843424,0.0,6.4,1,36,Monthly,2,False,Nurture,872527.68
CLT0221,2023-03,SMB,Southern Europe,Fintech,15,2,Voice|SMS,39163.92,15973.75,0.408,445700,-0.4614,6.4,0,40,Monthly,3,False,Retain,469967.04
CLT0221,2023-04,SMB,Southern Europe,Fintech,15,2,Voice|SMS,39950.64,20753.84,0.519,452146,0.0201,6.4,2,86,Monthly,10,False,Nurture,489043.77
CLT0221,2023-05,SMB,Southern Europe,Fintech,15,2,Voice|SMS,87797.04,38997.26,0.444,988932,1.1976,6.4,0,85,Monthly,1,False,Nurture,2315313.3
CLT0221,2023-06,SMB,Southern Europe,Fintech,15,2,Voice|SMS,48076.12,20971.29,0.436,527539,-0.4524,6.4,2,38,Monthly,10,False,Retain,576913.44
CLT0221,2023-07,SMB,Southern Europe,Fintech,15,2,Voice|SMS,46874.88,22194.97,0.473,514478,-0.025,6.4,2,46,Monthly,8,False,Nurture,562498.56
CLT0221,2023-08,SMB,Southern Europe,Fintech,15,2,Voice|SMS,48988.4,20996.28,0.429,535110,0.0451,6.4,1,84,Monthly,8,False,Nurture,614373.32
CLT0221,2023-09,SMB,Southern Europe,Fintech,15,2,Voice|SMS,51365.4,27952.35,0.544,549557,0.0485,6.4,0,56,Monthly,3,False,Nurture,646279.46
CLT0221,2023-10,SMB,Southern Europe,Fintech,15,2,Voice|SMS,54321.16,20895.85,0.385,574331,0.0575,6.4,4,41,Monthly,4,False,Nurture,689335.52
CLT0221,2023-11,SMB,Southern Europe,Fintech,15,2,Voice|SMS,53872.12,24672.51,0.458,573557,-0.0083,6.4,3,87,Monthly,11,False,Nurture,646465.44
CLT0222,2023-01,Mid-Market,APAC,Retail & E-commerce,11,2,SMS|Email,237854.01,113935.43,0.479,12225548,0.0,6.9,2,69,Annual,5,False,Nurture,2854248.12
CLT0222,2023-03,Mid-Market,APAC,Retail & E-commerce,11,2,SMS|Email,124351.88,55297.79,0.445,6387820,-0.4772,6.9,0,59,Annual,7,False,Retain,1492222.56
CLT0222,2023-04,Mid-Market,APAC,Retail & E-commerce,11,2,SMS|Email,134584.24,54165.87,0.402,6802328,0.0823,6.9,1,50,Annual,10,False,Nurture,1747926.28
CLT0222,2023-05,Mid-Market,APAC,Retail & E-commerce,11,2,SMS|Email,280078.58,133239.89,0.476,14783931,1.0811,6.9,0,11,Annual,10,False,Nurture,6994458.39
CLT0222,2023-06,Mid-Market,APAC,Retail & E-commerce,11,2,SMS|Email,144712.56,77992.8,0.539,7708431,-0.4833,6.9,3,45,Annual,4,False,Retain,1736550.72
CLT0222,2023-07,Mid-Market,APAC,Retail & E-commerce,11,2,SMS|Email,157664.39,73100.17,0.464,8203257,0.0895,6.9,2,6,Annual,2,False,Nurture,2061304.23
CLT0222,2023-08,Mid-Market,APAC,Retail & E-commerce,11,2,SMS|Email,165163.83,90515.68,0.548,8588683,0.0476,6.9,0,51,Annual,5,False,Nurture,2076307.54
CLT0222,2023-09,Mid-Market,APAC,Retail & E-commerce,11,2,SMS|Email,170342.71,81084.97,0.476,8606077,0.0314,6.9,1,64,Annual,3,False,Nurture,2108297.65
CLT0222,2023-10,Mid-Market,APAC,Retail & E-commerce,11,2,SMS|Email,189590.36,86063.37,0.454,9740055,0.113,6.9,3,68,Annual,11,False,Nurture,2532168.85
CLT0222,2023-11,Mid-Market,APAC,Retail & E-commerce,11,2,SMS|Email,188785.82,80958.31,0.429,10032627,-0.0042,6.9,1,52,Annual,2,False,Nurture,2265429.84
CLT0223,2023-01,Mid-Market,DACH,Fintech,24,3,Voice|Verification|SMS,458375.32,180892.48,0.395,6661315,0.0,8.4,2,61,Annual,5,False,Nurture,5500503.84
CLT0223,2023-03,Mid-Market,DACH,Fintech,24,3,Voice|Verification|SMS,250623.04,125391.81,0.5,3663497,-0.4532,8.4,1,87,Annual,12,False,Retain,3007476.48
CLT0223,2023-04,Mid-Market,DACH,Fintech,24,3,Voice|Verification|SMS,255499.0,145691.45,0.57,3739935,0.0195,8.4,2,49,Annual,9,False,Nurture,3125774.77
CLT0223,2023-05,Mid-Market,DACH,Fintech,24,3,Voice|Verification|SMS,542876.2,242484.19,0.447,8070761,1.1248,8.4,3,41,Annual,10,False,Upsell,13842040.2
CLT0223,2023-06,Mid-Market,DACH,Fintech,24,3,Voice|Verification|SMS,284611.92,123897.2,0.435,4203031,-0.4757,8.4,1,2,Annual,3,False,Retain,3415343.04
CLT0223,2023-07,Mid-Market,DACH,Fintech,24,3,Voice|Verification|SMS,299158.8,134921.43,0.451,4475823,0.0511,8.4,2,88,Annual,7,False,Upsell,3773349.78
CLT0223,2023-08,Mid-Market,DACH,Fintech,24,3,Voice|Verification|SMS,316536.88,158268.29,0.5,4727865,0.0581,8.4,1,17,Annual,10,False,Upsell,4019132.07
CLT0223,2023-09,Mid-Market,DACH,Fintech,24,3,Voice|Verification|SMS,324859.12,156762.16,0.483,4834280,0.0263,8.4,2,58,Annual,7,False,Nurture,4000834.98
CLT0223,2023-10,Mid-Market,DACH,Fintech,24,3,Voice|Verification|SMS,341933.12,149924.15,0.438,5032682,0.0526,8.4,2,11,Annual,2,False,Upsell,4319025.63
CLT0223,2023-11,Mid-Market,DACH,Fintech,24,3,Voice|Verification|SMS,366667.92,142550.77,0.389,5348218,0.0723,8.4,3,50,Annual,7,False,Upsell,4718136.13
CLT0224,2023-01,Enterprise,Nordics,Healthcare,24,3,Voice|SMS|Verification,510367.68,259803.24,0.509,8205545,0.0,8.1,1,18,Multi-year,12,False,Expand,6124412.16
CLT0224,2023-03,Enterprise,Nordics,Healthcare,24,3,Voice|SMS|Verification,259968.84,130323.7,0.501,4153769,-0.4906,8.1,0,70,Multi-year,7,False,Retain,3119626.08
CLT0224,2023-04,Enterprise,Nordics,Healthcare,24,3,Voice|SMS|Verification,265287.32,118214.85,0.446,4300897,0.0205,8.1,2,56,Multi-year,1,False,Expand,3248708.52
CLT0224,2023-05,Enterprise,Nordics,Healthcare,24,3,Voice|SMS|Verification,538978.52,250204.89,0.464,8743335,1.0317,8.1,4,25,Multi-year,5,False,Upsell,13140511.91
CLT0224,2023-06,Enterprise,Nordics,Healthcare,24,3,Voice|SMS|Verification,271940.4,146505.79,0.539,4369893,-0.4955,8.1,2,77,Multi-year,9,False,Retain,3263284.8
CLT0224,2023-07,Enterprise,Nordics,Healthcare,24,3,Voice|SMS|Verification,277357.8,132610.66,0.478,4421287,0.0199,8.1,2,17,Multi-year,5,False,Expand,3394526.64
CLT0224,2023-08,Enterprise,Nordics,Healthcare,24,3,Voice|SMS|Verification,287147.36,141462.85,0.493,4562384,0.0353,8.1,2,52,Multi-year,9,False,Upsell,3567403.94
CLT0224,2023-09,Enterprise,Nordics,Healthcare,24,3,Voice|SMS|Verification,314809.84,150202.56,0.477,4955644,0.0963,8.1,2,77,Multi-year,11,False,Upsell,4141512.33
CLT0224,2023-10,Enterprise,Nordics,Healthcare,24,3,Voice|SMS|Verification,327032.76,157793.68,0.483,5052502,0.0388,8.1,1,87,Multi-year,7,False,Upsell,4076659.57
CLT0224,2023-11,Enterprise,Nordics,Healthcare,24,3,Voice|SMS|Verification,323454.36,151341.46,0.468,5007485,-0.0109,8.1,0,62,Multi-year,11,False,Nurture,3881452.32
CLT0225,2023-01,Enterprise,APAC,Healthcare,28,4,SMS|Voice|WhatsApp Business|Verification,784148.95,410720.25,0.524,7941614,0.0,7.7,0,6,Annual,2,False,Expand,9409787.4
CLT0225,2023-03,Enterprise,APAC,Healthcare,28,4,SMS|Voice|WhatsApp Business|Verification,403332.88,213251.48,0.529,4121123,-0.4856,7.7,2,51,Annual,6,False,Retain,4839994.56
CLT0225,2023-04,Enterprise,APAC,Healthcare,28,4,SMS|Voice|WhatsApp Business|Verification,408537.03,185450.83,0.454,4192865,0.0129,7.7,2,49,Annual,3,False,Expand,4965685.89
CLT0225,2023-05,Enterprise,APAC,Healthcare,28,4,SMS|Voice|WhatsApp Business|Verification,857206.54,424541.87,0.495,9033850,1.0982,7.7,1,64,Annual,12,False,Expand,21583089.15
CLT0225,2023-06,Enterprise,APAC,Healthcare,28,4,SMS|Voice|WhatsApp Business|Verification,441036.21,200619.0,0.455,4698827,-0.4855,7.7,0,63,Annual,11,False,Retain,5292434.52
CLT0225,2023-07,Enterprise,APAC,Healthcare,28,4,SMS|Voice|WhatsApp Business|Verification,448109.89,183470.39,0.409,4804613,0.016,7.7,1,38,Annual,1,False,Expand,5463355.78
CLT0225,2023-08,Enterprise,APAC,Healthcare,28,4,SMS|Voice|WhatsApp Business|Verification,454760.89,219152.81,0.482,4841984,0.0148,7.7,2,21,Annual,2,False,Expand,5537896.21
CLT0225,2023-09,Enterprise,APAC,Healthcare,28,4,SMS|Voice|WhatsApp Business|Verification,458330.98,262527.06,0.573,4943232,0.0079,7.7,3,47,Annual,8,False,Expand,5543421.54
CLT0225,2023-10,Enterprise,APAC,Healthcare,28,4,SMS|Voice|WhatsApp Business|Verification,474101.37,252172.07,0.532,5070059,0.0344,7.7,1,17,Annual,4,False,Expand,5884925.49
CLT0225,2023-11,Enterprise,APAC,Healthcare,28,4,SMS|Voice|WhatsApp Business|Verification,492400.14,261501.32,0.531,5247384,0.0386,7.7,4,12,Annual,12,False,Expand,6136881.42
CLT0226,2023-01,Enterprise,LATAM,Fintech,25,4,WhatsApp Business|Verification|SMS|Voice,1233452.87,580767.72,0.471,17294647,0.0,6.6,1,19,Annual,6,False,Expand,14801434.44
CLT0226,2023-03,Enterprise,LATAM,Fintech,25,4,WhatsApp Business|Verification|SMS|Voice,699093.87,306760.36,0.439,9657890,-0.4332,6.6,3,19,Annual,5,False,Retain,8389126.44
CLT0226,2023-04,Enterprise,LATAM,Fintech,25,4,WhatsApp Business|Verification|SMS|Voice,720662.16,312792.65,0.434,10016759,0.0309,6.6,1,23,Annual,4,False,Expand,8915167.45
CLT0226,2023-05,Enterprise,LATAM,Fintech,25,4,WhatsApp Business|Verification|SMS|Voice,1549746.79,735240.27,0.474,21818016,1.1504,6.6,2,44,Annual,3,False,Expand,39990905.97
CLT0226,2023-06,Enterprise,LATAM,Fintech,25,4,WhatsApp Business|Verification|SMS|Voice,794196.29,432402.18,0.544,11283507,-0.4875,6.6,1,44,Annual,12,False,Retain,9530355.48
CLT0226,2023-07,Enterprise,LATAM,Fintech,25,4,WhatsApp Business|Verification|SMS|Voice,815203.58,372239.45,0.457,11646538,0.0265,6.6,3,50,Annual,1,False,Expand,10041677.7
CLT0226,2023-08,Enterprise,LATAM,Fintech,25,4,WhatsApp Business|Verification|SMS|Voice,847438.17,382521.45,0.451,12091413,0.0395,6.6,1,1,Annual,9,False,Expand,10570943.73
CLT0226,2023-09,Enterprise,LATAM,Fintech,25,4,WhatsApp Business|Verification|SMS|Voice,892083.82,370386.7,0.415,12855331,0.0527,6.6,3,42,Annual,12,False,Expand,11269159.65
CLT0226,2023-10,Enterprise,LATAM,Fintech,25,4,WhatsApp Business|Verification|SMS|Voice,898961.05,413546.0,0.46,12868237,0.0077,6.6,0,67,Annual,10,False,Expand,10870596.6
CLT0226,2023-11,Enterprise,LATAM,Fintech,25,4,WhatsApp Business|Verification|SMS|Voice,922543.8,452423.73,0.49,13058208,0.0262,6.6,0,40,Annual,10,False,Expand,11360573.37
CLT0227,2023-01,Mid-Market,North America,Healthcare,15,2,Voice|Verification,239719.76,101468.06,0.423,2499685,0.0,6.0,3,50,Annual,2,False,Nurture,2876637.12
CLT0227,2023-03,Mid-Market,North America,Healthcare,15,2,Voice|Verification,134887.96,61544.71,0.456,1413251,-0.4373,6.0,2,58,Annual,3,False,Retain,1618655.52
CLT0227,2023-04,Mid-Market,North America,Healthcare,15,2,Voice|Verification,147385.96,77403.12,0.525,1547840,0.0927,6.0,2,14,Annual,6,False,Nurture,1932583.66
CLT0227,2023-05,Mid-Market,North America,Healthcare,15,2,Voice|Verification,318496.48,139415.39,0.438,3334035,1.161,6.0,4,8,Annual,6,False,Nurture,8259250.72
CLT0227,2023-06,Mid-Market,North America,Healthcare,15,2,Voice|Verification,173240.56,80061.1,0.462,1817681,-0.4561,6.0,1,20,Annual,1,False,Retain,2078886.72
CLT0227,2023-07,Mid-Market,North America,Healthcare,15,2,Voice|Verification,186455.96,94241.86,0.505,1958644,0.0763,6.0,3,81,Annual,6,False,Nurture,2408190.6
CLT0227,2023-08,Mid-Market,North America,Healthcare,15,2,Voice|Verification,191686.32,99854.94,0.521,2011204,0.0281,6.0,2,30,Annual,6,False,Nurture,2364872.47
CLT0227,2023-09,Mid-Market,North America,Healthcare,15,2,Voice|Verification,202491.24,103477.73,0.511,2127768,0.0564,6.0,6,26,Annual,2,False,Retain,2566940.95
CLT0227,2023-10,Mid-Market,North America,Healthcare,15,2,Voice|Verification,213571.32,119170.76,0.558,2251350,0.0547,6.0,2,25,Annual,12,False,Nurture,2703044.05
CLT0227,2023-11,Mid-Market,North America,Healthcare,15,2,Voice|Verification,216441.4,101976.42,0.471,2274810,0.0134,6.0,1,16,Annual,9,False,Nurture,2632100.58
CLT0228,2023-01,SMB,LATAM,Logistics,8,1,SMS,52365.52,21835.08,0.417,1309138,0.0,6.8,1,35,Monthly,6,False,Nurture,628386.24
CLT0228,2023-03,SMB,LATAM,Logistics,8,1,SMS,27795.6,13044.2,0.469,694890,-0.4692,6.8,1,53,Monthly,1,False,Retain,333547.2
CLT0228,2023-04,SMB,LATAM,Logistics,8,1,SMS,30094.44,10537.03,0.35,752361,0.0827,6.8,4,43,Monthly,10,False,Nurture,390999.0
CLT0228,2023-05,SMB,LATAM,Logistics,8,1,SMS,63348.48,25293.68,0.399,1583712,1.105,6.8,2,80,Monthly,4,False,Nurture,1600182.6
CLT0228,2023-06,SMB,LATAM,Logistics,8,1,SMS,30658.44,14061.47,0.459,766461,-0.516,6.8,4,37,Monthly,11,False,Retain,367901.28
CLT0228,2023-07,SMB,LATAM,Logistics,8,1,SMS,34492.24,13437.28,0.39,862306,0.125,6.8,4,20,Monthly,4,False,Nurture,465645.24
CLT0228,2023-08,SMB,LATAM,Logistics,8,1,SMS,37531.56,13275.93,0.354,938289,0.0881,6.8,0,20,Monthly,3,False,Nurture,490057.09
CLT0228,2023-09,SMB,LATAM,Logistics,8,1,SMS,38166.32,19300.22,0.506,954158,0.0169,6.8,1,16,Monthly,1,False,Nurture,465735.97
CLT0228,2023-10,SMB,LATAM,Logistics,8,1,SMS,36235.64,18589.15,0.513,905891,-0.0506,6.8,1,78,Monthly,2,False,Retain,434827.68
CLT0228,2023-11,SMB,LATAM,Logistics,8,1,SMS,37678.52,14092.65,0.374,941963,0.0398,6.8,3,19,Monthly,10,False,Nurture,470137.5
CLT0229,2023-01,Enterprise,LATAM,Technology & SaaS,54,4,SMS|Email|Verification|Voice,1109593.59,460972.16,0.415,42793288,0.0,7.7,2,35,Monthly,5,False,Expand,13315123.08
CLT0229,2023-03,Enterprise,LATAM,Technology & SaaS,54,4,SMS|Email|Verification|Voice,568962.51,249493.16,0.439,22380986,-0.4872,7.7,4,29,Monthly,12,False,Retain,6827550.12
CLT0229,2023-04,Enterprise,LATAM,Technology & SaaS,54,4,SMS|Email|Verification|Voice,585689.43,278646.24,0.476,23803672,0.0294,7.7,1,14,Monthly,5,False,Expand,7234904.39
CLT0229,2023-05,Enterprise,LATAM,Technology & SaaS,54,4,SMS|Email|Verification|Voice,1276633.9,685928.41,0.537,49564635,1.1797,7.7,1,90,Monthly,11,False,Expand,33392146.94
CLT0229,2023-06,Enterprise,LATAM,Technology & SaaS,54,4,SMS|Email|Verification|Voice,677483.1,320489.02,0.473,25180674,-0.4693,7.7,4,10,Monthly,5,False,Retain,8129797.2
CLT0229,2023-07,Enterprise,LATAM,Technology & SaaS,54,4,SMS|Email|Verification|Voice,690794.24,333596.97,0.483,26476607,0.0196,7.7,5,4,Monthly,9,False,Expand,8452005.69
CLT0229,2023-08,Enterprise,LATAM,Technology & SaaS,54,4,SMS|Email|Verification|Voice,693085.58,332828.25,0.48,26024716,0.0033,7.7,2,63,Monthly,9,False,Expand,8344473.15
CLT0229,2023-09,Enterprise,LATAM,Technology & SaaS,54,4,SMS|Email|Verification|Voice,723596.37,324710.39,0.449,27159115,0.044,7.7,2,29,Monthly,5,False,Expand,9065215.32
CLT0229,2023-10,Enterprise,LATAM,Technology & SaaS,54,4,SMS|Email|Verification|Voice,731665.98,298294.34,0.408,27064488,0.0112,7.7,2,89,Monthly,4,False,Expand,8878327.67
CLT0229,2023-11,Enterprise,LATAM,Technology & SaaS,54,4,SMS|Email|Verification|Voice,742963.78,346568.72,0.466,26908810,0.0154,7.7,1,88,Monthly,11,False,Expand,9052865.07
CLT0230,2023-01,Enterprise,Nordics,Retail & E-commerce,43,2,WhatsApp Business|SMS,717990.61,347479.33,0.484,9940432,0.0,8.0,4,60,Annual,8,False,Nurture,8615887.32
CLT0230,2023-03,Enterprise,Nordics,Retail & E-commerce,43,2,WhatsApp Business|SMS,401298.16,190865.77,0.476,5619220,-0.4411,8.0,2,76,Annual,9,False,Retain,4815577.92
CLT0230,2023-04,Enterprise,Nordics,Retail & E-commerce,43,2,WhatsApp Business|SMS,426751.47,197687.95,0.463,5989167,0.0634,8.0,1,20,Annual,12,False,Upsell,5445690.16
CLT0230,2023-05,Enterprise,Nordics,Retail & E-commerce,43,2,WhatsApp Business|SMS,920054.5,474528.08,0.516,13158082,1.1559,8.0,3,39,Annual,1,False,Upsell,23802545.96
CLT0230,2023-06,Enterprise,Nordics,Retail & E-commerce,43,2,WhatsApp Business|SMS,499813.81,244270.4,0.489,7119346,-0.4568,8.0,1,20,Annual,2,False,Retain,5997765.72
CLT0230,2023-07,Enterprise,Nordics,Retail & E-commerce,43,2,WhatsApp Business|SMS,520310.3,196800.7,0.378,7682108,0.041,8.0,1,15,Annual,7,False,Upsell,6499716.27
CLT0230,2023-08,Enterprise,Nordics,Retail & E-commerce,43,2,WhatsApp Business|SMS,550278.08,285700.43,0.519,7951163,0.0576,8.0,3,68,Annual,3,False,Upsell,6983689.17
CLT0230,2023-09,Enterprise,Nordics,Retail & E-commerce,43,2,WhatsApp Business|SMS,595288.6,281175.81,0.472,8454328,0.0818,8.0,1,30,Annual,2,False,Upsell,7727798.49
CLT0230,2023-10,Enterprise,Nordics,Retail & E-commerce,43,2,WhatsApp Business|SMS,613937.07,324740.58,0.529,8774514,0.0313,8.0,0,28,Annual,8,False,Upsell,7597839.6
CLT0230,2023-11,Enterprise,Nordics,Retail & E-commerce,43,2,WhatsApp Business|SMS,628632.44,264119.3,0.42,9116309,0.0239,8.0,1,80,Annual,10,False,Nurture,7723881.06
CLT0231,2023-01,Mid-Market,North America,Retail & E-commerce,35,4,WhatsApp Business|Email|Voice|SMS,335126.77,145920.31,0.435,16934658,0.0,7.5,4,88,Annual,12,False,Nurture,4021521.24
CLT0231,2023-03,Mid-Market,North America,Retail & E-commerce,35,4,WhatsApp Business|Email|Voice|SMS,166666.29,82411.35,0.494,8373790,-0.5027,7.5,2,67,Annual,2,False,Retain,1999995.48
CLT0231,2023-04,Mid-Market,North America,Retail & E-commerce,35,4,WhatsApp Business|Email|Voice|SMS,165324.71,77265.85,0.467,8645599,-0.008,7.5,0,65,Annual,2,False,Nurture,1983896.52
CLT0231,2023-05,Mid-Market,North America,Retail & E-commerce,35,4,WhatsApp Business|Email|Voice|SMS,348978.05,167149.37,0.479,18335239,1.1109,7.5,3,84,Annual,1,False,Nurture,8839893.19
CLT0231,2023-06,Mid-Market,North America,Retail & E-commerce,35,4,WhatsApp Business|Email|Voice|SMS,176230.4,94987.18,0.539,10334247,-0.495,7.5,3,6,Annual,11,False,Retain,2114764.8
CLT0231,2023-07,Mid-Market,North America,Retail & E-commerce,35,4,WhatsApp Business|Email|Voice|SMS,178476.12,80348.35,0.45,10954925,0.0127,7.5,4,73,Annual,7,False,Nurture,2168913.2
CLT0231,2023-08,Mid-Market,North America,Retail & E-commerce,35,4,WhatsApp Business|Email|Voice|SMS,174465.18,86897.04,0.498,11177975,-0.0225,7.5,2,20,Annual,5,False,Nurture,2093582.16
CLT0231,2023-09,Mid-Market,North America,Retail & E-commerce,35,4,WhatsApp Business|Email|Voice|SMS,176118.14,85830.81,0.487,12296795,0.0095,7.5,2,21,Annual,7,False,Nurture,2133495.15
CLT0231,2023-10,Mid-Market,North America,Retail & E-commerce,35,4,WhatsApp Business|Email|Voice|SMS,166144.1,71244.67,0.429,11989989,-0.0566,7.5,3,45,Annual,8,False,Retain,1993729.2
CLT0231,2023-11,Mid-Market,North America,Retail & E-commerce,35,4,WhatsApp Business|Email|Voice|SMS,165497.86,77006.45,0.465,11783566,-0.0039,7.5,1,67,Annual,10,False,Nurture,1985974.32
CLT0232,2023-01,Mid-Market,LATAM,Retail & E-commerce,13,2,WhatsApp Business|Email,321525.43,165448.99,0.515,13777482,0.0,8.3,3,56,Multi-year,4,False,Nurture,3858305.16
CLT0232,2023-03,Mid-Market,LATAM,Retail & E-commerce,13,2,WhatsApp Business|Email,160108.71,90146.93,0.563,6905634,-0.502,8.3,1,87,Multi-year,6,False,Retain,1921304.52
CLT0232,2023-04,Mid-Market,LATAM,Retail & E-commerce,13,2,WhatsApp Business|Email,163052.26,66466.96,0.408,7224787,0.0184,8.3,2,47,Multi-year,9,False,Nurture,1992629.06
CLT0232,2023-05,Mid-Market,LATAM,Retail & E-commerce,13,2,WhatsApp Business|Email,348929.4,164888.43,0.473,15107555,1.14,8.3,3,61,Multi-year,8,False,Upsell,8960506.99
CLT0232,2023-06,Mid-Market,LATAM,Retail & E-commerce,13,2,WhatsApp Business|Email,178653.16,84951.91,0.476,7563832,-0.488,8.3,3,37,Multi-year,6,False,Retain,2143837.92
CLT0232,2023-07,Mid-Market,LATAM,Retail & E-commerce,13,2,WhatsApp Business|Email,179340.06,77785.22,0.434,7909075,0.0038,8.3,0,17,Multi-year,7,False,Nurture,2160258.63
CLT0232,2023-08,Mid-Market,LATAM,Retail & E-commerce,13,2,WhatsApp Business|Email,184958.22,87514.57,0.473,7773976,0.0313,8.3,2,28,Multi-year,12,False,Upsell,2288968.95
CLT0232,2023-09,Mid-Market,LATAM,Retail & E-commerce,13,2,WhatsApp Business|Email,191228.45,73812.76,0.386,8031544,0.0339,8.3,2,39,Multi-year,9,False,Upsell,2372533.13
CLT0232,2023-10,Mid-Market,LATAM,Retail & E-commerce,13,2,WhatsApp Business|Email,186357.75,101717.35,0.546,7589651,-0.0255,8.3,2,67,Multi-year,9,False,Nurture,2236293.0
CLT0232,2023-11,Mid-Market,LATAM,Retail & E-commerce,13,2,WhatsApp Business|Email,183078.8,100025.38,0.546,7666341,-0.0176,8.3,1,19,Multi-year,4,False,Nurture,2196945.6
CLT0233,2023-01,Mid-Market,APAC,Fintech,6,2,SMS|Verification,162021.32,82883.92,0.512,2866509,0.0,7.7,1,64,Annual,11,False,Nurture,1944255.84
CLT0233,2023-03,Mid-Market,APAC,Fintech,6,2,SMS|Verification,77109.36,39447.42,0.512,1387684,-0.5241,7.7,0,20,Annual,6,False,Retain,925312.32
CLT0233,2023-04,Mid-Market,APAC,Fintech,6,2,SMS|Verification,75277.88,37621.57,0.5,1354680,-0.0238,7.7,1,40,Annual,5,False,Nurture,903334.56
CLT0233,2023-05,Mid-Market,APAC,Fintech,6,2,SMS|Verification,144252.88,68865.47,0.477,2605490,0.9163,7.7,4,24,Annual,3,False,Upsell,3317181.53
CLT0233,2023-06,Mid-Market,APAC,Fintech,6,2,SMS|Verification,69245.88,26796.98,0.387,1269913,-0.52,7.7,3,82,Annual,6,False,Retain,830950.56
CLT0233,2023-07,Mid-Market,APAC,Fintech,6,2,SMS|Verification,65719.96,31886.82,0.485,1216701,-0.0509,7.7,3,26,Annual,6,False,Retain,788639.52
CLT0233,2023-08,Mid-Market,APAC,Fintech,6,2,SMS|Verification,65744.28,29389.37,0.447,1216475,0.0004,7.7,4,15,Annual,2,False,Nurture,789246.93
CLT0233,2023-09,Mid-Market,APAC,Fintech,6,2,SMS|Verification,70217.32,31205.9,0.444,1312822,0.068,7.7,1,60,Annual,9,False,Upsell,899905.17
CLT0233,2023-10,Mid-Market,APAC,Fintech,6,2,SMS|Verification,73409.48,32443.43,0.442,1371487,0.0455,7.7,4,87,Annual,9,False,Upsell,920995.34
CLT0233,2023-11,Mid-Market,APAC,Fintech,6,2,SMS|Verification,75733.36,37453.23,0.495,1420272,0.0317,7.7,1,24,Annual,9,False,Upsell,937609.29
CLT0234,2023-01,Mid-Market,UK & Ireland,Fintech,29,2,Voice|SMS,265118.0,122504.45,0.462,3895262,0.0,7.4,2,4,Annual,6,False,Nurture,3181416.0
CLT0234,2023-03,Mid-Market,UK & Ireland,Fintech,29,2,Voice|SMS,124434.52,52103.49,0.419,1902609,-0.5306,7.4,2,6,Annual,4,False,Retain,1493214.24
CLT0234,2023-04,Mid-Market,UK & Ireland,Fintech,29,2,Voice|SMS,123597.12,52390.95,0.424,1949668,-0.0067,7.4,0,33,Annual,6,False,Nurture,1483165.44
CLT0234,2023-05,Mid-Market,UK & Ireland,Fintech,29,2,Voice|SMS,247019.64,141620.09,0.573,4001647,0.9986,7.4,2,47,Annual,4,False,Upsell,5924321.43
CLT0234,2023-06,Mid-Market,UK & Ireland,Fintech,29,2,Voice|SMS,120958.0,52192.35,0.431,1993322,-0.5103,7.4,2,71,Annual,12,False,Retain,1451496.0
CLT0234,2023-07,Mid-Market,UK & Ireland,Fintech,29,2,Voice|SMS,123717.44,62039.87,0.501,2054018,0.0228,7.4,2,68,Annual,3,False,Nurture,1518458.37
CLT0234,2023-08,Mid-Market,UK & Ireland,Fintech,29,2,Voice|SMS,123782.36,59026.62,0.477,2071023,0.0005,7.4,1,66,Annual,8,False,Nurture,1486131.01
CLT0234,2023-09,Mid-Market,UK & Ireland,Fintech,29,2,Voice|SMS,126613.96,72621.45,0.574,2147025,0.0229,7.4,4,21,Annual,1,False,Nurture,1554161.04
CLT0234,2023-10,Mid-Market,UK & Ireland,Fintech,29,2,Voice|SMS,131570.4,61709.63,0.469,2230106,0.0391,7.4,3,34,Annual,8,False,Upsell,1640577.63
CLT0234,2023-11,Mid-Market,UK & Ireland,Fintech,29,2,Voice|SMS,135043.48,70857.5,0.525,2372775,0.0264,7.4,3,51,Annual,8,False,Nurture,1663303.53
CLT0235,2023-01,Mid-Market,Nordics,Healthcare,21,3,Voice|SMS|Verification,308104.0,147411.12,0.478,5071128,0.0,8.3,3,56,Annual,7,False,Nurture,3697248.0
CLT0235,2023-03,Mid-Market,Nordics,Healthcare,21,3,Voice|SMS|Verification,160106.8,87891.43,0.549,2641183,-0.4803,8.3,4,49,Annual,12,False,Retain,1921281.6
CLT0235,2023-04,Mid-Market,Nordics,Healthcare,21,3,Voice|SMS|Verification,166163.12,74493.46,0.448,2693751,0.0378,8.3,0,6,Annual,9,False,Upsell,2069329.03
CLT0235,2023-05,Mid-Market,Nordics,Healthcare,21,3,Voice|SMS|Verification,348493.4,146341.25,0.42,5602885,1.0973,8.3,3,17,Annual,9,False,Upsell,8770742.49
CLT0235,2023-06,Mid-Market,Nordics,Healthcare,21,3,Voice|SMS|Verification,172853.08,92571.09,0.536,2757356,-0.504,8.3,2,70,Annual,8,False,Retain,2074236.96
CLT0235,2023-07,Mid-Market,Nordics,Healthcare,21,3,Voice|SMS|Verification,183522.92,100828.83,0.549,2846423,0.0617,8.3,4,39,Annual,6,False,Upsell,2338155.41
CLT0235,2023-08,Mid-Market,Nordics,Healthcare,21,3,Voice|SMS|Verification,196129.04,77923.41,0.397,3032105,0.0687,8.3,1,90,Annual,9,False,Upsell,2515237.26
CLT0235,2023-09,Mid-Market,Nordics,Healthcare,21,3,Voice|SMS|Verification,203748.76,96987.96,0.476,3114663,0.0389,8.3,1,58,Annual,2,False,Upsell,2540095.04
CLT0235,2023-10,Mid-Market,Nordics,Healthcare,21,3,Voice|SMS|Verification,208091.48,90593.26,0.435,3164335,0.0213,8.3,1,86,Annual,3,False,Nurture,2550285.94
CLT0235,2023-11,Mid-Market,Nordics,Healthcare,21,3,Voice|SMS|Verification,211551.2,110114.16,0.521,3174130,0.0166,8.3,2,8,Annual,11,False,Nurture,2580755.4
CLT0236,2023-01,Mid-Market,Nordics,Retail & E-commerce,33,3,WhatsApp Business|SMS|Voice,399734.58,176257.45,0.441,2471588,0.0,8.1,3,61,Annual,6,False,Nurture,4796814.96
CLT0236,2023-03,Mid-Market,Nordics,Retail & E-commerce,33,3,WhatsApp Business|SMS|Voice,220005.62,125214.53,0.569,1344298,-0.4496,8.1,2,27,Annual,2,False,Retain,2640067.44
CLT0236,2023-04,Mid-Market,Nordics,Retail & E-commerce,33,3,WhatsApp Business|SMS|Voice,234210.99,103311.59,0.441,1446041,0.0646,8.1,1,88,Annual,4,False,Upsell,2992092.24
CLT0236,2023-05,Mid-Market,Nordics,Retail & E-commerce,33,3,WhatsApp Business|SMS|Voice,521530.29,228755.02,0.439,3254501,1.2268,8.1,1,50,Annual,9,False,Upsell,13936123.8
CLT0236,2023-06,Mid-Market,Nordics,Retail & E-commerce,33,3,WhatsApp Business|SMS|Voice,265377.86,127919.16,0.482,1562961,-0.4912,8.1,0,47,Annual,10,False,Retain,3184534.32
CLT0236,2023-07,Mid-Market,Nordics,Retail & E-commerce,33,3,WhatsApp Business|SMS|Voice,290802.79,119213.08,0.41,1695861,0.0958,8.1,3,25,Annual,2,False,Upsell,3823940.37
CLT0236,2023-08,Mid-Market,Nordics,Retail & E-commerce,33,3,WhatsApp Business|SMS|Voice,304310.26,152718.94,0.502,1746420,0.0464,8.1,5,48,Annual,12,False,Upsell,3821163.07
CLT0236,2023-09,Mid-Market,Nordics,Retail & E-commerce,33,3,WhatsApp Business|SMS|Voice,310613.18,156297.83,0.503,1764044,0.0207,8.1,1,18,Annual,7,False,Nurture,3804514.47
CLT0236,2023-10,Mid-Market,Nordics,Retail & E-commerce,33,3,WhatsApp Business|SMS|Voice,301013.98,149498.88,0.497,1771602,-0.0309,8.1,3,17,Annual,2,False,Nurture,3612167.76
CLT0236,2023-11,Mid-Market,Nordics,Retail & E-commerce,33,3,WhatsApp Business|SMS|Voice,312543.84,152007.06,0.486,1818093,0.0383,8.1,2,85,Annual,11,False,Upsell,3894171.23
CLT0237,2023-01,Enterprise,APAC,Retail & E-commerce,38,4,Email|WhatsApp Business|Voice|SMS,514512.22,246024.98,0.478,14317682,0.0,6.7,0,5,Annual,8,False,Expand,6174146.64
CLT0237,2023-03,Enterprise,APAC,Retail & E-commerce,38,4,Email|WhatsApp Business|Voice|SMS,247730.92,107541.71,0.434,6744731,-0.5185,6.7,3,38,Annual,12,False,Retain,2972771.04
CLT0237,2023-04,Enterprise,APAC,Retail & E-commerce,38,4,Email|WhatsApp Business|Voice|SMS,259536.7,106800.98,0.412,6833552,0.0477,6.7,2,11,Annual,5,False,Expand,3262999.21
CLT0237,2023-05,Enterprise,APAC,Retail & E-commerce,38,4,Email|WhatsApp Business|Voice|SMS,560283.52,238519.56,0.426,14284502,1.1588,6.7,1,34,Annual,4,False,Expand,14514480.76
CLT0237,2023-06,Enterprise,APAC,Retail & E-commerce,38,4,Email|WhatsApp Business|Voice|SMS,307621.35,167267.48,0.544,7243651,-0.451,6.7,1,1,Annual,11,False,Retain,3691456.2
CLT0237,2023-07,Enterprise,APAC,Retail & E-commerce,38,4,Email|WhatsApp Business|Voice|SMS,312107.69,139031.09,0.445,7086561,0.0146,6.7,2,16,Annual,1,False,Expand,3799973.55
CLT0237,2023-08,Enterprise,APAC,Retail & E-commerce,38,4,Email|WhatsApp Business|Voice|SMS,319636.57,141373.85,0.442,7031277,0.0241,6.7,3,50,Annual,2,False,Expand,3928077.74
CLT0237,2023-09,Enterprise,APAC,Retail & E-commerce,38,4,Email|WhatsApp Business|Voice|SMS,346503.12,168995.83,0.488,7126085,0.0841,6.7,2,36,Annual,5,False,Expand,4507728.39
CLT0237,2023-10,Enterprise,APAC,Retail & E-commerce,38,4,Email|WhatsApp Business|Voice|SMS,354842.66,195539.36,0.551,7440360,0.0241,6.7,1,46,Annual,3,False,Expand,4360732.42
CLT0237,2023-11,Enterprise,APAC,Retail & E-commerce,38,4,Email|WhatsApp Business|Voice|SMS,370486.29,200416.87,0.541,7005626,0.0441,6.7,4,76,Annual,10,False,Expand,4641896.82
CLT0238,2023-01,Enterprise,Southern Europe,Technology & SaaS,36,4,Verification|SMS|Email|Voice,342271.26,166086.18,0.485,24778726,0.0,9.3,1,49,Multi-year,5,False,Expand,4107255.12
CLT0238,2023-03,Enterprise,Southern Europe,Technology & SaaS,36,4,Verification|SMS|Email|Voice,178657.35,95707.29,0.536,12807640,-0.478,9.3,5,46,Multi-year,12,False,Retain,2143888.2
CLT0238,2023-04,Enterprise,Southern Europe,Technology & SaaS,36,4,Verification|SMS|Email|Voice,190399.87,96483.89,0.507,13709901,0.0657,9.3,2,60,Multi-year,5,False,Expand,2434909.7
CLT0238,2023-05,Enterprise,Southern Europe,Technology & SaaS,36,4,Verification|SMS|Email|Voice,388566.85,184695.08,0.475,27454128,1.0408,9.3,0,35,Multi-year,4,False,Expand,9515846.73
CLT0238,2023-06,Enterprise,Southern Europe,Technology & SaaS,36,4,Verification|SMS|Email|Voice,197748.51,86916.02,0.44,13016055,-0.4911,9.3,1,28,Multi-year,2,False,Retain,2372982.12
CLT0238,2023-07,Enterprise,Southern Europe,Technology & SaaS,36,4,Verification|SMS|Email|Voice,207182.84,95475.93,0.461,13683352,0.0477,9.3,2,77,Multi-year,10,False,Expand,2604785.54
CLT0238,2023-08,Enterprise,Southern Europe,Technology & SaaS,36,4,Verification|SMS|Email|Voice,208976.7,99478.34,0.476,13934453,0.0087,9.3,3,62,Multi-year,2,False,Expand,2529537.57
CLT0238,2023-09,Enterprise,Southern Europe,Technology & SaaS,36,4,Verification|SMS|Email|Voice,214155.83,107029.86,0.5,13787709,0.0248,9.3,2,16,Multi-year,11,False,Expand,2633602.74
CLT0238,2023-10,Enterprise,Southern Europe,Technology & SaaS,36,4,Verification|SMS|Email|Voice,222495.84,113039.61,0.508,13924816,0.0389,9.3,0,47,Multi-year,4,False,Expand,2773811.14
CLT0238,2023-11,Enterprise,Southern Europe,Technology & SaaS,36,4,Verification|SMS|Email|Voice,225787.13,111729.56,0.495,13432793,0.0148,9.3,0,30,Multi-year,4,False,Expand,2749545.35
CLT0239,2023-01,Mid-Market,Southern Europe,Healthcare,30,2,Verification|Voice,94559.0,44391.39,0.469,886153,0.0,7.5,2,36,Monthly,10,False,Nurture,1134708.0
CLT0239,2023-03,Mid-Market,Southern Europe,Healthcare,30,2,Verification|Voice,50580.6,19589.48,0.387,473987,-0.4651,7.5,1,58,Monthly,3,False,Retain,606967.2
CLT0239,2023-04,Mid-Market,Southern Europe,Healthcare,30,2,Verification|Voice,54109.48,20849.7,0.385,506214,0.0698,7.5,2,80,Monthly,7,False,Upsell,694635.86
CLT0239,2023-05,Mid-Market,Southern Europe,Healthcare,30,2,Verification|Voice,110129.88,60618.3,0.55,1029707,1.0353,7.5,2,79,Monthly,8,False,Upsell,2689768.14
CLT0239,2023-06,Mid-Market,Southern Europe,Healthcare,30,2,Verification|Voice,54449.2,27152.82,0.499,512119,-0.5056,7.5,2,4,Monthly,2,False,Retain,653390.4
CLT0239,2023-07,Mid-Market,Southern Europe,Healthcare,30,2,Verification|Voice,54141.4,21812.44,0.403,510208,-0.0057,7.5,0,4,Monthly,1,False,Nurture,649696.8
CLT0239,2023-08,Mid-Market,Southern Europe,Healthcare,30,2,Verification|Voice,58486.72,30068.33,0.514,545575,0.0803,7.5,0,27,Monthly,11,False,Upsell,758198.44
CLT0239,2023-09,Mid-Market,Southern Europe,Healthcare,30,2,Verification|Voice,65067.76,27448.35,0.422,607966,0.1125,7.5,2,39,Monthly,4,False,Upsell,868654.6
CLT0239,2023-10,Mid-Market,Southern Europe,Healthcare,30,2,Verification|Voice,67738.12,26809.7,0.396,632289,0.041,7.5,2,38,Monthly,5,False,Upsell,846184.6
CLT0239,2023-11,Mid-Market,Southern Europe,Healthcare,30,2,Verification|Voice,73096.4,38519.09,0.527,676112,0.0791,7.5,2,77,Monthly,10,False,Upsell,946539.9
CLT0240,2023-01,Enterprise,APAC,Technology & SaaS,42,4,Email|Verification|SMS|Voice,827569.98,428243.93,0.517,22177617,0.0,6.5,3,64,Monthly,6,False,Expand,9930839.76
CLT0240,2023-03,Enterprise,APAC,Technology & SaaS,42,4,Email|Verification|SMS|Voice,429512.64,214161.51,0.499,11339412,-0.481,6.5,1,70,Monthly,12,False,Retain,5154151.68
CLT0240,2023-04,Enterprise,APAC,Technology & SaaS,42,4,Email|Verification|SMS|Voice,445837.98,171906.38,0.386,11643701,0.038,6.5,4,46,Monthly,9,False,Expand,5553357.88
CLT0240,2023-05,Enterprise,APAC,Technology & SaaS,42,4,Email|Verification|SMS|Voice,986153.63,478163.07,0.485,25300839,1.2119,6.5,1,53,Monthly,11,False,Expand,26175278.57
CLT0240,2023-06,Enterprise,APAC,Technology & SaaS,42,4,Email|Verification|SMS|Voice,513292.83,264321.09,0.515,13099922,-0.4795,6.5,0,9,Monthly,12,False,Retain,6159513.96
CLT0240,2023-07,Enterprise,APAC,Technology & SaaS,42,4,Email|Verification|SMS|Voice,516386.22,252579.08,0.489,13176357,0.006,6.5,3,68,Monthly,9,False,Expand,6233814.45
CLT0240,2023-08,Enterprise,APAC,Technology & SaaS,42,4,Email|Verification|SMS|Voice,517734.75,212332.04,0.41,13344698,0.0026,6.5,1,65,Monthly,2,False,Expand,6228970.32
CLT0240,2023-09,Enterprise,APAC,Technology & SaaS,42,4,Email|Verification|SMS|Voice,517884.37,250133.77,0.483,13406288,0.0003,6.5,4,61,Monthly,9,False,Expand,6216476.82
CLT0240,2023-10,Enterprise,APAC,Technology & SaaS,42,4,Email|Verification|SMS|Voice,537927.1,210331.25,0.391,13622329,0.0387,6.5,2,52,Monthly,1,False,Expand,6704938.55
CLT0240,2023-11,Enterprise,APAC,Technology & SaaS,42,4,Email|Verification|SMS|Voice,542265.77,241920.34,0.446,13600492,0.0081,6.5,2,17,Monthly,2,False,Expand,6559897.47
CLT0241,2023-01,SMB,LATAM,Fintech,17,3,SMS|Voice|Verification,203219.2,86917.67,0.428,3556484,0.0,7.3,3,47,Annual,10,False,Nurture,2438630.4
CLT0241,2023-03,SMB,LATAM,Fintech,17,3,SMS|Voice|Verification,102772.64,46832.38,0.456,1774826,-0.4943,7.3,1,76,Annual,3,False,Retain,1233271.68
CLT0241,2023-04,SMB,LATAM,Fintech,17,3,SMS|Voice|Verification,104767.12,47184.14,0.45,1792218,0.0194,7.3,3,64,Annual,10,False,Nurture,1281595.23
CLT0241,2023-05,SMB,LATAM,Fintech,17,3,SMS|Voice|Verification,223706.28,102422.12,0.458,3829936,1.1353,7.3,0,33,Annual,4,False,Upsell,5732160.24
CLT0241,2023-06,SMB,LATAM,Fintech,17,3,SMS|Voice|Verification,120315.88,55076.39,0.458,2036898,-0.4622,7.3,2,59,Annual,7,False,Retain,1443790.56
CLT0241,2023-07,SMB,LATAM,Fintech,17,3,SMS|Voice|Verification,118895.64,56588.85,0.476,2038172,-0.0118,7.3,0,29,Annual,9,False,Nurture,1426747.68
CLT0241,2023-08,SMB,LATAM,Fintech,17,3,SMS|Voice|Verification,125850.88,48999.39,0.389,2140802,0.0585,7.3,0,17,Annual,8,False,Upsell,1598557.88
CLT0241,2023-09,SMB,LATAM,Fintech,17,3,SMS|Voice|Verification,128620.32,61372.45,0.477,2215766,0.022,7.3,1,37,Annual,10,False,Nurture,1577399.6
CLT0241,2023-10,SMB,LATAM,Fintech,17,3,SMS|Voice|Verification,131666.6,65259.79,0.496,2266294,0.0237,7.3,1,6,Annual,4,False,Nurture,1617445.18
CLT0241,2023-11,SMB,LATAM,Fintech,17,3,SMS|Voice|Verification,132010.52,70096.93,0.531,2241406,0.0026,7.3,1,28,Annual,2,False,Nurture,1588244.97
CLT0242,2023-01,Mid-Market,Southern Europe,Fintech,27,3,SMS|WhatsApp Business|Verification,430186.4,193851.29,0.451,6687248,0.0,7.5,2,21,Monthly,3,False,Nurture,5162236.8
CLT0242,2023-03,Mid-Market,Southern Europe,Fintech,27,3,SMS|WhatsApp Business|Verification,216377.46,108003.99,0.499,3279591,-0.497,7.5,1,24,Monthly,4,False,Retain,2596529.52
CLT0242,2023-04,Mid-Market,Southern Europe,Fintech,27,3,SMS|WhatsApp Business|Verification,219883.37,99947.02,0.455,3309172,0.0162,7.5,2,78,Monthly,6,False,Nurture,2681345.77
CLT0242,2023-05,Mid-Market,Southern Europe,Fintech,27,3,SMS|WhatsApp Business|Verification,445815.52,206431.25,0.463,6535667,1.0275,7.5,1,34,Monthly,9,False,Upsell,10846691.6
CLT0242,2023-06,Mid-Market,Southern Europe,Fintech,27,3,SMS|WhatsApp Business|Verification,219154.49,96507.16,0.44,3252496,-0.5084,7.5,1,6,Monthly,8,False,Retain,2629853.88
CLT0242,2023-07,Mid-Market,Southern Europe,Fintech,27,3,SMS|WhatsApp Business|Verification,222776.05,109275.66,0.491,3289831,0.0165,7.5,2,2,Monthly,5,False,Nurture,2717422.26
CLT0242,2023-08,Mid-Market,Southern Europe,Fintech,27,3,SMS|WhatsApp Business|Verification,220326.8,106777.6,0.485,3225488,-0.011,7.5,1,58,Monthly,4,False,Nurture,2643921.6
CLT0242,2023-09,Mid-Market,Southern Europe,Fintech,27,3,SMS|WhatsApp Business|Verification,218100.63,109041.02,0.5,3145611,-0.0101,7.5,1,88,Monthly,2,False,Nurture,2617207.56
CLT0242,2023-10,Mid-Market,Southern Europe,Fintech,27,3,SMS|WhatsApp Business|Verification,220238.12,113013.36,0.513,3177327,0.0098,7.5,3,40,Monthly,12,False,Nurture,2668757.44
CLT0242,2023-11,Mid-Market,Southern Europe,Fintech,27,3,SMS|WhatsApp Business|Verification,227105.57,106921.38,0.471,3256374,0.0312,7.5,1,68,Monthly,4,False,Upsell,2810295.17
CLT0243,2023-01,Mid-Market,Nordics,Retail & E-commerce,36,3,Voice|SMS|Email,290203.05,140323.06,0.484,8415548,0.0,7.4,3,51,Multi-year,9,False,Nurture,3482436.6
CLT0243,2023-03,Mid-Market,Nordics,Retail & E-commerce,36,3,Voice|SMS|Email,146592.64,72127.97,0.492,4252499,-0.4949,7.4,1,60,Multi-year,5,False,Retain,1759111.68
CLT0243,2023-04,Mid-Market,Nordics,Retail & E-commerce,36,3,Voice|SMS|Email,140310.73,58703.2,0.418,4057231,-0.0429,7.4,2,59,Multi-year,8,False,Nurture,1683728.76
CLT0243,2023-05,Mid-Market,Nordics,Retail & E-commerce,36,3,Voice|SMS|Email,275490.35,120251.45,0.436,8139967,0.9634,7.4,0,64,Multi-year,5,False,Upsell,6490773.04
CLT0243,2023-06,Mid-Market,Nordics,Retail & E-commerce,36,3,Voice|SMS|Email,138586.23,60605.72,0.437,4117743,-0.4969,7.4,1,1,Multi-year,8,False,Retain,1663034.76
CLT0243,2023-07,Mid-Market,Nordics,Retail & E-commerce,36,3,Voice|SMS|Email,136239.98,53972.91,0.396,3996376,-0.0169,7.4,2,3,Multi-year,4,False,Nurture,1634879.76
CLT0243,2023-08,Mid-Market,Nordics,Retail & E-commerce,36,3,Voice|SMS|Email,137356.37,62958.08,0.458,4192089,0.0082,7.4,1,52,Multi-year,7,False,Nurture,1661792.31
CLT0243,2023-09,Mid-Market,Nordics,Retail & E-commerce,36,3,Voice|SMS|Email,143465.71,72272.46,0.504,4248262,0.0445,7.4,0,53,Multi-year,6,False,Upsell,1798199.21
CLT0243,2023-10,Mid-Market,Nordics,Retail & E-commerce,36,3,Voice|SMS|Email,141791.9,71048.69,0.501,4163323,-0.0117,7.4,2,52,Multi-year,1,False,Nurture,1701502.8
CLT0243,2023-11,Mid-Market,Nordics,Retail & E-commerce,36,3,Voice|SMS|Email,140621.61,69348.15,0.493,4139554,-0.0083,7.4,2,1,Multi-year,11,False,Nurture,1687459.32
CLT0244,2023-01,SMB,DACH,Healthcare,15,1,Verification,67586.32,30417.37,0.45,844829,0.0,7.1,3,58,Annual,7,False,Nurture,811035.84
CLT0244,2023-03,SMB,DACH,Healthcare,15,1,Verification,35974.32,14037.93,0.39,449679,-0.4677,7.1,1,18,Annual,3,False,Retain,431691.84
CLT0244,2023-04,SMB,DACH,Healthcare,15,1,Verification,37403.36,19620.95,0.525,467542,0.0397,7.1,1,71,Annual,3,False,Upsell,466659.28
CLT0244,2023-05,SMB,DACH,Healthcare,15,1,Verification,75611.36,32643.11,0.432,945142,1.0215,7.1,2,16,Annual,3,False,Upsell,1834180.37
CLT0244,2023-06,SMB,DACH,Healthcare,15,1,Verification,38432.88,13999.3,0.364,480411,-0.4917,7.1,2,88,Annual,11,False,Retain,461194.56
CLT0244,2023-07,SMB,DACH,Healthcare,15,1,Verification,37683.36,21434.14,0.569,471042,-0.0195,7.1,2,69,Annual,3,False,Nurture,452200.32
CLT0244,2023-08,SMB,DACH,Healthcare,15,1,Verification,39948.24,18198.9,0.456,499353,0.0601,7.1,2,16,Annual,10,False,Upsell,508189.55
CLT0244,2023-09,SMB,DACH,Healthcare,15,1,Verification,38773.52,13773.68,0.355,484669,-0.0294,7.1,3,28,Annual,9,False,Nurture,465282.24
CLT0244,2023-10,SMB,DACH,Healthcare,15,1,Verification,38963.92,20341.01,0.522,487049,0.0049,7.1,3,54,Annual,9,False,Nurture,469858.12
CLT0244,2023-11,SMB,DACH,Healthcare,15,1,Verification,38466.16,15079.61,0.392,480827,-0.0128,7.1,1,22,Annual,8,False,Nurture,461593.92
CLT0245,2023-01,SMB,DACH,Retail & E-commerce,3,2,Email|SMS,96769.79,53637.59,0.554,2538845,0.0,6.2,1,72,Monthly,5,False,Nurture,1161237.48
CLT0245,2023-03,SMB,DACH,Retail & E-commerce,3,2,Email|SMS,46902.51,22867.51,0.488,1234027,-0.5153,6.2,3,57,Monthly,3,False,Retain,562830.12
CLT0245,2023-04,SMB,DACH,Retail & E-commerce,3,2,Email|SMS,48322.75,18884.09,0.391,1272159,0.0303,6.2,3,55,Monthly,5,False,Nurture,597443.15
CLT0245,2023-05,SMB,DACH,Retail & E-commerce,3,2,Email|SMS,98671.58,49711.58,0.504,2587306,1.0419,6.2,2,28,Monthly,10,False,Nurture,2417729.99
CLT0245,2023-06,SMB,DACH,Retail & E-commerce,3,2,Email|SMS,50888.49,19978.24,0.393,1339365,-0.4843,6.2,2,27,Monthly,4,False,Retain,610661.88
CLT0245,2023-07,SMB,DACH,Retail & E-commerce,3,2,Email|SMS,52173.87,28370.52,0.544,1369908,0.0253,6.2,3,2,Monthly,5,False,Nurture,641926.43
CLT0245,2023-08,SMB,DACH,Retail & E-commerce,3,2,Email|SMS,51638.32,27906.76,0.54,1361119,-0.0103,6.2,2,47,Monthly,11,False,Nurture,619659.84
CLT0245,2023-09,SMB,DACH,Retail & E-commerce,3,2,Email|SMS,52437.04,19245.29,0.367,1379953,0.0155,6.2,2,76,Monthly,7,False,Nurture,638997.77
CLT0245,2023-10,SMB,DACH,Retail & E-commerce,3,2,Email|SMS,50818.08,23500.59,0.462,1335300,-0.0309,6.2,3,73,Monthly,3,False,Nurture,609816.96
CLT0245,2023-11,SMB,DACH,Retail & E-commerce,3,2,Email|SMS,53736.54,26013.43,0.484,1407103,0.0574,6.2,1,85,Monthly,1,False,Nurture,681852.21
CLT0246,2023-01,Mid-Market,Nordics,Healthcare,20,3,Verification|Voice|SMS,301211.28,138346.21,0.459,5372947,0.0,7.5,3,52,Multi-year,7,False,Nurture,3614535.36
CLT0246,2023-03,Mid-Market,Nordics,Healthcare,20,3,Verification|Voice|SMS,154166.48,61802.87,0.401,2742681,-0.4882,7.5,0,85,Multi-year,7,False,Retain,1849997.76
CLT0246,2023-04,Mid-Market,Nordics,Healthcare,20,3,Verification|Voice|SMS,163583.8,67753.78,0.414,2931112,0.0611,7.5,3,5,Multi-year,5,False,Upsell,2082945.24
CLT0246,2023-05,Mid-Market,Nordics,Healthcare,20,3,Verification|Voice|SMS,337056.6,170822.34,0.507,6043784,1.0605,7.5,1,70,Multi-year,6,False,Upsell,8334061.49
CLT0246,2023-06,Mid-Market,Nordics,Healthcare,20,3,Verification|Voice|SMS,168802.96,88321.19,0.523,3034613,-0.4992,7.5,4,30,Multi-year,2,False,Retain,2025635.52
CLT0246,2023-07,Mid-Market,Nordics,Healthcare,20,3,Verification|Voice|SMS,170399.32,92383.09,0.542,3037639,0.0095,7.5,2,24,Multi-year,4,False,Nurture,2064217.36
CLT0246,2023-08,Mid-Market,Nordics,Healthcare,20,3,Verification|Voice|SMS,168496.48,76897.4,0.456,2960309,-0.0112,7.5,3,33,Multi-year,11,False,Nurture,2021957.76
CLT0246,2023-09,Mid-Market,Nordics,Healthcare,20,3,Verification|Voice|SMS,170314.0,79586.4,0.467,2952591,0.0108,7.5,2,34,Multi-year,4,False,Nurture,2065840.69
CLT0246,2023-10,Mid-Market,Nordics,Healthcare,20,3,Verification|Voice|SMS,176371.52,94168.44,0.534,3054695,0.0356,7.5,1,44,Multi-year,9,False,Upsell,2191804.15
CLT0246,2023-11,Mid-Market,Nordics,Healthcare,20,3,Verification|Voice|SMS,176175.04,91562.45,0.52,3065552,-0.0011,7.5,2,36,Multi-year,10,False,Nurture,2114100.48
CLT0247,2023-01,Mid-Market,APAC,Retail & E-commerce,8,2,Email|SMS,209710.81,109995.86,0.525,10763560,0.0,6.8,3,72,Monthly,2,False,Nurture,2516529.72
CLT0247,2023-03,Mid-Market,APAC,Retail & E-commerce,8,2,Email|SMS,106631.35,58940.05,0.553,5456801,-0.4915,6.8,3,15,Monthly,9,False,Retain,1279576.2
CLT0247,2023-04,Mid-Market,APAC,Retail & E-commerce,8,2,Email|SMS,101354.15,39251.52,0.387,5605046,-0.0495,6.8,1,85,Monthly,5,False,Nurture,1216249.8
CLT0247,2023-05,Mid-Market,APAC,Retail & E-commerce,8,2,Email|SMS,198935.98,106952.52,0.538,11370750,0.9628,6.8,1,56,Monthly,6,False,Nurture,4685658.5
CLT0247,2023-06,Mid-Market,APAC,Retail & E-commerce,8,2,Email|SMS,101133.75,49746.0,0.492,5816396,-0.4916,6.8,1,13,Monthly,3,False,Retain,1213605.0
CLT0247,2023-07,Mid-Market,APAC,Retail & E-commerce,8,2,Email|SMS,105366.45,59849.37,0.568,6063063,0.0419,6.8,6,34,Monthly,3,False,Retain,1317375.65
CLT0247,2023-08,Mid-Market,APAC,Retail & E-commerce,8,2,Email|SMS,105283.04,54166.57,0.514,6237818,-0.0008,6.8,3,16,Monthly,1,False,Nurture,1263396.48
CLT0247,2023-09,Mid-Market,APAC,Retail & E-commerce,8,2,Email|SMS,106537.98,47592.54,0.447,6351375,0.0119,6.8,2,50,Monthly,12,False,Nurture,1293669.38
CLT0247,2023-10,Mid-Market,APAC,Retail & E-commerce,8,2,Email|SMS,104319.08,40443.61,0.388,6001877,-0.0208,6.8,1,31,Monthly,8,False,Nurture,1251828.96
CLT0247,2023-11,Mid-Market,APAC,Retail & E-commerce,8,2,Email|SMS,100669.89,39712.6,0.394,5962177,-0.035,6.8,0,72,Monthly,11,False,Nurture,1208038.68
CLT0248,2023-01,SMB,UK & Ireland,Technology & SaaS,4,1,SMS,53379.6,24484.29,0.459,1334490,0.0,6.2,3,52,Monthly,8,True,Retain,640555.2
CLT0248,2023-03,SMB,UK & Ireland,Technology & SaaS,4,1,SMS,24984.6,11887.47,0.476,624615,-0.5319,6.2,3,34,Monthly,5,True,Retain,299815.2
CLT0248,2023-04,SMB,UK & Ireland,Technology & SaaS,4,1,SMS,23034.48,8699.37,0.378,575862,-0.0781,6.2,4,173,Monthly,12,True,Retain,276413.76
CLT0248,2023-05,SMB,UK & Ireland,Technology & SaaS,4,1,SMS,40057.0,21013.89,0.525,1001425,0.739,6.2,2,87,Monthly,7,True,Retain,835909.48
CLT0248,2023-06,SMB,UK & Ireland,Technology & SaaS,4,1,SMS,18479.92,10409.87,0.563,461998,-0.5387,6.2,3,94,Monthly,11,True,Retain,221759.04
CLT0248,2023-07,SMB,UK & Ireland,Technology & SaaS,4,1,SMS,17906.12,9146.68,0.511,447653,-0.031,6.2,5,165,Monthly,2,True,Retain,214873.44
CLT0248,2023-08,SMB,UK & Ireland,Technology & SaaS,4,1,SMS,18286.4,8873.56,0.485,457160,0.0212,6.2,4,51,Monthly,12,True,Retain,224088.86
CLT0248,2023-09,SMB,UK & Ireland,Technology & SaaS,4,1,SMS,15744.92,6687.29,0.425,393623,-0.139,6.2,5,135,Monthly,12,True,Retain,188939.04
CLT0248,2023-10,SMB,UK & Ireland,Technology & SaaS,4,1,SMS,14464.72,7452.01,0.515,361618,-0.0813,6.2,3,116,Monthly,10,True,Retain,173576.64
CLT0248,2023-11,SMB,UK & Ireland,Technology & SaaS,4,1,SMS,13572.24,5354.91,0.395,339306,-0.0617,6.2,5,119,Monthly,6,True,Retain,162866.88
CLT0249,2023-01,Mid-Market,UK & Ireland,Retail & E-commerce,12,2,Email|SMS,68880.93,33302.2,0.483,2422620,0.0,6.1,6,71,Monthly,11,False,Retain,826571.16
CLT0249,2023-03,Mid-Market,UK & Ireland,Retail & E-commerce,12,2,Email|SMS,36347.45,21057.63,0.579,1305678,-0.4723,6.1,4,48,Monthly,10,False,Retain,436169.4
CLT0249,2023-04,Mid-Market,UK & Ireland,Retail & E-commerce,12,2,Email|SMS,38439.4,16769.31,0.436,1383694,0.0576,6.1,1,34,Monthly,3,False,Nurture,487842.11
CLT0249,2023-05,Mid-Market,UK & Ireland,Retail & E-commerce,12,2,Email|SMS,76823.21,32222.49,0.419,2835869,0.9986,6.1,1,10,Monthly,10,False,Nurture,1842466.41
CLT0249,2023-06,Mid-Market,UK & Ireland,Retail & E-commerce,12,2,Email|SMS,36690.37,16797.74,0.458,1406030,-0.5224,6.1,1,32,Monthly,8,False,Retain,440284.44
CLT0249,2023-07,Mid-Market,UK & Ireland,Retail & E-commerce,12,2,Email|SMS,36322.83,18134.45,0.499,1446340,-0.01,6.1,0,74,Monthly,4,False,Nurture,435873.96
CLT0249,2023-08,Mid-Market,UK & Ireland,Retail & E-commerce,12,2,Email|SMS,36147.86,19638.73,0.543,1450904,-0.0048,6.1,2,14,Monthly,4,False,Nurture,433774.32
CLT0249,2023-09,Mid-Market,UK & Ireland,Retail & E-commerce,12,2,Email|SMS,37526.8,19922.6,0.531,1525413,0.0381,6.1,1,53,Monthly,4,False,Nurture,467478.85
CLT0249,2023-10,Mid-Market,UK & Ireland,Retail & E-commerce,12,2,Email|SMS,38368.46,21239.28,0.554,1572281,0.0224,6.1,0,89,Monthly,7,False,Nurture,470734.96
CLT0249,2023-11,Mid-Market,UK & Ireland,Retail & E-commerce,12,2,Email|SMS,38640.05,18890.0,0.489,1596765,0.0071,6.1,2,44,Monthly,10,False,Nurture,466972.73
CLT0250,2023-01,Mid-Market,North America,Logistics,21,3,SMS|Voice|WhatsApp Business,467994.02,213829.51,0.457,5201218,0.0,7.5,2,64,Multi-year,3,False,Nurture,5615928.24
CLT0250,2023-03,Mid-Market,North America,Logistics,21,3,SMS|Voice|WhatsApp Business,240042.24,131275.45,0.547,2480218,-0.4871,7.5,4,63,Multi-year,7,False,Retain,2880506.88
CLT0250,2023-04,Mid-Market,North America,Logistics,21,3,SMS|Voice|WhatsApp Business,240244.21,111461.23,0.464,2511749,0.0008,7.5,1,60,Multi-year,7,False,Nurture,2885236.86
CLT0250,2023-05,Mid-Market,North America,Logistics,21,3,SMS|Voice|WhatsApp Business,501386.71,250923.84,0.5,5196131,1.087,7.5,2,67,Multi-year,8,False,Upsell,12556728.77
CLT0250,2023-06,Mid-Market,North America,Logistics,21,3,SMS|Voice|WhatsApp Business,260550.63,121004.88,0.464,2627312,-0.4803,7.5,0,61,Multi-year,8,False,Retain,3126607.56
CLT0250,2023-07,Mid-Market,North America,Logistics,21,3,SMS|Voice|WhatsApp Business,259933.2,119615.22,0.46,2689402,-0.0024,7.5,2,47,Multi-year,10,False,Nurture,3119198.4
CLT0250,2023-08,Mid-Market,North America,Logistics,21,3,SMS|Voice|WhatsApp Business,249455.53,112088.14,0.449,2625223,-0.0403,7.5,2,27,Multi-year,6,False,Nurture,2993466.36
CLT0250,2023-09,Mid-Market,North America,Logistics,21,3,SMS|Voice|WhatsApp Business,251984.2,128591.93,0.51,2685170,0.0101,7.5,2,72,Multi-year,7,False,Nurture,3054350.89
CLT0250,2023-10,Mid-Market,North America,Logistics,21,3,SMS|Voice|WhatsApp Business,262963.72,127136.25,0.483,2795823,0.0436,7.5,3,10,Multi-year,4,False,Upsell,3293147.26
CLT0250,2023-11,Mid-Market,North America,Logistics,21,3,SMS|Voice|WhatsApp Business,258738.28,114075.97,0.441,2776764,-0.0161,7.5,2,40,Multi-year,2,False,Nurture,3104859.36
CLT0251,2023-01,SMB,UK & Ireland,Technology & SaaS,16,2,Verification|Email,54608.51,26015.48,0.476,4891687,0.0,8.1,1,63,Annual,5,False,Nurture,655302.12
CLT0251,2023-03,SMB,UK & Ireland,Technology & SaaS,16,2,Verification|Email,28006.81,14350.09,0.512,2526601,-0.4871,8.1,0,77,Annual,2,False,Retain,336081.72
CLT0251,2023-04,SMB,UK & Ireland,Technology & SaaS,16,2,Verification|Email,28282.37,12035.28,0.426,2627285,0.0098,8.1,2,75,Annual,6,False,Nurture,342714.45
CLT0251,2023-05,SMB,UK & Ireland,Technology & SaaS,16,2,Verification|Email,55437.79,25507.2,0.46,5070727,0.9602,8.1,2,29,Annual,9,False,Upsell,1304029.87
CLT0251,2023-06,SMB,UK & Ireland,Technology & SaaS,16,2,Verification|Email,27083.62,11472.45,0.424,2564204,-0.5115,8.1,1,4,Annual,9,False,Retain,325003.44
CLT0251,2023-07,SMB,UK & Ireland,Technology & SaaS,16,2,Verification|Email,28446.07,15905.24,0.559,2675233,0.0503,8.1,0,84,Annual,9,False,Upsell,358522.89
CLT0251,2023-08,SMB,UK & Ireland,Technology & SaaS,16,2,Verification|Email,29022.33,10284.94,0.354,2810316,0.0203,8.1,4,39,Annual,3,False,Nurture,355337.8
CLT0251,2023-09,SMB,UK & Ireland,Technology & SaaS,16,2,Verification|Email,29908.23,15123.92,0.506,3000247,0.0305,8.1,1,56,Annual,8,False,Upsell,369845.17
CLT0251,2023-10,SMB,UK & Ireland,Technology & SaaS,16,2,Verification|Email,31333.24,17126.66,0.547,3038003,0.0476,8.1,1,17,Annual,4,False,Upsell,393896.43
CLT0251,2023-11,SMB,UK & Ireland,Technology & SaaS,16,2,Verification|Email,31028.19,11726.28,0.378,3187772,-0.0097,8.1,2,26,Annual,10,False,Nurture,372338.28
CLT0252,2023-01,SMB,UK & Ireland,Fintech,2,2,SMS|Verification,69375.48,30201.56,0.435,1697260,0.0,6.0,3,33,Annual,11,True,Retain,832505.76
CLT0252,2023-03,SMB,UK & Ireland,Fintech,2,2,SMS|Verification,33983.64,18854.13,0.555,830984,-0.5101,6.0,2,155,Annual,7,True,Retain,407803.68
CLT0252,2023-04,SMB,UK & Ireland,Fintech,2,2,SMS|Verification,33434.8,16133.1,0.483,818476,-0.0162,6.0,6,59,Annual,6,True,Retain,401217.6
CLT0252,2023-05,SMB,UK & Ireland,Fintech,2,2,SMS|Verification,62669.48,32357.12,0.516,1534751,0.8744,6.0,5,37,Annual,1,True,Retain,1409612.08
CLT0252,2023-06,SMB,UK & Ireland,Fintech,2,2,SMS|Verification,27528.4,11572.19,0.42,673508,-0.5607,6.0,3,54,Annual,2,True,Retain,330340.8
CLT0252,2023-07,SMB,UK & Ireland,Fintech,2,2,SMS|Verification,26711.12,15030.02,0.563,654191,-0.0297,6.0,7,50,Annual,4,True,Retain,320533.44
CLT0252,2023-08,SMB,UK & Ireland,Fintech,2,2,SMS|Verification,24089.92,14273.79,0.593,589645,-0.0981,6.0,3,57,Annual,6,True,Retain,289079.04
CLT0252,2023-09,SMB,UK & Ireland,Fintech,2,2,SMS|Verification,24089.84,11773.32,0.489,590082,-0.0,6.0,2,108,Annual,9,True,Retain,289078.08
CLT0252,2023-10,SMB,UK & Ireland,Fintech,2,2,SMS|Verification,24184.4,11092.51,0.459,592169,0.0039,6.0,2,30,Annual,5,True,Retain,291344.63
CLT0252,2023-11,SMB,UK & Ireland,Fintech,2,2,SMS|Verification,23625.56,13322.45,0.564,579779,-0.0231,6.0,6,102,Annual,3,True,Retain,283506.72
CLT0253,2023-01,SMB,North America,Gaming & Entertainment,13,2,Email|Verification,65636.51,37328.74,0.569,2769156,0.0,5.8,3,26,Monthly,7,False,Retain,787638.12
CLT0253,2023-03,SMB,North America,Gaming & Entertainment,13,2,Email|Verification,33192.88,16561.19,0.499,1413131,-0.4943,5.8,2,33,Monthly,8,False,Retain,398314.56
CLT0253,2023-04,SMB,North America,Gaming & Entertainment,13,2,Email|Verification,33861.08,16379.86,0.484,1389241,0.0201,5.8,3,80,Monthly,3,False,Retain,414500.25
CLT0253,2023-05,SMB,North America,Gaming & Entertainment,13,2,Email|Verification,74205.59,35700.29,0.481,2746106,1.1915,5.8,3,10,Monthly,5,False,Retain,1951458.61
CLT0253,2023-06,SMB,North America,Gaming & Entertainment,13,2,Email|Verification,40769.06,21986.27,0.539,1482336,-0.4506,5.8,3,75,Monthly,10,False,Retain,489228.72
CLT0253,2023-07,SMB,North America,Gaming & Entertainment,13,2,Email|Verification,42609.64,15919.42,0.374,1522613,0.0451,5.8,3,2,Monthly,2,False,Retain,534376.02
CLT0253,2023-08,SMB,North America,Gaming & Entertainment,13,2,Email|Verification,45003.52,23132.64,0.514,1551944,0.0562,5.8,2,1,Monthly,12,False,Retain,570392.61
CLT0253,2023-09,SMB,North America,Gaming & Entertainment,13,2,Email|Verification,45490.7,19287.67,0.424,1565529,0.0108,5.8,0,68,Monthly,7,False,Retain,551783.99
CLT0253,2023-10,SMB,North America,Gaming & Entertainment,13,2,Email|Verification,46986.22,20902.19,0.445,1631878,0.0329,5.8,4,13,Monthly,7,False,Retain,582384.8
CLT0253,2023-11,SMB,North America,Gaming & Entertainment,13,2,Email|Verification,48853.0,25342.69,0.519,1609505,0.0397,5.8,0,33,Monthly,8,False,Retain,609509.57
CLT0254,2023-01,Mid-Market,North America,Technology & SaaS,36,2,Email|Voice,76544.02,39360.26,0.514,2112116,0.0,7.0,3,78,Annual,1,False,Nurture,918528.24
CLT0254,2023-03,Mid-Market,North America,Technology & SaaS,36,2,Email|Voice,38227.61,21081.04,0.551,1063084,-0.5006,7.0,2,40,Annual,11,False,Retain,458731.32
CLT0254,2023-04,Mid-Market,North America,Technology & SaaS,36,2,Email|Voice,37917.04,14471.06,0.382,1053845,-0.0081,7.0,2,85,Annual,10,False,Nurture,455004.48
CLT0254,2023-05,Mid-Market,North America,Technology & SaaS,36,2,Email|Voice,79085.07,34230.73,0.433,2365740,1.0857,7.0,2,74,Annual,2,False,Upsell,1979372.77
CLT0254,2023-06,Mid-Market,North America,Technology & SaaS,36,2,Email|Voice,37723.72,18705.15,0.496,1205208,-0.523,7.0,1,44,Annual,8,False,Retain,452684.64
CLT0254,2023-07,Mid-Market,North America,Technology & SaaS,36,2,Email|Voice,39770.98,22352.59,0.562,1219450,0.0543,7.0,3,29,Annual,9,False,Upsell,503166.53
CLT0254,2023-08,Mid-Market,North America,Technology & SaaS,36,2,Email|Voice,39954.23,16287.64,0.408,1210423,0.0046,7.0,3,85,Annual,1,False,Nurture,481656.23
CLT0254,2023-09,Mid-Market,North America,Technology & SaaS,36,2,Email|Voice,41264.94,23633.75,0.573,1222164,0.0328,7.0,3,49,Annual,8,False,Upsell,511421.16
CLT0254,2023-10,Mid-Market,North America,Technology & SaaS,36,2,Email|Voice,44412.98,24260.9,0.546,1264099,0.0763,7.0,2,79,Annual,10,False,Upsell,573620.28
CLT0254,2023-11,Mid-Market,North America,Technology & SaaS,36,2,Email|Voice,43048.82,17738.41,0.412,1190998,-0.0307,7.0,0,49,Annual,8,False,Nurture,516585.84
CLT0255,2023-01,Mid-Market,UK & Ireland,Fintech,35,2,Verification|Voice,129909.12,56147.34,0.432,1289794,0.0,6.2,0,86,Annual,4,False,Nurture,1558909.44
CLT0255,2023-03,Mid-Market,UK & Ireland,Fintech,35,2,Verification|Voice,67525.72,30013.13,0.444,657509,-0.4802,6.2,4,50,Annual,8,False,Retain,810308.64
CLT0255,2023-04,Mid-Market,UK & Ireland,Fintech,35,2,Verification|Voice,66319.04,35884.31,0.541,646157,-0.0179,6.2,4,24,Annual,1,False,Nurture,795828.48
CLT0255,2023-05,Mid-Market,UK & Ireland,Fintech,35,2,Verification|Voice,135632.52,58944.25,0.435,1325591,1.0452,6.2,4,75,Annual,11,False,Nurture,3328747.56
CLT0255,2023-06,Mid-Market,UK & Ireland,Fintech,35,2,Verification|Voice,71128.0,26533.05,0.373,693696,-0.4756,6.2,4,51,Annual,2,False,Retain,853536.0
CLT0255,2023-07,Mid-Market,UK & Ireland,Fintech,35,2,Verification|Voice,71371.44,36679.95,0.514,694081,0.0034,6.2,3,6,Annual,3,False,Nurture,859369.23
CLT0255,2023-08,Mid-Market,UK & Ireland,Fintech,35,2,Verification|Voice,74159.0,43530.96,0.587,714579,0.0391,6.2,2,25,Annual,8,False,Nurture,924703.4
CLT0255,2023-09,Mid-Market,UK & Ireland,Fintech,35,2,Verification|Voice,77310.44,32712.71,0.423,745623,0.0425,6.2,3,24,Annual,7,False,Nurture,967153.6
CLT0255,2023-10,Mid-Market,UK & Ireland,Fintech,35,2,Verification|Voice,78592.32,39203.94,0.499,754161,0.0166,6.2,2,40,Annual,4,False,Nurture,958763.43
CLT0255,2023-11,Mid-Market,UK & Ireland,Fintech,35,2,Verification|Voice,82293.68,36704.05,0.446,786048,0.0471,6.2,1,87,Annual,3,False,Nurture,1034036.55
CLT0256,2023-01,SMB,LATAM,Healthcare,4,1,SMS,20591.52,10926.12,0.531,514788,0.0,6.1,2,8,Monthly,6,False,Nurture,247098.24
CLT0256,2023-03,SMB,LATAM,Healthcare,4,1,SMS,10876.48,3815.81,0.351,271912,-0.4718,6.1,3,66,Monthly,7,False,Retain,130517.76
CLT0256,2023-04,SMB,LATAM,Healthcare,4,1,SMS,11587.6,4777.38,0.412,289690,0.0654,6.1,2,73,Monthly,10,False,Nurture,148145.15
CLT0256,2023-05,SMB,LATAM,Healthcare,4,1,SMS,25207.52,9806.04,0.389,630188,1.1754,6.1,2,57,Monthly,3,False,Nurture,658037.27
CLT0256,2023-06,SMB,LATAM,Healthcare,4,1,SMS,12819.4,4779.73,0.373,320485,-0.4914,6.1,1,35,Monthly,6,False,Retain,153832.8
CLT0256,2023-07,SMB,LATAM,Healthcare,4,1,SMS,13906.4,7888.13,0.567,347660,0.0848,6.1,3,80,Monthly,8,False,Nurture,181027.95
CLT0256,2023-08,SMB,LATAM,Healthcare,4,1,SMS,15093.92,8789.55,0.582,377348,0.0854,6.1,1,14,Monthly,11,False,Nurture,196595.29
CLT0256,2023-09,SMB,LATAM,Healthcare,4,1,SMS,15580.64,8488.07,0.545,389516,0.0322,6.1,0,83,Monthly,6,False,Nurture,192988.04
CLT0256,2023-10,SMB,LATAM,Healthcare,4,1,SMS,15732.04,6437.66,0.409,393301,0.0097,6.1,2,47,Monthly,11,False,Nurture,190615.69
CLT0256,2023-11,SMB,LATAM,Healthcare,4,1,SMS,16948.8,9232.02,0.545,423720,0.0773,6.1,4,57,Monthly,10,False,Nurture,219107.31
CLT0257,2023-01,Enterprise,DACH,Retail & E-commerce,45,3,Voice|SMS|Email,233228.14,107548.85,0.461,7303444,0.0,8.2,0,26,Multi-year,3,False,Expand,2798737.68
CLT0257,2023-03,Enterprise,DACH,Retail & E-commerce,45,3,Voice|SMS|Email,112099.69,61838.92,0.552,3604062,-0.5194,8.2,1,63,Multi-year,8,False,Retain,1345196.28
CLT0257,2023-04,Enterprise,DACH,Retail & E-commerce,45,3,Voice|SMS|Email,116581.52,47753.35,0.41,3754573,0.04,8.2,1,1,Multi-year,2,False,Upsell,1454937.37
CLT0257,2023-05,Enterprise,DACH,Retail & E-commerce,45,3,Voice|SMS|Email,250253.03,108607.25,0.434,7956735,1.1466,8.2,2,15,Multi-year,11,False,Upsell,6446317.85
CLT0257,2023-06,Enterprise,DACH,Retail & E-commerce,45,3,Voice|SMS|Email,127451.18,58227.55,0.457,4040664,-0.4907,8.2,3,43,Multi-year,5,False,Retain,1529414.16
CLT0257,2023-07,Enterprise,DACH,Retail & E-commerce,45,3,Voice|SMS|Email,124501.94,60206.23,0.484,4027373,-0.0231,8.2,2,87,Multi-year,10,False,Nurture,1494023.28
CLT0257,2023-08,Enterprise,DACH,Retail & E-commerce,45,3,Voice|SMS|Email,124464.13,59268.97,0.476,4102742,-0.0003,8.2,2,13,Multi-year,8,False,Nurture,1493569.56
CLT0257,2023-09,Enterprise,DACH,Retail & E-commerce,45,3,Voice|SMS|Email,127411.97,52950.34,0.416,4194759,0.0237,8.2,0,87,Multi-year,8,False,Expand,1565179.6
CLT0257,2023-10,Enterprise,DACH,Retail & E-commerce,45,3,Voice|SMS|Email,130284.79,67740.79,0.52,4251148,0.0225,8.2,0,27,Multi-year,11,False,Expand,1598594.37
CLT0257,2023-11,Enterprise,DACH,Retail & E-commerce,45,3,Voice|SMS|Email,124930.26,61578.51,0.493,4132852,-0.0411,8.2,1,24,Multi-year,12,False,Nurture,1499163.12
CLT0258,2023-01,Mid-Market,APAC,Fintech,36,3,SMS|WhatsApp Business|Verification,448710.54,209248.69,0.466,4178692,0.0,7.4,3,53,Annual,1,False,Nurture,5384526.48
CLT0258,2023-03,Mid-Market,APAC,Fintech,36,3,SMS|WhatsApp Business|Verification,223723.33,94846.35,0.424,2143490,-0.5014,7.4,1,76,Annual,7,False,Retain,2684679.96
CLT0258,2023-04,Mid-Market,APAC,Fintech,36,3,SMS|WhatsApp Business|Verification,229005.7,122453.66,0.535,2201357,0.0236,7.4,2,66,Annual,6,False,Nurture,2812922.81
CLT0258,2023-05,Mid-Market,APAC,Fintech,36,3,SMS|WhatsApp Business|Verification,465439.96,203367.98,0.437,4450629,1.0324,7.4,1,53,Annual,9,False,Upsell,11351522.1
CLT0258,2023-06,Mid-Market,APAC,Fintech,36,3,SMS|WhatsApp Business|Verification,231354.28,106333.39,0.46,2260067,-0.5029,7.4,1,71,Annual,12,False,Retain,2776251.36
CLT0258,2023-07,Mid-Market,APAC,Fintech,36,3,SMS|WhatsApp Business|Verification,226041.34,112230.53,0.497,2235571,-0.023,7.4,2,69,Annual,11,False,Nurture,2712496.08
CLT0258,2023-08,Mid-Market,APAC,Fintech,36,3,SMS|WhatsApp Business|Verification,237386.15,118107.99,0.498,2299013,0.0502,7.4,2,88,Annual,9,False,Upsell,2991635.22
CLT0258,2023-09,Mid-Market,APAC,Fintech,36,3,SMS|WhatsApp Business|Verification,239328.66,97809.16,0.409,2310470,0.0082,7.4,2,54,Annual,2,False,Nurture,2895493.86
CLT0258,2023-10,Mid-Market,APAC,Fintech,36,3,SMS|WhatsApp Business|Verification,232628.86,111266.06,0.478,2279032,-0.028,7.4,0,5,Annual,9,False,Nurture,2791546.32
CLT0258,2023-11,Mid-Market,APAC,Fintech,36,3,SMS|WhatsApp Business|Verification,228294.89,102332.24,0.448,2174120,-0.0186,7.4,2,44,Annual,11,False,Nurture,2739538.68
CLT0259,2023-01,Enterprise,APAC,Technology & SaaS,22,3,Email|SMS|Verification,550305.58,255193.91,0.464,30623449,0.0,8.5,0,78,Annual,8,False,Expand,6603666.96
CLT0259,2023-03,Enterprise,APAC,Technology & SaaS,22,3,Email|SMS|Verification,270097.15,138212.58,0.512,15841166,-0.5092,8.5,3,26,Annual,6,False,Retain,3241165.8
CLT0259,2023-04,Enterprise,APAC,Technology & SaaS,22,3,Email|SMS|Verification,273147.83,116891.07,0.428,16364999,0.0113,8.5,1,65,Annual,7,False,Expand,3314812.81
CLT0259,2023-05,Enterprise,APAC,Technology & SaaS,22,3,Email|SMS|Verification,572063.81,263861.91,0.461,32086201,1.0943,8.5,1,62,Annual,10,False,Upsell,14376878.85
CLT0259,2023-06,Enterprise,APAC,Technology & SaaS,22,3,Email|SMS|Verification,303830.27,157017.25,0.517,16605749,-0.4689,8.5,3,38,Annual,4,False,Retain,3645963.24
CLT0259,2023-07,Enterprise,APAC,Technology & SaaS,22,3,Email|SMS|Verification,315863.11,147781.59,0.468,17288164,0.0396,8.5,3,90,Annual,4,False,Upsell,3940455.47
CLT0259,2023-08,Enterprise,APAC,Technology & SaaS,22,3,Email|SMS|Verification,327824.64,125945.07,0.384,17727714,0.0379,8.5,1,53,Annual,5,False,Upsell,4082990.33
CLT0259,2023-09,Enterprise,APAC,Technology & SaaS,22,3,Email|SMS|Verification,331336.16,136533.79,0.412,17408199,0.0107,8.5,1,35,Annual,8,False,Expand,4018577.48
CLT0259,2023-10,Enterprise,APAC,Technology & SaaS,22,3,Email|SMS|Verification,341406.69,131217.76,0.384,18255521,0.0304,8.5,1,7,Annual,3,False,Upsell,4221425.44
CLT0259,2023-11,Enterprise,APAC,Technology & SaaS,22,3,Email|SMS|Verification,350456.04,174047.69,0.497,19533093,0.0265,8.5,1,49,Annual,4,False,Expand,4316917.5
CLT0260,2023-01,Mid-Market,DACH,Retail & E-commerce,28,2,Email|WhatsApp Business,180213.22,90386.4,0.502,9410565,0.0,6.8,2,20,Annual,8,False,Nurture,2162558.64
CLT0260,2023-03,Mid-Market,DACH,Retail & E-commerce,28,2,Email|WhatsApp Business,91093.68,42017.47,0.461,4742304,-0.4945,6.8,3,51,Annual,8,False,Retain,1093124.16
CLT0260,2023-04,Mid-Market,DACH,Retail & E-commerce,28,2,Email|WhatsApp Business,89737.39,47066.13,0.524,4650787,-0.0149,6.8,3,85,Annual,7,False,Nurture,1076848.68
CLT0260,2023-05,Mid-Market,DACH,Retail & E-commerce,28,2,Email|WhatsApp Business,183998.54,99901.52,0.543,9581098,1.0504,6.8,1,45,Annual,10,False,Nurture,4527247.28
CLT0260,2023-06,Mid-Market,DACH,Retail & E-commerce,28,2,Email|WhatsApp Business,95388.07,48624.19,0.51,5245622,-0.4816,6.8,4,51,Annual,5,False,Retain,1144656.84
CLT0260,2023-07,Mid-Market,DACH,Retail & E-commerce,28,2,Email|WhatsApp Business,99420.64,46723.06,0.47,5434325,0.0423,6.8,3,43,Annual,9,False,Nurture,1243513.6
CLT0260,2023-08,Mid-Market,DACH,Retail & E-commerce,28,2,Email|WhatsApp Business,97619.19,43466.75,0.445,5332691,-0.0181,6.8,2,57,Annual,11,False,Nurture,1171430.28
CLT0260,2023-09,Mid-Market,DACH,Retail & E-commerce,28,2,Email|WhatsApp Business,97769.55,40787.43,0.417,5583053,0.0015,6.8,2,50,Annual,7,False,Nurture,1174994.45
CLT0260,2023-10,Mid-Market,DACH,Retail & E-commerce,28,2,Email|WhatsApp Business,98875.06,57077.75,0.577,5687306,0.0113,6.8,4,80,Annual,5,False,Nurture,1199908.18
CLT0260,2023-11,Mid-Market,DACH,Retail & E-commerce,28,2,Email|WhatsApp Business,101798.97,43630.4,0.429,5869662,0.0296,6.8,4,75,Annual,11,False,Nurture,1257746.63
CLT0261,2023-01,SMB,Southern Europe,Technology & SaaS,13,2,Email|Verification,95390.49,51205.0,0.537,6036767,0.0,6.0,0,34,Monthly,8,False,Nurture,1144685.88
CLT0261,2023-03,SMB,Southern Europe,Technology & SaaS,13,2,Email|Verification,49937.95,21997.84,0.441,3287944,-0.4765,6.0,4,11,Monthly,6,False,Retain,599255.4
CLT0261,2023-04,SMB,Southern Europe,Technology & SaaS,13,2,Email|Verification,51773.41,26543.8,0.513,3291423,0.0368,6.0,2,46,Monthly,11,False,Nurture,644144.06
CLT0261,2023-05,SMB,Southern Europe,Technology & SaaS,13,2,Email|Verification,107387.3,58556.45,0.545,6451748,1.0742,6.0,2,31,Monthly,5,False,Nurture,2672912.85
CLT0261,2023-06,SMB,Southern Europe,Technology & SaaS,13,2,Email|Verification,58278.05,25473.59,0.437,3550510,-0.4573,6.0,2,57,Monthly,5,False,Retain,699336.6
CLT0261,2023-07,SMB,Southern Europe,Technology & SaaS,13,2,Email|Verification,59130.99,22145.37,0.375,3642198,0.0146,6.0,1,41,Monthly,11,False,Nurture,719931.63
CLT0261,2023-08,SMB,Southern Europe,Technology & SaaS,13,2,Email|Verification,61900.62,23489.21,0.379,3588250,0.0468,6.0,2,5,Monthly,12,False,Nurture,777570.83
CLT0261,2023-09,SMB,Southern Europe,Technology & SaaS,13,2,Email|Verification,64236.92,28720.06,0.447,3640098,0.0377,6.0,1,82,Monthly,3,False,Nurture,799903.82
CLT0261,2023-10,SMB,Southern Europe,Technology & SaaS,13,2,Email|Verification,64230.97,32355.31,0.504,3549974,-0.0001,6.0,1,33,Monthly,1,False,Nurture,770771.64
CLT0261,2023-11,SMB,Southern Europe,Technology & SaaS,13,2,Email|Verification,71681.71,31630.51,0.441,3749463,0.116,6.0,2,47,Monthly,4,False,Nurture,959961.46
CLT0262,2023-01,Mid-Market,Nordics,Healthcare,15,3,SMS|Verification|Voice,295876.72,153745.87,0.52,4033785,0.0,6.1,0,57,Multi-year,8,False,Nurture,3550520.64
CLT0262,2023-03,Mid-Market,Nordics,Healthcare,15,3,SMS|Verification|Voice,153501.64,83782.03,0.546,2151700,-0.4812,6.1,2,22,Multi-year,10,False,Retain,1842019.68
CLT0262,2023-04,Mid-Market,Nordics,Healthcare,15,3,SMS|Verification|Voice,153865.96,77694.64,0.505,2251954,0.0024,6.1,4,83,Multi-year,1,False,Nurture,1850822.86
CLT0262,2023-05,Mid-Market,Nordics,Healthcare,15,3,SMS|Verification|Voice,316193.2,164499.46,0.52,4730948,1.055,6.1,2,72,Multi-year,12,False,Nurture,7797324.31
CLT0262,2023-06,Mid-Market,Nordics,Healthcare,15,3,SMS|Verification|Voice,162264.68,87283.51,0.538,2446967,-0.4868,6.1,1,35,Multi-year,11,False,Retain,1947176.16
CLT0262,2023-07,Mid-Market,Nordics,Healthcare,15,3,SMS|Verification|Voice,169254.56,80306.31,0.474,2554073,0.0431,6.1,1,68,Multi-year,10,False,Nurture,2118593.18
CLT0262,2023-08,Mid-Market,Nordics,Healthcare,15,3,SMS|Verification|Voice,172284.16,80152.02,0.465,2635247,0.0179,6.1,3,51,Multi-year,6,False,Nurture,2104416.56
CLT0262,2023-09,Mid-Market,Nordics,Healthcare,15,3,SMS|Verification|Voice,180561.8,79928.36,0.443,2772245,0.048,6.1,1,30,Multi-year,11,False,Nurture,2270745.2
CLT0262,2023-10,Mid-Market,Nordics,Healthcare,15,3,SMS|Verification|Voice,183950.2,83287.51,0.453,2883587,0.0188,6.1,0,80,Multi-year,5,False,Nurture,2248901.57
CLT0262,2023-11,Mid-Market,Nordics,Healthcare,15,3,SMS|Verification|Voice,193693.96,97481.3,0.503,3060791,0.053,6.1,1,43,Multi-year,1,False,Nurture,2447516.88
CLT0263,2023-01,SMB,Nordics,Healthcare,11,2,SMS|Verification,132446.24,62000.33,0.468,2900799,0.0,5.9,4,31,Monthly,8,False,Retain,1589354.88
CLT0263,2023-03,SMB,Nordics,Healthcare,11,2,SMS|Verification,68248.96,31865.37,0.467,1490091,-0.4847,5.9,4,45,Monthly,5,False,Retain,818987.52
CLT0263,2023-04,SMB,Nordics,Healthcare,11,2,SMS|Verification,68899.16,32774.99,0.476,1509402,0.0095,5.9,4,71,Monthly,1,False,Retain,834644.42
CLT0263,2023-05,SMB,Nordics,Healthcare,11,2,SMS|Verification,146029.0,74057.96,0.507,3186771,1.1195,5.9,3,62,Monthly,9,False,Retain,3714101.59
CLT0263,2023-06,SMB,Nordics,Healthcare,11,2,SMS|Verification,74014.28,33377.72,0.451,1614504,-0.4932,5.9,2,1,Monthly,6,False,Retain,888171.36
CLT0263,2023-07,SMB,Nordics,Healthcare,11,2,SMS|Verification,76816.0,31401.74,0.409,1700791,0.0379,5.9,3,30,Monthly,9,False,Retain,956727.92
CLT0263,2023-08,SMB,Nordics,Healthcare,11,2,SMS|Verification,77794.4,40434.5,0.52,1724617,0.0127,5.9,3,28,Monthly,4,False,Retain,945388.67
CLT0263,2023-09,SMB,Nordics,Healthcare,11,2,SMS|Verification,81099.52,47391.77,0.584,1805544,0.0425,5.9,2,69,Monthly,6,False,Retain,1014555.0
CLT0263,2023-10,SMB,Nordics,Healthcare,11,2,SMS|Verification,82664.44,33714.11,0.408,1833493,0.0193,5.9,1,52,Monthly,10,False,Retain,1011118.36
CLT0263,2023-11,SMB,Nordics,Healthcare,11,2,SMS|Verification,89440.44,47369.28,0.53,1987228,0.082,5.9,1,25,Monthly,3,False,Retain,1161294.67
CLT0264,2023-01,Enterprise,DACH,Fintech,44,2,Voice|Verification,345782.36,149820.86,0.433,3207131,0.0,6.5,2,78,Multi-year,2,False,Nurture,4149388.32
CLT0264,2023-03,Enterprise,DACH,Fintech,44,2,Voice|Verification,185251.2,81487.88,0.44,1688833,-0.4643,6.5,5,32,Multi-year,7,False,Retain,2223014.4
CLT0264,2023-04,Enterprise,DACH,Fintech,44,2,Voice|Verification,199915.16,96614.33,0.483,1813485,0.0792,6.5,1,77,Multi-year,7,False,Nurture,2588981.29
CLT0264,2023-05,Enterprise,DACH,Fintech,44,2,Voice|Verification,417455.36,203520.77,0.488,3770393,1.0882,6.5,2,39,Multi-year,12,False,Nurture,10460763.39
CLT0264,2023-06,Enterprise,DACH,Fintech,44,2,Voice|Verification,211486.4,101991.49,0.482,1897904,-0.4934,6.5,1,68,Multi-year,1,False,Retain,2537836.8
CLT0264,2023-07,Enterprise,DACH,Fintech,44,2,Voice|Verification,211674.4,81653.38,0.386,1896972,0.0009,6.5,1,90,Multi-year,5,False,Nurture,2542378.88
CLT0264,2023-08,Enterprise,DACH,Fintech,44,2,Voice|Verification,219419.56,103547.33,0.472,1961937,0.0366,6.5,3,4,Multi-year,8,False,Nurture,2729403.79
CLT0264,2023-09,Enterprise,DACH,Fintech,44,2,Voice|Verification,237456.8,96992.09,0.408,2117263,0.0822,6.5,4,29,Multi-year,8,False,Nurture,3083708.99
CLT0264,2023-10,Enterprise,DACH,Fintech,44,2,Voice|Verification,250904.12,103862.81,0.414,2231885,0.0566,6.5,1,27,Multi-year,1,False,Nurture,3181263.52
CLT0264,2023-11,Enterprise,DACH,Fintech,44,2,Voice|Verification,274409.48,105952.35,0.386,2438378,0.0937,6.5,1,36,Multi-year,2,False,Nurture,3601459.78
CLT0265,2023-01,Enterprise,Nordics,Fintech,36,3,Verification|WhatsApp Business|SMS,1131716.49,509420.75,0.45,10539718,0.0,8.8,1,46,Multi-year,1,False,Expand,13580597.88
CLT0265,2023-03,Enterprise,Nordics,Fintech,36,3,Verification|WhatsApp Business|SMS,615554.73,310523.16,0.504,5691884,-0.4561,8.8,3,50,Multi-year,4,False,Retain,7386656.76
CLT0265,2023-04,Enterprise,Nordics,Fintech,36,3,Verification|WhatsApp Business|SMS,675092.53,380843.22,0.564,6185448,0.0967,8.8,1,23,Multi-year,12,False,Upsell,8884487.73
CLT0265,2023-05,Enterprise,Nordics,Fintech,36,3,Verification|WhatsApp Business|SMS,1482672.62,656005.94,0.442,13357311,1.1963,8.8,0,33,Multi-year,1,False,Upsell,39076726.5
CLT0265,2023-06,Enterprise,Nordics,Fintech,36,3,Verification|WhatsApp Business|SMS,806335.3,354860.15,0.44,7179984,-0.4562,8.8,2,41,Multi-year,2,False,Retain,9676023.6
CLT0265,2023-07,Enterprise,Nordics,Fintech,36,3,Verification|WhatsApp Business|SMS,847400.39,341212.86,0.403,7443427,0.0509,8.8,3,6,Multi-year,12,False,Upsell,10686396.84
CLT0265,2023-08,Enterprise,Nordics,Fintech,36,3,Verification|WhatsApp Business|SMS,888644.15,424102.91,0.477,7548789,0.0487,8.8,0,19,Multi-year,7,False,Upsell,11183053.44
CLT0265,2023-09,Enterprise,Nordics,Fintech,36,3,Verification|WhatsApp Business|SMS,891041.24,506024.61,0.568,7730423,0.0027,8.8,4,47,Multi-year,9,False,Expand,10721364.62
CLT0265,2023-10,Enterprise,Nordics,Fintech,36,3,Verification|WhatsApp Business|SMS,934866.1,421932.39,0.451,8135663,0.0492,8.8,1,30,Multi-year,9,False,Upsell,11770338.15
CLT0265,2023-11,Enterprise,Nordics,Fintech,36,3,Verification|WhatsApp Business|SMS,941455.62,392838.79,0.417,8349644,0.007,8.8,2,58,Multi-year,11,False,Expand,11376549.71
CLT0266,2023-01,Mid-Market,Southern Europe,Retail & E-commerce,34,4,Email|WhatsApp Business|SMS|Voice,581158.69,268761.91,0.462,12731638,0.0,6.6,0,75,Multi-year,7,False,Nurture,6973904.28
CLT0266,2023-03,Mid-Market,Southern Europe,Retail & E-commerce,34,4,Email|WhatsApp Business|SMS|Voice,291612.83,148221.38,0.508,6840419,-0.4982,6.6,4,27,Multi-year,4,False,Retain,3499353.96
CLT0266,2023-04,Mid-Market,Southern Europe,Retail & E-commerce,34,4,Email|WhatsApp Business|SMS|Voice,306374.97,136863.21,0.447,7108573,0.0506,6.6,3,38,Multi-year,7,False,Nurture,3862530.52
CLT0266,2023-05,Mid-Market,Southern Europe,Retail & E-commerce,34,4,Email|WhatsApp Business|SMS|Voice,693629.81,317310.78,0.457,15399337,1.264,6.6,2,60,Multi-year,5,False,Nurture,18844534.68
CLT0266,2023-06,Mid-Market,Southern Europe,Retail & E-commerce,34,4,Email|WhatsApp Business|SMS|Voice,368592.92,174877.0,0.474,8234581,-0.4686,6.6,2,83,Multi-year,7,False,Retain,4423115.04
CLT0266,2023-07,Mid-Market,Southern Europe,Retail & E-commerce,34,4,Email|WhatsApp Business|SMS|Voice,373517.03,156423.47,0.419,8487220,0.0134,6.6,0,35,Multi-year,12,False,Nurture,4542265.9
CLT0266,2023-08,Mid-Market,Southern Europe,Retail & E-commerce,34,4,Email|WhatsApp Business|SMS|Voice,379602.24,160594.26,0.423,8648068,0.0163,6.6,0,51,Multi-year,7,False,Nurture,4629477.08
CLT0266,2023-09,Mid-Market,Southern Europe,Retail & E-commerce,34,4,Email|WhatsApp Business|SMS|Voice,382683.98,199773.15,0.522,9179094,0.0081,6.6,4,5,Multi-year,4,False,Nurture,4629404.64
CLT0266,2023-10,Mid-Market,Southern Europe,Retail & E-commerce,34,4,Email|WhatsApp Business|SMS|Voice,393090.13,165468.4,0.421,9952170,0.0272,6.6,1,28,Multi-year,3,False,Nurture,4845386.18
CLT0266,2023-11,Mid-Market,Southern Europe,Retail & E-commerce,34,4,Email|WhatsApp Business|SMS|Voice,425069.07,208306.67,0.49,10698695,0.0814,6.6,4,63,Multi-year,4,False,Nurture,5516036.31
CLT0267,2023-01,Mid-Market,UK & Ireland,Fintech,13,3,Voice|Verification|SMS,393305.0,186008.61,0.473,7658575,0.0,6.2,2,74,Multi-year,10,False,Nurture,4719660.0
CLT0267,2023-03,Mid-Market,UK & Ireland,Fintech,13,3,Voice|Verification|SMS,207705.8,119228.96,0.574,4118500,-0.4719,6.2,0,61,Multi-year,5,False,Retain,2492469.6
CLT0267,2023-04,Mid-Market,UK & Ireland,Fintech,13,3,Voice|Verification|SMS,211985.52,97080.33,0.458,4251092,0.0206,6.2,0,15,Multi-year,6,False,Nurture,2596229.06
CLT0267,2023-05,Mid-Market,UK & Ireland,Fintech,13,3,Voice|Verification|SMS,429512.92,234301.06,0.546,8510342,1.0261,6.2,2,77,Multi-year,3,False,Nurture,10442833.53
CLT0267,2023-06,Mid-Market,UK & Ireland,Fintech,13,3,Voice|Verification|SMS,224128.0,116410.55,0.519,4433873,-0.4782,6.2,1,7,Multi-year,12,False,Retain,2689536.0
CLT0267,2023-07,Mid-Market,UK & Ireland,Fintech,13,3,Voice|Verification|SMS,236125.64,105145.53,0.445,4726574,0.0535,6.2,2,74,Multi-year,5,False,Nurture,2985100.34
CLT0267,2023-08,Mid-Market,UK & Ireland,Fintech,13,3,Voice|Verification|SMS,240546.0,118772.98,0.494,4809095,0.0187,6.2,1,9,Multi-year,1,False,Nurture,2940530.52
CLT0267,2023-09,Mid-Market,UK & Ireland,Fintech,13,3,Voice|Verification|SMS,251541.76,131886.77,0.524,5078130,0.0457,6.2,3,12,Multi-year,1,False,Nurture,3156446.62
CLT0267,2023-10,Mid-Market,UK & Ireland,Fintech,13,3,Voice|Verification|SMS,262210.96,125586.78,0.479,5283282,0.0424,6.2,1,23,Multi-year,11,False,Nurture,3279944.46
CLT0267,2023-11,Mid-Market,UK & Ireland,Fintech,13,3,Voice|Verification|SMS,272007.84,134831.53,0.496,5469724,0.0374,6.2,2,63,Multi-year,7,False,Nurture,3386171.2
CLT0268,2023-01,SMB,LATAM,Healthcare,17,2,SMS|Verification,124050.48,56461.62,0.455,2513140,0.0,6.5,2,6,Annual,8,False,Nurture,1488605.76
CLT0268,2023-03,SMB,LATAM,Healthcare,17,2,SMS|Verification,63573.96,27365.8,0.43,1268526,-0.4875,6.5,2,69,Annual,2,False,Retain,762887.52
CLT0268,2023-04,SMB,LATAM,Healthcare,17,2,SMS|Verification,63304.72,31365.41,0.495,1235872,-0.0042,6.5,1,88,Annual,10,False,Nurture,759656.64
CLT0268,2023-05,SMB,LATAM,Healthcare,17,2,SMS|Verification,135474.84,56152.96,0.414,2573740,1.14,6.5,1,42,Annual,2,False,Nurture,3478993.89
CLT0268,2023-06,SMB,LATAM,Healthcare,17,2,SMS|Verification,69877.4,31991.33,0.458,1304546,-0.4842,6.5,3,51,Annual,5,False,Retain,838528.8
CLT0268,2023-07,SMB,LATAM,Healthcare,17,2,SMS|Verification,72575.6,37002.66,0.51,1348213,0.0386,6.5,2,67,Annual,5,False,Nurture,904524.22
CLT0268,2023-08,SMB,LATAM,Healthcare,17,2,SMS|Verification,76888.84,29660.98,0.386,1416562,0.0594,6.5,2,76,Annual,8,False,Nurture,977472.45
CLT0268,2023-09,SMB,LATAM,Healthcare,17,2,SMS|Verification,81528.2,47020.19,0.577,1481691,0.0603,6.5,3,61,Annual,10,False,Nurture,1037332.21
CLT0268,2023-10,SMB,LATAM,Healthcare,17,2,SMS|Verification,87485.64,43393.26,0.496,1577530,0.0731,6.5,1,82,Annual,8,False,Nurture,1126570.08
CLT0268,2023-11,SMB,LATAM,Healthcare,17,2,SMS|Verification,91320.88,48055.58,0.526,1639701,0.0438,6.5,3,26,Annual,9,False,Nurture,1143848.81
CLT0269,2023-01,Mid-Market,DACH,Fintech,36,4,WhatsApp Business|SMS|Voice|Verification,799682.68,355468.03,0.445,8613151,0.0,6.8,1,26,Multi-year,4,False,Nurture,9596192.16
CLT0269,2023-03,Mid-Market,DACH,Fintech,36,4,WhatsApp Business|SMS|Voice|Verification,407893.03,182970.45,0.449,4324285,-0.4899,6.8,1,3,Multi-year,7,False,Retain,4894716.36
CLT0269,2023-04,Mid-Market,DACH,Fintech,36,4,WhatsApp Business|SMS|Voice|Verification,414129.98,200684.65,0.485,4296381,0.0153,6.8,2,12,Multi-year,5,False,Nurture,5045594.02
CLT0269,2023-05,Mid-Market,DACH,Fintech,36,4,WhatsApp Business|SMS|Voice|Verification,839542.78,367788.8,0.438,8732073,1.0272,6.8,1,33,Multi-year,4,False,Nurture,20423053.48
CLT0269,2023-06,Mid-Market,DACH,Fintech,36,4,WhatsApp Business|SMS|Voice|Verification,440535.65,210528.56,0.478,4473120,-0.4753,6.8,3,42,Multi-year,8,False,Retain,5286427.8
CLT0269,2023-07,Mid-Market,DACH,Fintech,36,4,WhatsApp Business|SMS|Voice|Verification,450353.67,207629.52,0.461,4603002,0.0223,6.8,1,84,Multi-year,6,False,Nurture,5524758.68
CLT0269,2023-08,Mid-Market,DACH,Fintech,36,4,WhatsApp Business|SMS|Voice|Verification,452196.49,221851.61,0.491,4410333,0.0041,6.8,2,35,Multi-year,12,False,Nurture,5448605.95
CLT0269,2023-09,Mid-Market,DACH,Fintech,36,4,WhatsApp Business|SMS|Voice|Verification,458522.83,195552.44,0.426,4469788,0.014,6.8,1,61,Multi-year,9,False,Nurture,5579305.8
CLT0269,2023-10,Mid-Market,DACH,Fintech,36,4,WhatsApp Business|SMS|Voice|Verification,490133.43,201749.0,0.412,4658045,0.0689,6.8,1,76,Multi-year,4,False,Nurture,6286843.48
CLT0269,2023-11,Mid-Market,DACH,Fintech,36,4,WhatsApp Business|SMS|Voice|Verification,506524.54,219605.7,0.434,4911798,0.0334,6.8,3,44,Multi-year,1,False,Nurture,6281309.52
CLT0270,2023-01,Mid-Market,APAC,Gaming & Entertainment,35,4,SMS|Email|Voice|Verification,323408.6,145230.51,0.449,15402817,0.0,6.7,4,45,Annual,11,False,Nurture,3880903.2
CLT0270,2023-03,Mid-Market,APAC,Gaming & Entertainment,35,4,SMS|Email|Voice|Verification,170256.59,88539.76,0.52,7881139,-0.4736,6.7,2,83,Annual,11,False,Retain,2043079.08
CLT0270,2023-04,Mid-Market,APAC,Gaming & Entertainment,35,4,SMS|Email|Voice|Verification,173992.29,84798.88,0.487,8250924,0.0219,6.7,3,24,Annual,7,False,Nurture,2133632.65
CLT0270,2023-05,Mid-Market,APAC,Gaming & Entertainment,35,4,SMS|Email|Voice|Verification,353759.35,142722.96,0.403,17647208,1.0332,6.7,3,5,Annual,3,False,Nurture,8631162.13
CLT0270,2023-06,Mid-Market,APAC,Gaming & Entertainment,35,4,SMS|Email|Voice|Verification,181576.86,94923.19,0.523,9533235,-0.4867,6.7,2,60,Annual,1,False,Retain,2178922.32
CLT0270,2023-07,Mid-Market,APAC,Gaming & Entertainment,35,4,SMS|Email|Voice|Verification,183027.23,86909.66,0.475,9912767,0.008,6.7,2,52,Annual,9,False,Nurture,2213897.37
CLT0270,2023-08,Mid-Market,APAC,Gaming & Entertainment,35,4,SMS|Email|Voice|Verification,195204.98,102958.47,0.527,10839749,0.0665,6.7,3,61,Annual,6,False,Nurture,2498233.33
CLT0270,2023-09,Mid-Market,APAC,Gaming & Entertainment,35,4,SMS|Email|Voice|Verification,191398.15,97324.1,0.508,10798440,-0.0195,6.7,2,56,Annual,8,False,Nurture,2296777.8
CLT0270,2023-10,Mid-Market,APAC,Gaming & Entertainment,35,4,SMS|Email|Voice|Verification,195422.54,74876.97,0.383,11413237,0.021,6.7,1,8,Annual,8,False,Nurture,2394316.96
CLT0270,2023-11,Mid-Market,APAC,Gaming & Entertainment,35,4,SMS|Email|Voice|Verification,194938.0,90408.52,0.464,11360074,-0.0025,6.7,6,11,Annual,11,False,Retain,2339256.0
CLT0271,2023-01,SMB,North America,Gaming & Entertainment,14,2,Verification|SMS,82882.6,36075.43,0.435,1473797,0.0,5.6,3,168,Monthly,11,True,Retain,994591.2
CLT0271,2023-03,SMB,North America,Gaming & Entertainment,14,2,Verification|SMS,36133.68,16979.28,0.47,633051,-0.564,5.6,2,60,Monthly,3,True,Retain,433604.16
CLT0271,2023-04,SMB,North America,Gaming & Entertainment,14,2,Verification|SMS,35152.0,20169.43,0.574,609322,-0.0272,5.6,1,76,Monthly,4,True,Retain,421824.0
CLT0271,2023-05,SMB,North America,Gaming & Entertainment,14,2,Verification|SMS,62598.48,26177.38,0.418,1075152,0.7808,5.6,3,132,Monthly,2,True,Retain,1337704.48
CLT0271,2023-06,SMB,North America,Gaming & Entertainment,14,2,Verification|SMS,30027.96,14483.88,0.482,510036,-0.5203,5.6,1,85,Monthly,10,True,Retain,360335.52
CLT0271,2023-07,SMB,North America,Gaming & Entertainment,14,2,Verification|SMS,28311.0,15658.24,0.553,478497,-0.0572,5.6,5,58,Monthly,3,True,Retain,339732.0
CLT0271,2023-08,SMB,North America,Gaming & Entertainment,14,2,Verification|SMS,27734.44,15392.02,0.555,457233,-0.0204,5.6,1,78,Monthly,8,True,Retain,332813.28
CLT0271,2023-09,SMB,North America,Gaming & Entertainment,14,2,Verification|SMS,27683.64,10964.8,0.396,450960,-0.0018,5.6,9,148,Monthly,5,True,Retain,332203.68
CLT0271,2023-10,SMB,North America,Gaming & Entertainment,14,2,Verification|SMS,25736.2,12229.31,0.475,419150,-0.0703,5.6,8,123,Monthly,10,True,Retain,308834.4
CLT0271,2023-11,SMB,North America,Gaming & Entertainment,14,2,Verification|SMS,24537.56,10284.43,0.419,386632,-0.0466,5.6,5,180,Monthly,9,True,Retain,294450.72
CLT0272,2023-01,SMB,UK & Ireland,Gaming & Entertainment,14,2,SMS|Verification,111787.92,49741.95,0.445,2090221,0.0,5.9,2,39,Multi-year,11,False,Retain,1341455.04
CLT0272,2023-03,SMB,UK & Ireland,Gaming & Entertainment,14,2,SMS|Verification,57804.56,31870.8,0.551,1099134,-0.4829,5.9,0,14,Multi-year,12,False,Retain,693654.72
CLT0272,2023-04,SMB,UK & Ireland,Gaming & Entertainment,14,2,SMS|Verification,61148.0,30717.2,0.502,1173877,0.0578,5.9,5,27,Multi-year,4,False,Retain,776188.25
CLT0272,2023-05,SMB,UK & Ireland,Gaming & Entertainment,14,2,SMS|Verification,124590.48,57839.03,0.464,2424263,1.0375,5.9,1,64,Multi-year,7,False,Retain,3046237.24
CLT0272,2023-06,SMB,UK & Ireland,Gaming & Entertainment,14,2,SMS|Verification,62700.8,24697.02,0.394,1226053,-0.4967,5.9,3,65,Multi-year,8,False,Retain,752409.6
CLT0272,2023-07,SMB,UK & Ireland,Gaming & Entertainment,14,2,SMS|Verification,65908.04,24561.75,0.373,1296270,0.0512,5.9,3,2,Multi-year,6,False,Retain,831390.38
CLT0272,2023-08,SMB,UK & Ireland,Gaming & Entertainment,14,2,SMS|Verification,71519.28,30159.98,0.422,1427803,0.0851,5.9,1,89,Multi-year,9,False,Retain,931266.85
CLT0272,2023-09,SMB,UK & Ireland,Gaming & Entertainment,14,2,SMS|Verification,72223.44,36487.18,0.505,1443030,0.0098,5.9,0,2,Multi-year,8,False,Retain,875174.76
CLT0272,2023-10,SMB,UK & Ireland,Gaming & Entertainment,14,2,SMS|Verification,73164.32,33060.1,0.452,1466373,0.013,5.9,1,75,Multi-year,2,False,Retain,889385.47
CLT0272,2023-11,SMB,UK & Ireland,Gaming & Entertainment,14,2,SMS|Verification,75155.76,36851.59,0.49,1504195,0.0272,5.9,0,6,Multi-year,11,False,Retain,926399.96
CLT0273,2023-01,SMB,UK & Ireland,Fintech,23,3,SMS|Voice|Verification,132352.8,60581.14,0.458,2077907,0.0,6.8,3,133,Monthly,11,True,Retain,1588233.6
CLT0273,2023-03,SMB,UK & Ireland,Fintech,23,3,SMS|Voice|Verification,61053.68,27986.45,0.458,975599,-0.5387,6.8,4,123,Monthly,2,True,Retain,732644.16
CLT0273,2023-04,SMB,UK & Ireland,Fintech,23,3,SMS|Voice|Verification,59403.32,34677.84,0.584,939599,-0.027,6.8,5,37,Monthly,7,True,Retain,712839.84
CLT0273,2023-05,SMB,UK & Ireland,Fintech,23,3,SMS|Voice|Verification,110912.08,58968.81,0.532,1726796,0.8671,6.8,6,98,Monthly,1,True,Retain,2485007.33
CLT0273,2023-06,SMB,UK & Ireland,Fintech,23,3,SMS|Voice|Verification,52565.48,24018.25,0.457,796201,-0.5261,6.8,3,156,Monthly,1,True,Retain,630785.76
CLT0273,2023-07,SMB,UK & Ireland,Fintech,23,3,SMS|Voice|Verification,50838.24,25137.15,0.494,752686,-0.0329,6.8,1,146,Monthly,9,True,Retain,610058.88
CLT0273,2023-08,SMB,UK & Ireland,Fintech,23,3,SMS|Voice|Verification,50789.88,22683.71,0.447,733246,-0.001,6.8,5,82,Monthly,9,True,Retain,609478.56
CLT0273,2023-09,SMB,UK & Ireland,Fintech,23,3,SMS|Voice|Verification,48265.64,23995.0,0.497,686330,-0.0497,6.8,1,107,Monthly,8,True,Retain,579187.68
CLT0273,2023-10,SMB,UK & Ireland,Fintech,23,3,SMS|Voice|Verification,45950.8,22139.21,0.482,649982,-0.048,6.8,3,165,Monthly,12,True,Retain,551409.6
CLT0273,2023-11,SMB,UK & Ireland,Fintech,23,3,SMS|Voice|Verification,45270.04,23877.77,0.527,628581,-0.0148,6.8,2,98,Monthly,9,True,Retain,543240.48
CLT0274,2023-01,SMB,APAC,Gaming & Entertainment,4,1,Verification,23440.24,12831.97,0.547,293003,0.0,7.0,2,26,Annual,1,False,Nurture,281282.88
CLT0274,2023-03,SMB,APAC,Gaming & Entertainment,4,1,Verification,12494.24,6976.8,0.558,156178,-0.467,7.0,1,30,Annual,5,False,Retain,149930.88
CLT0274,2023-04,SMB,APAC,Gaming & Entertainment,4,1,Verification,12547.12,6855.19,0.546,156839,0.0042,7.0,1,67,Annual,6,False,Nurture,151197.81
CLT0274,2023-05,SMB,APAC,Gaming & Entertainment,4,1,Verification,26334.32,13317.32,0.506,329179,1.0988,7.0,4,60,Annual,4,False,Upsell,663245.65
CLT0274,2023-06,SMB,APAC,Gaming & Entertainment,4,1,Verification,13099.12,5465.66,0.417,163739,-0.5026,7.0,2,56,Annual,6,False,Retain,157189.44
CLT0274,2023-07,SMB,APAC,Gaming & Entertainment,4,1,Verification,13416.64,6161.75,0.459,167708,0.0242,7.0,1,85,Annual,5,False,Nurture,164895.87
CLT0274,2023-08,SMB,APAC,Gaming & Entertainment,4,1,Verification,12491.68,5774.43,0.462,156146,-0.0689,7.0,1,89,Annual,11,False,Retain,149900.16
CLT0274,2023-09,SMB,APAC,Gaming & Entertainment,4,1,Verification,12951.52,7610.91,0.588,161894,0.0368,7.0,1,1,Annual,5,False,Upsell,161137.63
CLT0274,2023-10,SMB,APAC,Gaming & Entertainment,4,1,Verification,13520.4,6436.28,0.476,169005,0.0439,7.0,3,34,Annual,10,False,Upsell,169367.35
CLT0274,2023-11,SMB,APAC,Gaming & Entertainment,4,1,Verification,14161.44,5371.68,0.379,177018,0.0474,7.0,3,17,Annual,8,False,Upsell,177992.31
CLT0275,2023-01,Enterprise,LATAM,Fintech,44,2,Verification|SMS,768652.6,387937.33,0.505,15192617,0.0,7.5,0,24,Annual,9,False,Nurture,9223831.2
CLT0275,2023-03,Enterprise,LATAM,Fintech,44,2,Verification|SMS,407671.6,151487.29,0.372,7873735,-0.4696,7.5,2,8,Annual,10,False,Retain,4892059.2
CLT0275,2023-04,Enterprise,LATAM,Fintech,44,2,Verification|SMS,434672.92,190212.58,0.438,8284201,0.0662,7.5,2,2,Annual,4,False,Upsell,5561379.21
CLT0275,2023-05,Enterprise,LATAM,Fintech,44,2,Verification|SMS,891350.16,367481.09,0.412,16654803,1.0506,7.5,1,16,Annual,8,False,Upsell,21933631.66
CLT0275,2023-06,Enterprise,LATAM,Fintech,44,2,Verification|SMS,457984.2,211051.2,0.461,8253057,-0.4862,7.5,1,71,Annual,9,False,Retain,5495810.4
CLT0275,2023-07,Enterprise,LATAM,Fintech,44,2,Verification|SMS,469876.0,251808.4,0.536,8558183,0.026,7.5,0,32,Annual,11,False,Nurture,5785113.31
CLT0275,2023-08,Enterprise,LATAM,Fintech,44,2,Verification|SMS,480630.32,254194.07,0.529,8684635,0.0229,7.5,0,50,Annual,5,False,Nurture,5899641.05
CLT0275,2023-09,Enterprise,LATAM,Fintech,44,2,Verification|SMS,514346.16,274252.64,0.533,9157759,0.0701,7.5,2,32,Annual,12,False,Upsell,6604821.91
CLT0275,2023-10,Enterprise,LATAM,Fintech,44,2,Verification|SMS,545766.16,235880.84,0.432,9585788,0.0611,7.5,3,11,Annual,7,False,Upsell,6949349.67
CLT0275,2023-11,Enterprise,LATAM,Fintech,44,2,Verification|SMS,562695.32,231043.23,0.411,9715382,0.031,7.5,1,64,Annual,12,False,Upsell,6961666.5
CLT0276,2023-01,SMB,North America,Fintech,1,1,SMS,2652.76,1375.59,0.519,66319,0.0,6.2,2,67,Annual,6,False,Nurture,31833.12
CLT0276,2023-03,SMB,North America,Fintech,1,1,SMS,1313.24,787.71,0.6,32831,-0.505,6.2,2,80,Annual,9,False,Retain,15758.88
CLT0276,2023-04,SMB,North America,Fintech,1,1,SMS,1366.8,519.83,0.38,34170,0.0408,6.2,2,35,Annual,5,False,Nurture,17070.79
CLT0276,2023-05,SMB,North America,Fintech,1,1,SMS,2848.44,1334.69,0.469,71211,1.084,6.2,1,35,Annual,1,False,Nurture,71233.79
CLT0276,2023-06,SMB,North America,Fintech,1,1,SMS,1589.52,565.53,0.356,39738,-0.442,6.2,3,71,Annual,9,False,Retain,19074.24
CLT0276,2023-07,SMB,North America,Fintech,1,1,SMS,1682.44,990.51,0.589,42061,0.0585,6.2,0,85,Annual,10,False,Nurture,21370.35
CLT0276,2023-08,SMB,North America,Fintech,1,1,SMS,1718.32,966.72,0.563,42958,0.0213,6.2,3,41,Annual,12,False,Nurture,21059.04
CLT0276,2023-09,SMB,North America,Fintech,1,1,SMS,1867.28,833.03,0.446,46682,0.0867,6.2,2,76,Annual,4,False,Nurture,24350.08
CLT0276,2023-10,SMB,North America,Fintech,1,1,SMS,1899.76,1022.53,0.538,47494,0.0174,6.2,1,4,Annual,4,False,Nurture,23193.79
CLT0276,2023-11,SMB,North America,Fintech,1,1,SMS,1947.0,987.02,0.507,48675,0.0249,6.2,1,24,Annual,11,False,Nurture,23945.76
CLT0277,2023-01,SMB,North America,Retail & E-commerce,13,3,WhatsApp Business|Email|SMS,92394.68,43631.23,0.472,3978863,0.0,6.1,2,5,Monthly,8,False,Nurture,1108736.16
CLT0277,2023-03,SMB,North America,Retail & E-commerce,13,3,WhatsApp Business|Email|SMS,48242.73,23307.37,0.483,2044509,-0.4779,6.1,1,81,Monthly,6,False,Retain,578912.76
CLT0277,2023-04,SMB,North America,Retail & E-commerce,13,3,WhatsApp Business|Email|SMS,49278.11,26247.06,0.533,2194267,0.0215,6.1,2,56,Monthly,1,False,Nurture,604051.07
CLT0277,2023-05,SMB,North America,Retail & E-commerce,13,3,WhatsApp Business|Email|SMS,101086.14,50767.5,0.502,4528432,1.0513,6.1,3,44,Monthly,3,False,Nurture,2488295.99
CLT0277,2023-06,SMB,North America,Retail & E-commerce,13,3,WhatsApp Business|Email|SMS,53697.13,24470.12,0.456,2391676,-0.4688,6.1,1,55,Monthly,10,False,Retain,644365.56
CLT0277,2023-07,SMB,North America,Retail & E-commerce,13,3,WhatsApp Business|Email|SMS,54242.12,28182.11,0.52,2432969,0.0101,6.1,2,80,Monthly,1,False,Nurture,657479.58
CLT0277,2023-08,SMB,North America,Retail & E-commerce,13,3,WhatsApp Business|Email|SMS,52541.69,23530.91,0.448,2390958,-0.0313,6.1,3,16,Monthly,12,False,Nurture,630500.28
CLT0277,2023-09,SMB,North America,Retail & E-commerce,13,3,WhatsApp Business|Email|SMS,52577.7,25483.63,0.485,2384040,0.0007,6.1,3,47,Monthly,3,False,Nurture,631374.05
CLT0277,2023-10,SMB,North America,Retail & E-commerce,13,3,WhatsApp Business|Email|SMS,53071.72,26571.28,0.501,2536889,0.0094,6.1,4,27,Monthly,11,False,Nurture,642847.13
CLT0277,2023-11,SMB,North America,Retail & E-commerce,13,3,WhatsApp Business|Email|SMS,57603.63,28197.07,0.49,2688108,0.0854,6.1,1,5,Monthly,3,False,Nurture,750275.76
CLT0278,2023-01,SMB,UK & Ireland,Retail & E-commerce,24,2,Email|SMS,49878.81,24327.54,0.488,3464439,0.0,7.9,3,132,Multi-year,7,True,Retain,598545.72
CLT0278,2023-03,SMB,UK & Ireland,Retail & E-commerce,24,2,Email|SMS,23100.68,11868.4,0.514,1556545,-0.5369,7.9,4,80,Multi-year,4,True,Retain,277208.16
CLT0278,2023-04,SMB,UK & Ireland,Retail & E-commerce,24,2,Email|SMS,20034.21,8137.77,0.406,1395988,-0.1327,7.9,1,35,Multi-year,10,True,Retain,240410.52
CLT0278,2023-05,SMB,UK & Ireland,Retail & E-commerce,24,2,Email|SMS,34864.03,16978.49,0.487,2559628,0.7402,7.9,1,72,Multi-year,4,True,Retain,728044.62
CLT0278,2023-06,SMB,UK & Ireland,Retail & E-commerce,24,2,Email|SMS,15098.53,8480.6,0.562,1124987,-0.5669,7.9,6,121,Multi-year,7,True,Retain,181182.36
CLT0278,2023-07,SMB,UK & Ireland,Retail & E-commerce,24,2,Email|SMS,14296.6,6780.18,0.474,1056680,-0.0531,7.9,3,120,Multi-year,5,True,Retain,171559.2
CLT0278,2023-08,SMB,UK & Ireland,Retail & E-commerce,24,2,Email|SMS,13311.06,5074.68,0.381,1013061,-0.0689,7.9,4,30,Multi-year,4,True,Retain,159732.72
CLT0278,2023-09,SMB,UK & Ireland,Retail & E-commerce,24,2,Email|SMS,12480.57,4671.85,0.374,948504,-0.0624,7.9,2,37,Multi-year,8,True,Retain,149766.84
CLT0278,2023-10,SMB,UK & Ireland,Retail & E-commerce,24,2,Email|SMS,11092.8,4601.51,0.415,830719,-0.1112,7.9,2,60,Multi-year,6,True,Retain,133113.6
CLT0278,2023-11,SMB,UK & Ireland,Retail & E-commerce,24,2,Email|SMS,10323.33,4071.93,0.394,772599,-0.0694,7.9,4,100,Multi-year,1,True,Retain,123879.96
CLT0279,2023-01,Mid-Market,Southern Europe,Logistics,22,2,WhatsApp Business|SMS,549326.07,261969.05,0.477,6569220,0.0,8.3,1,24,Annual,11,False,Nurture,6591912.84
CLT0279,2023-03,Mid-Market,Southern Europe,Logistics,22,2,WhatsApp Business|SMS,281972.42,146740.69,0.52,3189095,-0.4867,8.3,2,60,Annual,4,False,Retain,3383669.04
CLT0279,2023-04,Mid-Market,Southern Europe,Logistics,22,2,WhatsApp Business|SMS,290630.99,120233.29,0.414,3241250,0.0307,8.3,6,21,Annual,1,False,Upsell,3594640.34
CLT0279,2023-05,Mid-Market,Southern Europe,Logistics,22,2,WhatsApp Business|SMS,633580.85,340620.46,0.538,6986954,1.18,8.3,2,16,Annual,3,False,Upsell,16574475.04
CLT0279,2023-06,Mid-Market,Southern Europe,Logistics,22,2,WhatsApp Business|SMS,328064.0,162644.66,0.496,3454163,-0.4822,8.3,2,81,Annual,10,False,Retain,3936768.0
CLT0279,2023-07,Mid-Market,Southern Europe,Logistics,22,2,WhatsApp Business|SMS,335657.76,169047.77,0.504,3459591,0.0231,8.3,2,46,Annual,4,False,Nurture,4120937.45
CLT0279,2023-08,Mid-Market,Southern Europe,Logistics,22,2,WhatsApp Business|SMS,335128.26,160451.07,0.479,3265737,-0.0016,8.3,2,12,Annual,9,False,Nurture,4021539.12
CLT0279,2023-09,Mid-Market,Southern Europe,Logistics,22,2,WhatsApp Business|SMS,348473.81,194740.31,0.559,3339518,0.0398,8.3,2,42,Annual,1,False,Upsell,4348116.81
CLT0279,2023-10,Mid-Market,Southern Europe,Logistics,22,2,WhatsApp Business|SMS,366125.49,200059.64,0.546,3448035,0.0507,8.3,4,3,Annual,5,False,Upsell,4616256.63
CLT0279,2023-11,Mid-Market,Southern Europe,Logistics,22,2,WhatsApp Business|SMS,373507.45,145007.86,0.388,3686848,0.0202,8.3,2,17,Annual,4,False,Nurture,4572627.61
CLT0280,2023-01,SMB,UK & Ireland,Logistics,14,1,WhatsApp Business,43732.7,17770.45,0.406,79514,0.0,5.4,1,11,Annual,11,False,Retain,524792.4
CLT0280,2023-03,SMB,UK & Ireland,Logistics,14,1,WhatsApp Business,23301.3,8663.36,0.372,42366,-0.4672,5.4,1,69,Annual,3,False,Retain,279615.6
CLT0280,2023-04,SMB,UK & Ireland,Logistics,14,1,WhatsApp Business,23224.3,11726.85,0.505,42226,-0.0033,5.4,3,90,Annual,1,False,Retain,278691.6
CLT0280,2023-05,SMB,UK & Ireland,Logistics,14,1,WhatsApp Business,45044.45,24476.84,0.543,81899,0.9395,5.4,1,89,Annual,7,False,Retain,1048364.53
CLT0280,2023-06,SMB,UK & Ireland,Logistics,14,1,WhatsApp Business,21761.85,8375.53,0.385,39567,-0.5169,5.4,3,67,Annual,3,False,Retain,261142.2
CLT0280,2023-07,SMB,UK & Ireland,Logistics,14,1,WhatsApp Business,23196.25,12185.1,0.525,42175,0.0659,5.4,3,8,Annual,5,False,Retain,296698.59
CLT0280,2023-08,SMB,UK & Ireland,Logistics,14,1,WhatsApp Business,23372.8,8806.77,0.377,42496,0.0076,5.4,1,68,Annual,2,False,Retain,282605.2
CLT0280,2023-09,SMB,UK & Ireland,Logistics,14,1,WhatsApp Business,24819.85,9407.94,0.379,45127,0.0619,5.4,0,89,Annual,1,False,Retain,316274.38
CLT0280,2023-10,SMB,UK & Ireland,Logistics,14,1,WhatsApp Business,24692.8,11227.03,0.455,44896,-0.0051,5.4,2,73,Annual,4,False,Retain,296313.6
CLT0280,2023-11,SMB,UK & Ireland,Logistics,14,1,WhatsApp Business,25306.6,9296.65,0.367,46012,0.0249,5.4,3,8,Annual,6,False,Retain,311240.81
CLT0281,2023-01,Enterprise,APAC,Healthcare,41,2,WhatsApp Business|SMS,236326.86,115115.31,0.487,1683255,0.0,8.2,0,39,Multi-year,9,False,Nurture,2835922.32
CLT0281,2023-03,Enterprise,APAC,Healthcare,41,2,WhatsApp Business|SMS,124019.55,44449.78,0.358,883506,-0.4752,8.2,2,37,Multi-year,12,False,Retain,1488234.6
CLT0281,2023-04,Enterprise,APAC,Healthcare,41,2,WhatsApp Business|SMS,130922.98,63363.44,0.484,921439,0.0557,8.2,2,58,Multi-year,4,False,Upsell,1658584.68
CLT0281,2023-05,Enterprise,APAC,Healthcare,41,2,WhatsApp Business|SMS,263599.61,131258.31,0.498,1857050,1.0134,8.2,4,67,Multi-year,6,False,Upsell,6368777.46
CLT0281,2023-06,Enterprise,APAC,Healthcare,41,2,WhatsApp Business|SMS,141177.8,51780.8,0.367,943082,-0.4644,8.2,0,57,Multi-year,8,False,Retain,1694133.6
CLT0281,2023-07,Enterprise,APAC,Healthcare,41,2,WhatsApp Business|SMS,150398.36,73467.26,0.488,981887,0.0653,8.2,2,77,Multi-year,8,False,Upsell,1922632.47
CLT0281,2023-08,Enterprise,APAC,Healthcare,41,2,WhatsApp Business|SMS,153156.64,62950.08,0.411,918397,0.0183,8.2,2,27,Multi-year,10,False,Nurture,1871512.88
CLT0281,2023-09,Enterprise,APAC,Healthcare,41,2,WhatsApp Business|SMS,166018.74,66586.59,0.401,915003,0.084,8.2,2,68,Multi-year,12,False,Upsell,2159571.77
CLT0281,2023-10,Enterprise,APAC,Healthcare,41,2,WhatsApp Business|SMS,171817.91,79832.62,0.465,948917,0.0349,8.2,2,20,Multi-year,5,False,Upsell,2133772.26
CLT0281,2023-11,Enterprise,APAC,Healthcare,41,2,WhatsApp Business|SMS,185654.66,66377.57,0.358,967046,0.0805,8.2,1,43,Multi-year,11,False,Upsell,2407198.32
CLT0282,2023-01,SMB,APAC,Logistics,10,2,SMS|Voice,35825.32,16720.61,0.467,484881,0.0,6.5,0,88,Monthly,6,False,Nurture,429903.84
CLT0282,2023-03,SMB,APAC,Logistics,10,2,SMS|Voice,18654.88,9405.59,0.504,252564,-0.4793,6.5,1,31,Monthly,9,False,Retain,223858.56
CLT0282,2023-04,SMB,APAC,Logistics,10,2,SMS|Voice,19061.64,10139.15,0.532,260457,0.0218,6.5,2,14,Monthly,6,False,Nurture,233726.21
CLT0282,2023-05,SMB,APAC,Logistics,10,2,SMS|Voice,40075.76,20261.05,0.506,533544,1.1024,6.5,0,11,Monthly,9,False,Nurture,1011063.33
CLT0282,2023-06,SMB,APAC,Logistics,10,2,SMS|Voice,20028.84,8927.36,0.446,269769,-0.5002,6.5,1,21,Monthly,8,False,Retain,240346.08
CLT0282,2023-07,SMB,APAC,Logistics,10,2,SMS|Voice,20411.44,9697.93,0.475,280986,0.0191,6.5,3,19,Monthly,11,False,Nurture,249615.58
CLT0282,2023-08,SMB,APAC,Logistics,10,2,SMS|Voice,21338.44,10255.87,0.481,292803,0.0454,6.5,2,25,Monthly,9,False,Nurture,267686.46
CLT0282,2023-09,SMB,APAC,Logistics,10,2,SMS|Voice,21900.48,12815.5,0.585,307332,0.0263,6.5,1,18,Monthly,7,False,Nurture,269717.55
CLT0282,2023-10,SMB,APAC,Logistics,10,2,SMS|Voice,21395.72,9513.51,0.445,298365,-0.023,6.5,2,36,Monthly,3,False,Nurture,256748.64
CLT0282,2023-11,SMB,APAC,Logistics,10,2,SMS|Voice,21966.16,9330.36,0.425,299034,0.0267,6.5,0,76,Monthly,6,False,Nurture,270631.88
CLT0283,2023-01,SMB,UK & Ireland,Logistics,9,2,SMS|Voice,34694.76,16179.18,0.466,651355,0.0,6.0,8,55,Monthly,9,True,Retain,416337.12
CLT0283,2023-03,SMB,UK & Ireland,Logistics,9,2,SMS|Voice,15612.16,7986.85,0.512,291062,-0.55,6.0,4,117,Monthly,3,True,Retain,187345.92
CLT0283,2023-04,SMB,UK & Ireland,Logistics,9,2,SMS|Voice,14149.76,6528.72,0.461,262370,-0.0937,6.0,5,122,Monthly,6,True,Retain,169797.12
CLT0283,2023-05,SMB,UK & Ireland,Logistics,9,2,SMS|Voice,25710.48,12485.73,0.486,475150,0.817,6.0,5,149,Monthly,11,True,Retain,560591.31
CLT0283,2023-06,SMB,UK & Ireland,Logistics,9,2,SMS|Voice,11633.72,4839.53,0.416,217491,-0.5475,6.0,8,137,Monthly,9,True,Retain,139604.64
CLT0283,2023-07,SMB,UK & Ireland,Logistics,9,2,SMS|Voice,10841.8,4187.39,0.386,200691,-0.0681,6.0,8,164,Monthly,11,True,Retain,130101.6
CLT0283,2023-08,SMB,UK & Ireland,Logistics,9,2,SMS|Voice,10099.16,4785.19,0.474,188683,-0.0685,6.0,5,50,Monthly,6,True,Retain,121189.92
CLT0283,2023-09,SMB,UK & Ireland,Logistics,9,2,SMS|Voice,9467.0,4308.76,0.455,178215,-0.0626,6.0,5,116,Monthly,10,True,Retain,113604.0
CLT0283,2023-10,SMB,UK & Ireland,Logistics,9,2,SMS|Voice,8552.32,4299.26,0.503,160194,-0.0966,6.0,4,40,Monthly,4,True,Retain,102627.84
CLT0283,2023-11,SMB,UK & Ireland,Logistics,9,2,SMS|Voice,7360.12,3709.23,0.504,135877,-0.1394,6.0,3,43,Monthly,9,True,Retain,88321.44
CLT0284,2023-01,Mid-Market,Southern Europe,Logistics,35,2,Verification|WhatsApp Business,342311.38,191570.54,0.56,2786184,0.0,6.9,1,16,Monthly,10,False,Nurture,4107736.56
CLT0284,2023-03,Mid-Market,Southern Europe,Logistics,35,2,Verification|WhatsApp Business,179506.92,80248.5,0.447,1532139,-0.4756,6.9,6,55,Monthly,12,False,Retain,2154083.04
CLT0284,2023-04,Mid-Market,Southern Europe,Logistics,35,2,Verification|WhatsApp Business,188581.21,79482.99,0.421,1607668,0.0506,6.9,4,80,Monthly,6,False,Nurture,2377481.03
CLT0284,2023-05,Mid-Market,Southern Europe,Logistics,35,2,Verification|WhatsApp Business,384060.02,196729.19,0.512,3324727,1.0366,6.9,0,39,Monthly,5,False,Nurture,9386119.64
CLT0284,2023-06,Mid-Market,Southern Europe,Logistics,35,2,Verification|WhatsApp Business,218560.75,126501.52,0.579,1929831,-0.4309,6.9,1,65,Monthly,8,False,Retain,2622729.0
CLT0284,2023-07,Mid-Market,Southern Europe,Logistics,35,2,Verification|WhatsApp Business,220309.98,94178.94,0.427,1978363,0.008,6.9,0,50,Monthly,2,False,Nurture,2664869.52
CLT0284,2023-08,Mid-Market,Southern Europe,Logistics,35,2,Verification|WhatsApp Business,221937.65,107340.28,0.484,2028313,0.0074,6.9,0,87,Monthly,6,False,Nurture,2682959.86
CLT0284,2023-09,Mid-Market,Southern Europe,Logistics,35,2,Verification|WhatsApp Business,227708.77,108586.01,0.477,2075166,0.026,6.9,3,2,Monthly,12,False,Nurture,2803550.38
CLT0284,2023-10,Mid-Market,Southern Europe,Logistics,35,2,Verification|WhatsApp Business,236623.74,125799.4,0.532,2133311,0.0392,6.9,4,38,Monthly,9,False,Nurture,2950792.69
CLT0284,2023-11,Mid-Market,Southern Europe,Logistics,35,2,Verification|WhatsApp Business,223186.22,113144.7,0.507,1998195,-0.0568,6.9,3,71,Monthly,5,False,Retain,2678234.64
CLT0285,2023-01,Mid-Market,APAC,Healthcare,31,4,Verification|SMS|WhatsApp Business|Voice,711872.08,355155.11,0.499,7652721,0.0,6.7,0,75,Multi-year,12,False,Nurture,8542464.96
CLT0285,2023-03,Mid-Market,APAC,Healthcare,31,4,Verification|SMS|WhatsApp Business|Voice,354091.77,141549.45,0.4,3604334,-0.5026,6.7,1,15,Multi-year,12,False,Retain,4249101.24
CLT0285,2023-04,Mid-Market,APAC,Healthcare,31,4,Verification|SMS|WhatsApp Business|Voice,354406.5,157568.18,0.445,3757795,0.0009,6.7,1,42,Multi-year,12,False,Nurture,4256705.59
CLT0285,2023-05,Mid-Market,APAC,Healthcare,31,4,Verification|SMS|WhatsApp Business|Voice,740502.13,373017.51,0.504,7738775,1.0894,6.7,2,4,Multi-year,9,False,Nurture,18566461.81
CLT0285,2023-06,Mid-Market,APAC,Healthcare,31,4,Verification|SMS|WhatsApp Business|Voice,397763.35,189829.91,0.477,4059143,-0.4628,6.7,4,74,Multi-year,3,False,Retain,4773160.2
CLT0285,2023-07,Mid-Market,APAC,Healthcare,31,4,Verification|SMS|WhatsApp Business|Voice,412791.19,187540.91,0.454,4336805,0.0378,6.7,0,84,Multi-year,5,False,Nurture,5140736.36
CLT0285,2023-08,Mid-Market,APAC,Healthcare,31,4,Verification|SMS|WhatsApp Business|Voice,424044.55,179112.95,0.422,4126963,0.0273,6.7,1,37,Multi-year,7,False,Nurture,5227451.59
CLT0285,2023-09,Mid-Market,APAC,Healthcare,31,4,Verification|SMS|WhatsApp Business|Voice,431524.94,224387.8,0.52,4223977,0.0176,6.7,1,38,Multi-year,1,False,Nurture,5269437.35
CLT0285,2023-10,Mid-Market,APAC,Healthcare,31,4,Verification|SMS|WhatsApp Business|Voice,437975.96,210408.54,0.48,4118454,0.0149,6.7,1,31,Multi-year,6,False,Nurture,5334021.62
CLT0285,2023-11,Mid-Market,APAC,Healthcare,31,4,Verification|SMS|WhatsApp Business|Voice,445332.92,233639.87,0.525,4211242,0.0168,6.7,0,4,Multi-year,8,False,Nurture,5433774.16
CLT0286,2023-01,Mid-Market,UK & Ireland,Gaming & Entertainment,24,2,SMS|Verification,161887.4,84375.27,0.521,2646960,0.0,6.8,4,53,Multi-year,10,False,Nurture,1942648.8
CLT0286,2023-03,Mid-Market,UK & Ireland,Gaming & Entertainment,24,2,SMS|Verification,79867.96,30533.72,0.382,1298396,-0.5066,6.8,3,47,Multi-year,6,False,Retain,958415.52
CLT0286,2023-04,Mid-Market,UK & Ireland,Gaming & Entertainment,24,2,SMS|Verification,81156.28,43340.65,0.534,1331378,0.0161,6.8,2,46,Multi-year,10,False,Nurture,989554.75
CLT0286,2023-05,Mid-Market,UK & Ireland,Gaming & Entertainment,24,2,SMS|Verification,165498.24,81101.02,0.49,2680705,1.0393,6.8,2,90,Multi-year,4,False,Nurture,4050006.73
CLT0286,2023-06,Mid-Market,UK & Ireland,Gaming & Entertainment,24,2,SMS|Verification,81227.84,44304.11,0.545,1297512,-0.5092,6.8,3,48,Multi-year,6,False,Retain,974734.08
CLT0286,2023-07,Mid-Market,UK & Ireland,Gaming & Entertainment,24,2,SMS|Verification,84476.92,32857.2,0.389,1341325,0.04,6.8,2,66,Multi-year,9,False,Nurture,1054271.96
CLT0286,2023-08,Mid-Market,UK & Ireland,Gaming & Entertainment,24,2,SMS|Verification,85073.64,34815.78,0.409,1350769,0.0071,6.8,2,10,Multi-year,1,False,Nurture,1028131.95
CLT0286,2023-09,Mid-Market,UK & Ireland,Gaming & Entertainment,24,2,SMS|Verification,87687.0,42291.33,0.482,1383127,0.0307,6.8,5,65,Multi-year,12,False,Retain,1084547.89
CLT0286,2023-10,Mid-Market,UK & Ireland,Gaming & Entertainment,24,2,SMS|Verification,88347.68,36112.21,0.409,1387856,0.0075,6.8,2,18,Multi-year,11,False,Nurture,1068123.45
CLT0286,2023-11,Mid-Market,UK & Ireland,Gaming & Entertainment,24,2,SMS|Verification,82524.32,40915.73,0.496,1310717,-0.0659,6.8,2,20,Multi-year,8,False,Retain,990291.84
CLT0287,2023-01,Enterprise,Nordics,Healthcare,42,2,SMS|WhatsApp Business,581705.97,311622.79,0.536,12027597,0.0,6.2,3,57,Annual,6,False,Nurture,6980471.64
CLT0287,2023-03,Enterprise,Nordics,Healthcare,42,2,SMS|WhatsApp Business,302907.81,116687.76,0.385,6299034,-0.4793,6.2,1,39,Annual,8,False,Retain,3634893.72
CLT0287,2023-04,Enterprise,Nordics,Healthcare,42,2,SMS|WhatsApp Business,311697.63,171667.41,0.551,6560523,0.029,6.2,1,58,Annual,11,False,Nurture,3848842.34
CLT0287,2023-05,Enterprise,Nordics,Healthcare,42,2,SMS|WhatsApp Business,654263.83,243150.44,0.372,13636090,1.099,6.2,3,64,Annual,8,False,Nurture,16479597.35
CLT0287,2023-06,Enterprise,Nordics,Healthcare,42,2,SMS|WhatsApp Business,336540.88,144212.1,0.429,7008166,-0.4856,6.2,0,35,Annual,6,False,Retain,4038490.56
CLT0287,2023-07,Enterprise,Nordics,Healthcare,42,2,SMS|WhatsApp Business,365034.09,213094.51,0.584,7587195,0.0847,6.2,1,74,Annual,3,False,Nurture,4751429.73
CLT0287,2023-08,Enterprise,Nordics,Healthcare,42,2,SMS|WhatsApp Business,375901.48,207082.58,0.551,7793281,0.0298,6.2,4,48,Annual,5,False,Nurture,4645240.13
CLT0287,2023-09,Enterprise,Nordics,Healthcare,42,2,SMS|WhatsApp Business,383000.4,169569.12,0.443,7921029,0.0189,6.2,3,16,Annual,3,False,Nurture,4682869.29
CLT0287,2023-10,Enterprise,Nordics,Healthcare,42,2,SMS|WhatsApp Business,382370.18,204340.44,0.534,7879850,-0.0016,6.2,2,28,Annual,9,False,Nurture,4588442.16
CLT0287,2023-11,Enterprise,Nordics,Healthcare,42,2,SMS|WhatsApp Business,393704.89,188782.75,0.48,8203699,0.0296,6.2,4,58,Annual,3,False,Nurture,4864302.66
CLT0288,2023-01,SMB,Southern Europe,Technology & SaaS,5,2,Email|SMS,40388.54,17871.41,0.442,1610435,0.0,6.8,2,37,Annual,12,False,Nurture,484662.48
CLT0288,2023-03,SMB,Southern Europe,Technology & SaaS,5,2,Email|SMS,20765.31,11780.0,0.567,823729,-0.4859,6.8,1,76,Annual,4,False,Retain,249183.72
CLT0288,2023-04,SMB,Southern Europe,Technology & SaaS,5,2,Email|SMS,21888.58,10912.52,0.499,876239,0.0541,6.8,2,62,Annual,10,False,Nurture,276873.03
CLT0288,2023-05,SMB,Southern Europe,Technology & SaaS,5,2,Email|SMS,45922.09,24509.43,0.534,1776717,1.098,6.8,2,61,Annual,10,False,Nurture,1156134.54
CLT0288,2023-06,SMB,Southern Europe,Technology & SaaS,5,2,Email|SMS,23023.48,11225.47,0.488,899057,-0.4986,6.8,1,5,Annual,1,False,Retain,276281.76
CLT0288,2023-07,SMB,Southern Europe,Technology & SaaS,5,2,Email|SMS,24072.43,8892.47,0.369,942183,0.0456,6.8,6,64,Annual,1,False,Retain,302041.59
CLT0288,2023-08,SMB,Southern Europe,Technology & SaaS,5,2,Email|SMS,25308.35,9981.64,0.394,993473,0.0513,6.8,2,37,Annual,6,False,Nurture,319280.02
CLT0288,2023-09,SMB,Southern Europe,Technology & SaaS,5,2,Email|SMS,26003.24,11936.18,0.459,1021109,0.0275,6.8,4,47,Annual,10,False,Nurture,320619.95
CLT0288,2023-10,SMB,Southern Europe,Technology & SaaS,5,2,Email|SMS,27469.34,14956.22,0.544,1110350,0.0564,6.8,3,37,Annual,9,False,Nurture,348223.33
CLT0288,2023-11,SMB,Southern Europe,Technology & SaaS,5,2,Email|SMS,27413.81,14261.8,0.52,1122266,-0.002,6.8,4,40,Annual,10,False,Nurture,328965.72
CLT0289,2023-01,Enterprise,LATAM,Healthcare,28,4,Voice|Verification|SMS|WhatsApp Business,936840.83,451109.85,0.482,13617717,0.0,8.3,1,89,Annual,12,False,Expand,11242089.96
CLT0289,2023-03,Enterprise,LATAM,Healthcare,28,4,Voice|Verification|SMS|WhatsApp Business,490366.49,214681.28,0.438,7383238,-0.4766,8.3,4,54,Annual,8,False,Retain,5884397.88
CLT0289,2023-04,Enterprise,LATAM,Healthcare,28,4,Voice|Verification|SMS|WhatsApp Business,488277.99,262976.49,0.539,7326052,-0.0043,8.3,1,34,Annual,12,False,Nurture,5859335.88
CLT0289,2023-05,Enterprise,LATAM,Healthcare,28,4,Voice|Verification|SMS|WhatsApp Business,1016001.7,441980.01,0.435,15800196,1.0808,8.3,1,14,Annual,7,False,Expand,25369156.05
CLT0289,2023-06,Enterprise,LATAM,Healthcare,28,4,Voice|Verification|SMS|WhatsApp Business,515347.08,235963.39,0.458,8266487,-0.4928,8.3,0,55,Annual,3,False,Retain,6184164.96
CLT0289,2023-07,Enterprise,LATAM,Healthcare,28,4,Voice|Verification|SMS|WhatsApp Business,522570.25,280370.48,0.537,8383799,0.014,8.3,1,26,Annual,11,False,Expand,6358634.8
CLT0289,2023-08,Enterprise,LATAM,Healthcare,28,4,Voice|Verification|SMS|WhatsApp Business,542492.99,236147.12,0.435,8885803,0.0381,8.3,3,73,Annual,6,False,Expand,6757943.68
CLT0289,2023-09,Enterprise,LATAM,Healthcare,28,4,Voice|Verification|SMS|WhatsApp Business,553038.18,275076.84,0.497,9204013,0.0194,8.3,0,54,Annual,11,False,Expand,6765205.45
CLT0289,2023-10,Enterprise,LATAM,Healthcare,28,4,Voice|Verification|SMS|WhatsApp Business,551370.18,244333.9,0.443,9246824,-0.003,8.3,3,63,Annual,2,False,Nurture,6616442.16
CLT0289,2023-11,Enterprise,LATAM,Healthcare,28,4,Voice|Verification|SMS|WhatsApp Business,549326.34,263606.28,0.48,9202624,-0.0037,8.3,0,20,Annual,6,False,Nurture,6591916.08
CLT0290,2023-01,Enterprise,DACH,Retail & E-commerce,41,3,SMS|Voice|Email,618736.2,287042.14,0.464,23326845,0.0,8.1,2,47,Annual,10,False,Expand,7424834.4
CLT0290,2023-03,Enterprise,DACH,Retail & E-commerce,41,3,SMS|Voice|Email,341380.88,132814.47,0.389,12558082,-0.4483,8.1,3,29,Annual,6,False,Retain,4096570.56
CLT0290,2023-04,Enterprise,DACH,Retail & E-commerce,41,3,SMS|Voice|Email,345971.18,179656.14,0.519,13170060,0.0134,8.1,5,4,Annual,3,False,Expand,4207286.33
CLT0290,2023-05,Enterprise,DACH,Retail & E-commerce,41,3,SMS|Voice|Email,695957.73,373210.49,0.536,26942820,1.0116,8.1,2,58,Annual,7,False,Upsell,16799862.84
CLT0290,2023-06,Enterprise,DACH,Retail & E-commerce,41,3,SMS|Voice|Email,347945.99,187231.15,0.538,13443886,-0.5,8.1,1,58,Annual,5,False,Retain,4175351.88
CLT0290,2023-07,Enterprise,DACH,Retail & E-commerce,41,3,SMS|Voice|Email,354517.39,200956.55,0.567,13837886,0.0189,8.1,5,80,Annual,12,False,Expand,4334613.22
CLT0290,2023-08,Enterprise,DACH,Retail & E-commerce,41,3,SMS|Voice|Email,370266.62,200270.48,0.541,14475344,0.0444,8.1,1,3,Annual,7,False,Upsell,4640477.5
CLT0290,2023-09,Enterprise,DACH,Retail & E-commerce,41,3,SMS|Voice|Email,397863.53,176232.77,0.443,15703163,0.0745,8.1,5,39,Annual,2,False,Upsell,5130052.36
CLT0290,2023-10,Enterprise,DACH,Retail & E-commerce,41,3,SMS|Voice|Email,415139.79,183529.64,0.442,15827359,0.0434,8.1,3,20,Annual,3,False,Upsell,5197882.28
CLT0290,2023-11,Enterprise,DACH,Retail & E-commerce,41,3,SMS|Voice|Email,429408.56,169245.74,0.394,16178107,0.0344,8.1,0,63,Annual,3,False,Upsell,5330162.57
CLT0291,2023-01,Enterprise,North America,Retail & E-commerce,55,4,Voice|Email|WhatsApp Business|SMS,787278.84,363973.03,0.462,22891914,0.0,7.8,0,87,Multi-year,8,False,Expand,9447346.08
CLT0291,2023-03,Enterprise,North America,Retail & E-commerce,55,4,Voice|Email|WhatsApp Business|SMS,409727.78,164521.92,0.402,11875238,-0.4796,7.8,2,51,Multi-year,6,False,Retain,4916733.36
CLT0291,2023-04,Enterprise,North America,Retail & E-commerce,55,4,Voice|Email|WhatsApp Business|SMS,406636.15,181363.18,0.446,11579629,-0.0075,7.8,3,26,Multi-year,2,False,Nurture,4879633.8
CLT0291,2023-05,Enterprise,North America,Retail & E-commerce,55,4,Voice|Email|WhatsApp Business|SMS,822297.19,386402.31,0.47,23783465,1.0222,7.8,2,37,Multi-year,6,False,Expand,19954192.53
CLT0291,2023-06,Enterprise,North America,Retail & E-commerce,55,4,Voice|Email|WhatsApp Business|SMS,423765.89,196528.41,0.464,11682951,-0.4847,7.8,0,15,Multi-year,12,False,Retain,5085190.68
CLT0291,2023-07,Enterprise,North America,Retail & E-commerce,55,4,Voice|Email|WhatsApp Business|SMS,434575.1,210571.04,0.485,11830077,0.0255,7.8,1,81,Multi-year,4,False,Expand,5347881.18
CLT0291,2023-08,Enterprise,North America,Retail & E-commerce,55,4,Voice|Email|WhatsApp Business|SMS,452591.76,230012.11,0.508,12227815,0.0415,7.8,3,36,Multi-year,2,False,Expand,5656491.82
CLT0291,2023-09,Enterprise,North America,Retail & E-commerce,55,4,Voice|Email|WhatsApp Business|SMS,460450.37,251360.66,0.546,12422685,0.0174,7.8,2,64,Multi-year,11,False,Expand,5621546.48
CLT0291,2023-10,Enterprise,North America,Retail & E-commerce,55,4,Voice|Email|WhatsApp Business|SMS,485139.57,215469.77,0.444,13041718,0.0536,7.8,5,7,Multi-year,1,False,Expand,6133716.61
CLT0291,2023-11,Enterprise,North America,Retail & E-commerce,55,4,Voice|Email|WhatsApp Business|SMS,505948.81,238666.8,0.472,13895781,0.0429,7.8,4,44,Multi-year,5,False,Expand,6331848.17
CLT0292,2023-01,SMB,DACH,Retail & E-commerce,11,1,SMS,60731.04,25873.94,0.426,1518276,0.0,6.0,1,47,Monthly,6,False,Nurture,728772.48
CLT0292,2023-03,SMB,DACH,Retail & E-commerce,11,1,SMS,29299.36,11379.2,0.388,732484,-0.5176,6.0,2,72,Monthly,4,False,Retain,351592.32
CLT0292,2023-04,SMB,DACH,Retail & E-commerce,11,1,SMS,31517.6,17230.42,0.547,787940,0.0757,6.0,2,38,Monthly,6,False,Nurture,406841.79
CLT0292,2023-05,SMB,DACH,Retail & E-commerce,11,1,SMS,62188.84,30853.57,0.496,1554721,0.9731,6.0,3,46,Monthly,10,False,Nurture,1472457.6
CLT0292,2023-06,SMB,DACH,Retail & E-commerce,11,1,SMS,30813.36,18416.95,0.598,770334,-0.5045,6.0,1,44,Monthly,6,False,Retain,369760.32
CLT0292,2023-07,SMB,DACH,Retail & E-commerce,11,1,SMS,31207.32,16943.25,0.543,780183,0.0128,6.0,2,56,Monthly,3,False,Nurture,379281.28
CLT0292,2023-08,SMB,DACH,Retail & E-commerce,11,1,SMS,32239.24,14691.84,0.456,805981,0.0331,6.0,3,16,Monthly,7,False,Nurture,399676.31
CLT0292,2023-09,SMB,DACH,Retail & E-commerce,11,1,SMS,33282.76,15497.92,0.466,832069,0.0324,6.0,0,72,Monthly,11,False,Nurture,412333.46
CLT0292,2023-10,SMB,DACH,Retail & E-commerce,11,1,SMS,32923.4,12686.59,0.385,823085,-0.0108,6.0,2,28,Monthly,4,False,Nurture,395080.8
CLT0292,2023-11,SMB,DACH,Retail & E-commerce,11,1,SMS,34561.52,15190.68,0.44,864038,0.0498,6.0,2,48,Monthly,11,False,Nurture,435392.2
CLT0293,2023-01,Enterprise,North America,Retail & E-commerce,28,4,Voice|SMS|WhatsApp Business|Email,862352.81,390413.76,0.453,27883826,0.0,9.6,2,62,Annual,12,False,Expand,10348233.72
CLT0293,2023-03,Enterprise,North America,Retail & E-commerce,28,4,Voice|SMS|WhatsApp Business|Email,456975.74,225577.58,0.494,14695815,-0.4701,9.6,1,54,Annual,7,False,Retain,5483708.88
CLT0293,2023-04,Enterprise,North America,Retail & E-commerce,28,4,Voice|SMS|WhatsApp Business|Email,440265.85,185538.7,0.421,14552556,-0.0366,9.6,1,66,Annual,1,False,Nurture,5283190.2
CLT0293,2023-05,Enterprise,North America,Retail & E-commerce,28,4,Voice|SMS|WhatsApp Business|Email,892639.34,394105.58,0.442,32301354,1.0275,9.6,4,72,Annual,10,False,Expand,21717915.14
CLT0293,2023-06,Enterprise,North America,Retail & E-commerce,28,4,Voice|SMS|WhatsApp Business|Email,459850.34,225260.08,0.49,16999337,-0.4848,9.6,1,46,Annual,1,False,Retain,5518204.08
CLT0293,2023-07,Enterprise,North America,Retail & E-commerce,28,4,Voice|SMS|WhatsApp Business|Email,458789.68,245187.3,0.534,17397710,-0.0023,9.6,2,39,Annual,12,False,Nurture,5505476.16
CLT0293,2023-08,Enterprise,North America,Retail & E-commerce,28,4,Voice|SMS|WhatsApp Business|Email,451361.68,256395.68,0.568,17876127,-0.0162,9.6,0,75,Annual,2,False,Nurture,5416340.16
CLT0293,2023-09,Enterprise,North America,Retail & E-commerce,28,4,Voice|SMS|WhatsApp Business|Email,462190.19,208046.06,0.45,17986326,0.024,9.6,1,4,Annual,9,False,Expand,5679393.05
CLT0293,2023-10,Enterprise,North America,Retail & E-commerce,28,4,Voice|SMS|WhatsApp Business|Email,472068.14,218457.19,0.463,18308254,0.0214,9.6,1,54,Annual,12,False,Expand,5786044.78
CLT0293,2023-11,Enterprise,North America,Retail & E-commerce,28,4,Voice|SMS|WhatsApp Business|Email,467391.78,176990.71,0.379,18776411,-0.0099,9.6,1,7,Annual,5,False,Nurture,5608701.36
CLT0294,2023-01,SMB,Nordics,Logistics,2,2,Voice|SMS,77668.88,40495.47,0.521,1093176,0.0,7.5,0,26,Annual,2,False,Nurture,932026.56
CLT0294,2023-03,SMB,Nordics,Logistics,2,2,Voice|SMS,40138.76,20013.97,0.499,555945,-0.4832,7.5,1,61,Annual,2,False,Retain,481665.12
CLT0294,2023-04,SMB,Nordics,Logistics,2,2,Voice|SMS,40957.36,18460.4,0.451,570336,0.0204,7.5,2,48,Annual,6,False,Nurture,501514.68
CLT0294,2023-05,SMB,Nordics,Logistics,2,2,Voice|SMS,80321.36,35566.5,0.443,1143742,0.9611,7.5,0,88,Annual,8,False,Upsell,1890218.63
CLT0294,2023-06,SMB,Nordics,Logistics,2,2,Voice|SMS,41983.04,21339.26,0.508,601832,-0.4773,7.5,1,72,Annual,6,False,Retain,503796.48
CLT0294,2023-07,SMB,Nordics,Logistics,2,2,Voice|SMS,40307.6,22279.12,0.553,583030,-0.0399,7.5,2,21,Annual,2,False,Nurture,483691.2
CLT0294,2023-08,SMB,Nordics,Logistics,2,2,Voice|SMS,40848.92,20517.37,0.502,586271,0.0134,7.5,2,81,Annual,12,False,Nurture,496755.55
CLT0294,2023-09,SMB,Nordics,Logistics,2,2,Voice|SMS,43332.4,23593.67,0.544,608482,0.0608,7.5,1,75,Annual,8,False,Upsell,551604.12
CLT0294,2023-10,SMB,Nordics,Logistics,2,2,Voice|SMS,43931.08,24805.42,0.565,603863,0.0138,7.5,4,75,Annual,4,False,Nurture,534447.95
CLT0294,2023-11,SMB,Nordics,Logistics,2,2,Voice|SMS,45735.52,23312.81,0.51,621616,0.0411,7.5,2,29,Annual,7,False,Upsell,571383.0
CLT0295,2023-01,Mid-Market,UK & Ireland,Logistics,19,3,SMS|WhatsApp Business|Voice,512862.78,239443.71,0.467,7016658,0.0,6.7,4,72,Annual,7,False,Nurture,6154353.36
CLT0295,2023-03,Mid-Market,UK & Ireland,Logistics,19,3,SMS|WhatsApp Business|Voice,263189.28,126597.14,0.481,3624917,-0.4868,6.7,1,6,Annual,10,False,Retain,3158271.36
CLT0295,2023-04,Mid-Market,UK & Ireland,Logistics,19,3,SMS|WhatsApp Business|Voice,269784.93,115743.08,0.429,3638310,0.0251,6.7,2,88,Annual,4,False,Nurture,3318678.38
CLT0295,2023-05,Mid-Market,UK & Ireland,Logistics,19,3,SMS|WhatsApp Business|Voice,529827.29,245162.32,0.463,7197066,0.9639,6.7,4,9,Annual,11,False,Nurture,12486333.78
CLT0295,2023-06,Mid-Market,UK & Ireland,Logistics,19,3,SMS|WhatsApp Business|Voice,264800.38,121472.6,0.459,3699869,-0.5002,6.7,2,88,Annual,7,False,Retain,3177604.56
CLT0295,2023-07,Mid-Market,UK & Ireland,Logistics,19,3,SMS|WhatsApp Business|Voice,273336.4,140931.48,0.516,3797142,0.0322,6.7,5,5,Annual,9,False,Retain,3385653.98
CLT0295,2023-08,Mid-Market,UK & Ireland,Logistics,19,3,SMS|WhatsApp Business|Voice,280370.98,142377.49,0.508,3772153,0.0257,6.7,2,74,Annual,9,False,Nurture,3450918.17
CLT0295,2023-09,Mid-Market,UK & Ireland,Logistics,19,3,SMS|WhatsApp Business|Voice,287992.04,145641.0,0.506,3740741,0.0272,6.7,1,65,Annual,9,False,Nurture,3549905.08
CLT0295,2023-10,Mid-Market,UK & Ireland,Logistics,19,3,SMS|WhatsApp Business|Voice,294691.09,159979.85,0.543,3870498,0.0233,6.7,1,45,Annual,11,False,Nurture,3618688.71
CLT0295,2023-11,Mid-Market,UK & Ireland,Logistics,19,3,SMS|WhatsApp Business|Voice,284370.78,134177.68,0.472,3788913,-0.035,6.7,1,87,Annual,1,False,Nurture,3412449.36
CLT0296,2023-01,SMB,Southern Europe,Retail & E-commerce,7,1,Email,6352.26,2505.97,0.395,1270451,0.0,5.5,2,12,Annual,1,False,Retain,76227.12
CLT0296,2023-03,SMB,Southern Europe,Retail & E-commerce,7,1,Email,3158.18,1592.34,0.504,631637,-0.5028,5.5,1,48,Annual,6,False,Retain,37898.16
CLT0296,2023-04,SMB,Southern Europe,Retail & E-commerce,7,1,Email,3121.02,1516.19,0.486,624204,-0.0118,5.5,2,71,Annual,4,False,Retain,37452.24
CLT0296,2023-05,SMB,Southern Europe,Retail & E-commerce,7,1,Email,6569.74,2613.94,0.398,1313947,1.105,5.5,4,77,Annual,2,False,Retain,165951.63
CLT0296,2023-06,SMB,Southern Europe,Retail & E-commerce,7,1,Email,3576.17,1745.61,0.488,715234,-0.4557,5.5,2,12,Annual,2,False,Retain,42914.04
CLT0296,2023-07,SMB,Southern Europe,Retail & E-commerce,7,1,Email,3717.97,1837.72,0.494,743593,0.0397,5.5,5,48,Annual,4,False,Retain,46386.88
CLT0296,2023-08,SMB,Southern Europe,Retail & E-commerce,7,1,Email,3718.49,1517.78,0.408,743697,0.0001,5.5,3,23,Annual,1,False,Retain,44626.34
CLT0296,2023-09,SMB,Southern Europe,Retail & E-commerce,7,1,Email,3789.87,1681.56,0.444,757973,0.0192,5.5,4,21,Annual,7,False,Retain,46351.63
CLT0296,2023-10,SMB,Southern Europe,Retail & E-commerce,7,1,Email,3873.78,2266.16,0.585,774755,0.0221,5.5,1,37,Annual,1,False,Retain,47512.69
CLT0296,2023-11,SMB,Southern Europe,Retail & E-commerce,7,1,Email,3836.86,2144.37,0.559,767371,-0.0095,5.5,1,5,Annual,10,False,Retain,46042.32
CLT0297,2023-01,Mid-Market,Southern Europe,Technology & SaaS,16,3,Email|SMS|Verification,198775.87,97671.58,0.491,17277631,0.0,6.7,2,25,Monthly,11,False,Nurture,2385310.44
CLT0297,2023-03,Mid-Market,Southern Europe,Technology & SaaS,16,3,Email|SMS|Verification,99113.07,44353.01,0.447,8841399,-0.5014,6.7,1,87,Monthly,12,False,Retain,1189356.84
CLT0297,2023-04,Mid-Market,Southern Europe,Technology & SaaS,16,3,Email|SMS|Verification,99495.62,55216.81,0.555,8943514,0.0039,6.7,3,31,Monthly,12,False,Nurture,1198603.84
CLT0297,2023-05,Mid-Market,Southern Europe,Technology & SaaS,16,3,Email|SMS|Verification,199699.59,106222.37,0.532,18336625,1.0071,6.7,2,28,Monthly,10,False,Nurture,4809804.57
CLT0297,2023-06,Mid-Market,Southern Europe,Technology & SaaS,16,3,Email|SMS|Verification,98915.19,54153.75,0.547,9414401,-0.5047,6.7,0,56,Monthly,4,False,Retain,1186982.28
CLT0297,2023-07,Mid-Market,Southern Europe,Technology & SaaS,16,3,Email|SMS|Verification,96440.49,54737.08,0.568,9025547,-0.025,6.7,0,64,Monthly,10,False,Nurture,1157285.88
CLT0297,2023-08,Mid-Market,Southern Europe,Technology & SaaS,16,3,Email|SMS|Verification,97926.06,45543.16,0.465,8721539,0.0154,6.7,0,6,Monthly,3,False,Nurture,1193209.46
CLT0297,2023-09,Mid-Market,Southern Europe,Technology & SaaS,16,3,Email|SMS|Verification,96459.84,43853.38,0.455,8164769,-0.015,6.7,2,1,Monthly,11,False,Nurture,1157518.08
CLT0297,2023-10,Mid-Market,Southern Europe,Technology & SaaS,16,3,Email|SMS|Verification,98524.01,54313.42,0.551,8040485,0.0214,6.7,2,86,Monthly,4,False,Nurture,1207589.09
CLT0297,2023-11,Mid-Market,Southern Europe,Technology & SaaS,16,3,Email|SMS|Verification,95140.22,43031.15,0.452,7782479,-0.0343,6.7,1,70,Monthly,9,False,Nurture,1141682.64
CLT0298,2023-01,SMB,Nordics,Technology & SaaS,24,1,Verification,19250.56,9663.96,0.502,240632,0.0,6.4,3,82,Monthly,8,False,Nurture,231006.72
CLT0298,2023-03,SMB,Nordics,Technology & SaaS,24,1,Verification,9573.28,3929.03,0.41,119666,-0.5027,6.4,1,67,Monthly,3,False,Retain,114879.36
CLT0298,2023-04,SMB,Nordics,Technology & SaaS,24,1,Verification,10168.4,4970.33,0.489,127105,0.0622,6.4,2,84,Monthly,2,False,Nurture,129610.49
CLT0298,2023-05,SMB,Nordics,Technology & SaaS,24,1,Verification,22373.36,12055.59,0.539,279667,1.2003,6.4,1,72,Monthly,9,False,Nurture,590737.25
CLT0298,2023-06,SMB,Nordics,Technology & SaaS,24,1,Verification,11263.12,4033.64,0.358,140789,-0.4966,6.4,2,79,Monthly,4,False,Retain,135157.44
CLT0298,2023-07,SMB,Nordics,Technology & SaaS,24,1,Verification,11384.56,5116.5,0.449,142307,0.0108,6.4,2,68,Monthly,5,False,Nurture,138090.16
CLT0298,2023-08,SMB,Nordics,Technology & SaaS,24,1,Verification,12094.24,7043.77,0.582,151178,0.0623,6.4,1,37,Monthly,8,False,Nurture,154172.53
CLT0298,2023-09,SMB,Nordics,Technology & SaaS,24,1,Verification,12470.16,5175.46,0.415,155877,0.0311,6.4,2,67,Monthly,2,False,Nurture,154295.78
CLT0298,2023-10,SMB,Nordics,Technology & SaaS,24,1,Verification,12301.44,4786.1,0.389,153768,-0.0135,6.4,0,53,Monthly,8,False,Nurture,147617.28
CLT0298,2023-11,SMB,Nordics,Technology & SaaS,24,1,Verification,12888.88,5638.22,0.437,161111,0.0478,6.4,3,56,Monthly,7,False,Nurture,162059.62
CLT0299,2023-01,SMB,LATAM,Gaming & Entertainment,10,2,Verification|SMS,95606.56,47967.89,0.502,1395978,0.0,5.5,1,32,Annual,12,False,Retain,1147278.72
CLT0299,2023-03,SMB,LATAM,Gaming & Entertainment,10,2,Verification|SMS,54629.24,27771.0,0.508,794508,-0.4286,5.5,3,35,Annual,3,False,Retain,655550.88
CLT0299,2023-04,SMB,LATAM,Gaming & Entertainment,10,2,Verification|SMS,57467.88,24527.6,0.427,832883,0.052,5.5,4,2,Annual,9,False,Retain,725474.52
CLT0299,2023-05,SMB,LATAM,Gaming & Entertainment,10,2,Verification|SMS,124905.2,55335.42,0.443,1786242,1.1735,5.5,1,30,Annual,5,False,Retain,3257777.43
CLT0299,2023-06,SMB,LATAM,Gaming & Entertainment,10,2,Verification|SMS,67284.32,35642.55,0.53,959090,-0.4613,5.5,5,66,Annual,12,False,Retain,807411.84
CLT0299,2023-07,SMB,LATAM,Gaming & Entertainment,10,2,Verification|SMS,72936.6,42936.92,0.589,1033879,0.084,5.5,0,12,Annual,3,False,Retain,948759.29
CLT0299,2023-08,SMB,LATAM,Gaming & Entertainment,10,2,Verification|SMS,76340.96,36026.63,0.472,1085266,0.0467,5.5,3,38,Annual,3,False,Retain,958872.99
CLT0299,2023-09,SMB,LATAM,Gaming & Entertainment,10,2,Verification|SMS,79165.76,38723.5,0.489,1137211,0.037,5.5,3,52,Annual,7,False,Retain,985138.72
CLT0299,2023-10,SMB,LATAM,Gaming & Entertainment,10,2,Verification|SMS,77408.68,31067.42,0.401,1122998,-0.0222,5.5,2,38,Annual,8,False,Retain,928904.16
CLT0299,2023-11,SMB,LATAM,Gaming & Entertainment,10,2,Verification|SMS,79813.2,44364.54,0.556,1159097,0.0311,5.5,1,36,Annual,3,False,Retain,987544.69
CLT0300,2023-01,SMB,North America,Retail & E-commerce,9,2,Email|SMS,87081.49,39535.89,0.454,3801649,0.0,6.6,0,53,Annual,5,False,Nurture,1044977.88
CLT0300,2023-03,SMB,North America,Retail & E-commerce,9,2,Email|SMS,45022.42,25229.62,0.56,1947666,-0.483,6.6,5,36,Annual,1,False,Retain,540269.04
CLT0300,2023-04,SMB,North America,Retail & E-commerce,9,2,Email|SMS,43461.31,17170.19,0.395,1936191,-0.0347,6.6,0,33,Annual,8,False,Nurture,521535.72
CLT0300,2023-05,SMB,North America,Retail & E-commerce,9,2,Email|SMS,89618.88,45067.38,0.503,4052205,1.062,6.6,0,83,Annual,9,False,Nurture,2217529.57
CLT0300,2023-06,SMB,North America,Retail & E-commerce,9,2,Email|SMS,45667.08,25273.7,0.553,2107398,-0.4904,6.6,1,25,Annual,11,False,Retain,548004.96
CLT0300,2023-07,SMB,North America,Retail & E-commerce,9,2,Email|SMS,47294.37,23461.53,0.496,2192558,0.0356,6.6,2,22,Annual,8,False,Nurture,587736.59
CLT0300,2023-08,SMB,North America,Retail & E-commerce,9,2,Email|SMS,49545.75,27309.94,0.551,2206244,0.0476,6.6,1,77,Annual,7,False,Nurture,622849.53
CLT0300,2023-09,SMB,North America,Retail & E-commerce,9,2,Email|SMS,54067.77,21790.89,0.403,2371721,0.0913,6.6,5,53,Annual,4,False,Retain,708049.89
CLT0300,2023-10,SMB,North America,Retail & E-commerce,9,2,Email|SMS,52635.05,19405.71,0.369,2337807,-0.0265,6.6,1,57,Annual,10,False,Nurture,631620.6
CLT0300,2023-11,SMB,North America,Retail & E-commerce,9,2,Email|SMS,53602.51,20992.01,0.392,2346535,0.0184,6.6,2,84,Annual,6,False,Nurture,655065.55
CLT0301,2023-01,SMB,LATAM,Gaming & Entertainment,6,2,SMS|Verification,33639.96,17593.14,0.523,558441,0.0,6.2,3,67,Annual,2,False,Nurture,403679.52
CLT0301,2023-03,SMB,LATAM,Gaming & Entertainment,6,2,SMS|Verification,17976.4,7828.26,0.435,300444,-0.4656,6.2,1,88,Annual,12,False,Retain,215716.8
CLT0301,2023-04,SMB,LATAM,Gaming & Entertainment,6,2,SMS|Verification,17615.8,6976.17,0.396,298904,-0.0201,6.2,1,71,Annual,8,False,Nurture,211389.6
CLT0301,2023-05,SMB,LATAM,Gaming & Entertainment,6,2,SMS|Verification,36775.92,16413.73,0.446,623427,1.0877,6.2,1,57,Annual,5,False,Nurture,921325.06
CLT0301,2023-06,SMB,LATAM,Gaming & Entertainment,6,2,SMS|Verification,19716.56,8967.36,0.455,336302,-0.4639,6.2,2,35,Annual,10,False,Retain,236598.72
CLT0301,2023-07,SMB,LATAM,Gaming & Entertainment,6,2,SMS|Verification,20346.28,9885.69,0.486,350611,0.0319,6.2,1,73,Annual,3,False,Nurture,251943.92
CLT0301,2023-08,SMB,LATAM,Gaming & Entertainment,6,2,SMS|Verification,20576.6,7855.25,0.382,362155,0.0113,6.2,2,40,Annual,7,False,Nurture,249709.39
CLT0301,2023-09,SMB,LATAM,Gaming & Entertainment,6,2,SMS|Verification,20272.44,10841.36,0.535,362642,-0.0148,6.2,2,68,Annual,8,False,Nurture,243269.28
CLT0301,2023-10,SMB,LATAM,Gaming & Entertainment,6,2,SMS|Verification,20888.36,10265.22,0.491,373292,0.0304,6.2,4,85,Annual,2,False,Nurture,258280.39
CLT0301,2023-11,SMB,LATAM,Gaming & Entertainment,6,2,SMS|Verification,21722.6,11169.36,0.514,384859,0.0399,6.2,1,40,Annual,5,False,Nurture,271071.98
CLT0302,2023-01,Mid-Market,UK & Ireland,Fintech,25,4,SMS|Voice|Verification|WhatsApp Business,404625.79,185183.96,0.458,3516396,0.0,6.9,3,50,Multi-year,10,False,Nurture,4855509.48
CLT0302,2023-03,Mid-Market,UK & Ireland,Fintech,25,4,SMS|Voice|Verification|WhatsApp Business,198623.92,90129.93,0.454,1694853,-0.5091,6.9,3,28,Multi-year,10,False,Retain,2383487.04
CLT0302,2023-04,Mid-Market,UK & Ireland,Fintech,25,4,SMS|Voice|Verification|WhatsApp Business,197052.54,88699.27,0.45,1696836,-0.0079,6.9,3,79,Multi-year,12,False,Nurture,2364630.48
CLT0302,2023-05,Mid-Market,UK & Ireland,Fintech,25,4,SMS|Voice|Verification|WhatsApp Business,403332.2,168567.99,0.418,3501080,1.0468,6.9,3,43,Multi-year,4,False,Nurture,9906484.16
CLT0302,2023-06,Mid-Market,UK & Ireland,Fintech,25,4,SMS|Voice|Verification|WhatsApp Business,207913.44,96525.69,0.464,1893645,-0.4845,6.9,0,12,Multi-year,6,False,Retain,2494961.28
CLT0302,2023-07,Mid-Market,UK & Ireland,Fintech,25,4,SMS|Voice|Verification|WhatsApp Business,211784.06,112115.26,0.529,1941757,0.0186,6.9,0,43,Multi-year,7,False,Nurture,2588678.92
CLT0302,2023-08,Mid-Market,UK & Ireland,Fintech,25,4,SMS|Voice|Verification|WhatsApp Business,212554.08,95917.13,0.451,1977921,0.0036,6.9,2,52,Multi-year,5,False,Nurture,2559831.3
CLT0302,2023-09,Mid-Market,UK & Ireland,Fintech,25,4,SMS|Voice|Verification|WhatsApp Business,212261.19,92505.55,0.436,1964472,-0.0014,6.9,2,84,Multi-year,3,False,Nurture,2547134.28
CLT0302,2023-10,Mid-Market,UK & Ireland,Fintech,25,4,SMS|Voice|Verification|WhatsApp Business,213296.32,89753.06,0.421,2043681,0.0049,6.9,0,26,Multi-year,10,False,Nurture,2572097.66
CLT0302,2023-11,Mid-Market,UK & Ireland,Fintech,25,4,SMS|Voice|Verification|WhatsApp Business,211055.23,94180.21,0.446,2083607,-0.0105,6.9,1,36,Multi-year,1,False,Nurture,2532662.76
CLT0303,2023-01,Enterprise,LATAM,Logistics,51,4,Verification|WhatsApp Business|SMS|Voice,1643792.24,730190.08,0.444,17236801,0.0,7.9,0,20,Annual,11,False,Expand,19725506.88
CLT0303,2023-03,Enterprise,LATAM,Logistics,51,4,Verification|WhatsApp Business|SMS|Voice,845448.23,396052.72,0.468,8653244,-0.4857,7.9,1,49,Annual,10,False,Retain,10145378.76
CLT0303,2023-04,Enterprise,LATAM,Logistics,51,4,Verification|WhatsApp Business|SMS|Voice,881133.42,425079.05,0.482,9217699,0.0422,7.9,1,2,Annual,9,False,Expand,11019807.0
CLT0303,2023-05,Enterprise,LATAM,Logistics,51,4,Verification|WhatsApp Business|SMS|Voice,1946039.24,826120.29,0.425,20426046,1.2086,7.9,0,73,Annual,7,False,Expand,51576267.19
CLT0303,2023-06,Enterprise,LATAM,Logistics,51,4,Verification|WhatsApp Business|SMS|Voice,1018951.3,455312.56,0.447,10635377,-0.4764,7.9,1,35,Annual,10,False,Retain,12227415.6
CLT0303,2023-07,Enterprise,LATAM,Logistics,51,4,Verification|WhatsApp Business|SMS|Voice,1067265.94,479330.09,0.449,11155188,0.0474,7.9,2,50,Annual,7,False,Expand,13414252.15
CLT0303,2023-08,Enterprise,LATAM,Logistics,51,4,Verification|WhatsApp Business|SMS|Voice,1137312.02,630587.91,0.554,11994191,0.0656,7.9,5,54,Annual,11,False,Expand,14543036.26
CLT0303,2023-09,Enterprise,LATAM,Logistics,51,4,Verification|WhatsApp Business|SMS|Voice,1225924.87,552181.91,0.45,12849074,0.0779,7.9,0,67,Annual,2,False,Expand,15857093.01
CLT0303,2023-10,Enterprise,LATAM,Logistics,51,4,Verification|WhatsApp Business|SMS|Voice,1240999.36,512061.83,0.413,13292496,0.0123,7.9,0,16,Annual,11,False,Expand,15075163.83
CLT0303,2023-11,Enterprise,LATAM,Logistics,51,4,Verification|WhatsApp Business|SMS|Voice,1326207.89,585002.65,0.441,14192418,0.0687,7.9,3,69,Annual,3,False,Expand,17007820.46
CLT0304,2023-01,SMB,North America,Fintech,2,2,SMS|Verification,74254.96,35406.77,0.477,1820525,0.0,6.8,6,18,Monthly,10,False,Retain,891059.52
CLT0304,2023-03,SMB,North America,Fintech,2,2,SMS|Verification,38978.76,14678.33,0.377,955923,-0.4751,6.8,2,19,Monthly,4,False,Retain,467745.12
CLT0304,2023-04,SMB,North America,Fintech,2,2,SMS|Verification,43753.4,21311.48,0.487,1074923,0.1225,6.8,1,86,Monthly,11,False,Nurture,589358.3
CLT0304,2023-05,SMB,North America,Fintech,2,2,SMS|Verification,89664.84,42119.69,0.47,2202375,1.0493,6.8,1,81,Monthly,11,False,Nurture,2205001.88
CLT0304,2023-06,SMB,North America,Fintech,2,2,SMS|Verification,49259.04,26831.3,0.545,1211503,-0.4506,6.8,1,18,Monthly,5,False,Retain,591108.48
CLT0304,2023-07,SMB,North America,Fintech,2,2,SMS|Verification,51315.68,22046.14,0.43,1261740,0.0418,6.8,2,50,Monthly,9,False,Nurture,641528.11
CLT0304,2023-08,SMB,North America,Fintech,2,2,SMS|Verification,52851.6,30464.12,0.576,1298619,0.0299,6.8,2,63,Monthly,3,False,Nurture,653182.35
CLT0304,2023-09,SMB,North America,Fintech,2,2,SMS|Verification,56055.04,30620.25,0.546,1379819,0.0606,6.8,1,24,Monthly,1,False,Nurture,713423.71
CLT0304,2023-10,SMB,North America,Fintech,2,2,SMS|Verification,58942.96,29320.27,0.497,1451768,0.0515,6.8,0,29,Monthly,8,False,Nurture,743742.27
CLT0304,2023-11,SMB,North America,Fintech,2,2,SMS|Verification,63667.76,33834.13,0.531,1570246,0.0802,6.8,2,27,Monthly,4,False,Nurture,825286.97
CLT0305,2023-01,Enterprise,DACH,Technology & SaaS,53,2,SMS|Email,257499.84,127841.72,0.496,15397070,0.0,7.8,5,63,Multi-year,12,False,Retain,3089998.08
CLT0305,2023-03,Enterprise,DACH,Technology & SaaS,53,2,SMS|Email,143819.64,66073.57,0.459,8674648,-0.4415,7.8,4,72,Multi-year,5,False,Retain,1725835.68
CLT0305,2023-04,Enterprise,DACH,Technology & SaaS,53,2,SMS|Email,151637.46,72822.31,0.48,9302110,0.0544,7.8,1,7,Multi-year,7,False,Upsell,1918638.45
CLT0305,2023-05,Enterprise,DACH,Technology & SaaS,53,2,SMS|Email,301636.6,134423.76,0.446,19091067,0.9892,7.8,3,87,Multi-year,12,False,Upsell,7200186.3
CLT0305,2023-06,Enterprise,DACH,Technology & SaaS,53,2,SMS|Email,163589.96,65950.67,0.403,10168296,-0.4577,7.8,2,9,Multi-year,4,False,Retain,1963079.52
CLT0305,2023-07,Enterprise,DACH,Technology & SaaS,53,2,SMS|Email,156578.78,70724.74,0.452,10086002,-0.0429,7.8,2,66,Multi-year,7,False,Nurture,1878945.36
CLT0305,2023-08,Enterprise,DACH,Technology & SaaS,53,2,SMS|Email,171580.6,86125.82,0.502,10993549,0.0958,7.8,3,63,Multi-year,5,False,Upsell,2256216.26
CLT0305,2023-09,Enterprise,DACH,Technology & SaaS,53,2,SMS|Email,181173.43,95279.82,0.526,11234486,0.0559,7.8,1,67,Multi-year,6,False,Upsell,2295612.3
CLT0305,2023-10,Enterprise,DACH,Technology & SaaS,53,2,SMS|Email,196463.88,84140.08,0.428,11699323,0.0844,7.8,6,64,Multi-year,9,False,Upsell,2556545.18
CLT0305,2023-11,Enterprise,DACH,Technology & SaaS,53,2,SMS|Email,203417.54,98568.14,0.485,11899683,0.0354,7.8,5,32,Multi-year,1,False,Upsell,2527422.25
CLT0306,2023-01,SMB,APAC,Retail & E-commerce,21,1,WhatsApp Business,31308.75,17946.15,0.573,56925,0.0,8.5,2,34,Multi-year,6,False,Nurture,375705.0
CLT0306,2023-03,SMB,APAC,Retail & E-commerce,21,1,WhatsApp Business,16796.45,8556.31,0.509,30539,-0.4635,8.5,3,42,Multi-year,10,False,Retain,201557.4
CLT0306,2023-04,SMB,APAC,Retail & E-commerce,21,1,WhatsApp Business,16930.1,7275.21,0.43,30782,0.008,8.5,2,50,Multi-year,11,False,Nurture,204786.49
CLT0306,2023-05,SMB,APAC,Retail & E-commerce,21,1,WhatsApp Business,33132.55,16437.14,0.496,60241,0.957,8.5,0,42,Multi-year,11,False,Upsell,778084.8
CLT0306,2023-06,SMB,APAC,Retail & E-commerce,21,1,WhatsApp Business,18366.15,8227.07,0.448,33393,-0.4457,8.5,0,58,Multi-year,11,False,Retain,220393.8
CLT0306,2023-07,SMB,APAC,Retail & E-commerce,21,1,WhatsApp Business,18173.65,8884.41,0.489,33043,-0.0105,8.5,1,52,Multi-year,11,False,Nurture,218083.8
CLT0306,2023-08,SMB,APAC,Retail & E-commerce,21,1,WhatsApp Business,18104.9,7118.0,0.393,32918,-0.0038,8.5,3,86,Multi-year,6,False,Nurture,217258.8
CLT0306,2023-09,SMB,APAC,Retail & E-commerce,21,1,WhatsApp Business,18756.1,10642.1,0.567,34102,0.036,8.5,2,59,Multi-year,9,False,Upsell,233175.84
CLT0306,2023-10,SMB,APAC,Retail & E-commerce,21,1,WhatsApp Business,20260.9,7134.99,0.352,36838,0.0802,8.5,2,50,Multi-year,9,False,Upsell,262629.89
CLT0306,2023-11,SMB,APAC,Retail & E-commerce,21,1,WhatsApp Business,20150.9,7588.27,0.377,36638,-0.0054,8.5,4,87,Multi-year,1,False,Nurture,241810.8
CLT0307,2023-01,Mid-Market,APAC,Technology & SaaS,27,4,Email|SMS|Verification|Voice,190872.77,98803.15,0.518,7482445,0.0,7.4,0,7,Monthly,6,False,Nurture,2290473.24
CLT0307,2023-03,Mid-Market,APAC,Technology & SaaS,27,4,Email|SMS|Verification|Voice,101330.44,50501.89,0.498,3986671,-0.4691,7.4,2,44,Monthly,2,False,Retain,1215965.28
CLT0307,2023-04,Mid-Market,APAC,Technology & SaaS,27,4,Email|SMS|Verification|Voice,105639.32,44814.04,0.424,4102570,0.0425,7.4,0,17,Monthly,7,False,Nurture,1321547.89
CLT0307,2023-05,Mid-Market,APAC,Technology & SaaS,27,4,Email|SMS|Verification|Voice,214334.8,105899.13,0.494,8400760,1.0289,7.4,7,82,Monthly,12,False,Retain,5218366.51
CLT0307,2023-06,Mid-Market,APAC,Technology & SaaS,27,4,Email|SMS|Verification|Voice,111525.21,49463.55,0.444,4450216,-0.4797,7.4,1,62,Monthly,11,False,Retain,1338302.52
CLT0307,2023-07,Mid-Market,APAC,Technology & SaaS,27,4,Email|SMS|Verification|Voice,113879.14,54078.87,0.475,4463842,0.0211,7.4,1,55,Monthly,5,False,Nurture,1395383.88
CLT0307,2023-08,Mid-Market,APAC,Technology & SaaS,27,4,Email|SMS|Verification|Voice,114953.99,50710.71,0.441,4534001,0.0094,7.4,4,82,Monthly,5,False,Nurture,1392414.69
CLT0307,2023-09,Mid-Market,APAC,Technology & SaaS,27,4,Email|SMS|Verification|Voice,117828.54,54454.03,0.462,4485556,0.025,7.4,3,78,Monthly,5,False,Nurture,1449291.04
CLT0307,2023-10,Mid-Market,APAC,Technology & SaaS,27,4,Email|SMS|Verification|Voice,120259.89,59785.59,0.497,4642908,0.0206,7.4,2,28,Monthly,7,False,Nurture,1472846.92
CLT0307,2023-11,Mid-Market,APAC,Technology & SaaS,27,4,Email|SMS|Verification|Voice,122687.38,53160.05,0.433,4717391,0.0202,7.4,1,29,Monthly,3,False,Nurture,1501987.98
CLT0308,2023-01,Mid-Market,Southern Europe,Logistics,9,2,Voice|SMS,52779.68,23100.63,0.438,1106576,0.0,7.0,1,60,Annual,1,False,Nurture,633356.16
CLT0308,2023-03,Mid-Market,Southern Europe,Logistics,9,2,Voice|SMS,26486.84,14781.63,0.558,563263,-0.4982,7.0,2,48,Annual,7,False,Retain,317842.08
CLT0308,2023-04,Mid-Market,Southern Europe,Logistics,9,2,Voice|SMS,27919.32,10885.59,0.39,590929,0.0541,7.0,1,14,Annual,5,False,Upsell,353157.06
CLT0308,2023-05,Mid-Market,Southern Europe,Logistics,9,2,Voice|SMS,57739.28,25643.33,0.444,1211684,1.0681,7.0,3,56,Annual,6,False,Upsell,1432927.26
CLT0308,2023-06,Mid-Market,Southern Europe,Logistics,9,2,Voice|SMS,29519.24,11490.51,0.389,608673,-0.4887,7.0,2,25,Annual,5,False,Retain,354230.88
CLT0308,2023-07,Mid-Market,Southern Europe,Logistics,9,2,Voice|SMS,30450.04,13510.01,0.444,634491,0.0315,7.0,0,33,Annual,3,False,Upsell,376910.6
CLT0308,2023-08,Mid-Market,Southern Europe,Logistics,9,2,Voice|SMS,30971.0,12220.25,0.395,635487,0.0171,7.0,2,6,Annual,1,False,Nurture,378007.25
CLT0308,2023-09,Mid-Market,Southern Europe,Logistics,9,2,Voice|SMS,32033.24,17857.16,0.557,664711,0.0343,7.0,2,38,Annual,3,False,Upsell,397583.76
CLT0308,2023-10,Mid-Market,Southern Europe,Logistics,9,2,Voice|SMS,33851.16,17036.44,0.503,706221,0.0568,7.0,3,12,Annual,11,False,Upsell,429286.87
CLT0308,2023-11,Mid-Market,Southern Europe,Logistics,9,2,Voice|SMS,32329.12,17387.38,0.538,672592,-0.045,7.0,1,66,Annual,7,False,Nurture,387949.44
CLT0309,2023-01,Enterprise,DACH,Logistics,49,3,SMS|WhatsApp Business|Voice,1062138.41,570440.45,0.537,12941379,0.0,8.7,5,57,Annual,5,False,Expand,12745660.92
CLT0309,2023-03,Enterprise,DACH,Logistics,49,3,SMS|WhatsApp Business|Voice,565501.02,288146.25,0.51,6808392,-0.4676,8.7,2,59,Annual,12,False,Retain,6786012.24
CLT0309,2023-04,Enterprise,DACH,Logistics,49,3,SMS|WhatsApp Business|Voice,573474.98,259812.27,0.453,6936780,0.0141,8.7,1,13,Annual,6,False,Expand,6978731.73
CLT0309,2023-05,Enterprise,DACH,Logistics,49,3,SMS|WhatsApp Business|Voice,1215892.97,618902.83,0.509,14597712,1.1202,8.7,2,18,Annual,1,False,Upsell,30935235.3
CLT0309,2023-06,Enterprise,DACH,Logistics,49,3,SMS|WhatsApp Business|Voice,629052.88,322659.73,0.513,7485257,-0.4826,8.7,2,32,Annual,6,False,Retain,7548634.56
CLT0309,2023-07,Enterprise,DACH,Logistics,49,3,SMS|WhatsApp Business|Voice,639607.08,314011.9,0.491,7282118,0.0168,8.7,2,11,Annual,11,False,Expand,7804229.75
CLT0309,2023-08,Enterprise,DACH,Logistics,49,3,SMS|WhatsApp Business|Voice,649184.12,352131.96,0.542,7382005,0.015,8.7,1,74,Annual,2,False,Expand,7907062.58
CLT0309,2023-09,Enterprise,DACH,Logistics,49,3,SMS|WhatsApp Business|Voice,640890.42,266463.05,0.416,7412882,-0.0128,8.7,1,74,Annual,9,False,Nurture,7690685.04
CLT0309,2023-10,Enterprise,DACH,Logistics,49,3,SMS|WhatsApp Business|Voice,651798.69,356190.79,0.546,7570722,0.017,8.7,2,45,Annual,11,False,Expand,7954551.21
CLT0309,2023-11,Enterprise,DACH,Logistics,49,3,SMS|WhatsApp Business|Voice,648049.34,267893.85,0.413,7763636,-0.0058,8.7,3,85,Annual,1,False,Nurture,7776592.08
CLT0310,2023-01,Mid-Market,UK & Ireland,Gaming & Entertainment,9,2,SMS|Verification,91054.0,41976.57,0.461,1540198,0.0,8.2,4,44,Monthly,7,False,Nurture,1092648.0
CLT0310,2023-03,Mid-Market,UK & Ireland,Gaming & Entertainment,9,2,SMS|Verification,46903.96,18684.15,0.398,816198,-0.4849,8.2,1,48,Monthly,11,False,Retain,562847.52
CLT0310,2023-04,Mid-Market,UK & Ireland,Gaming & Entertainment,9,2,SMS|Verification,48595.2,24682.97,0.508,830181,0.0361,8.2,1,13,Monthly,4,False,Upsell,604193.84
CLT0310,2023-05,Mid-Market,UK & Ireland,Gaming & Entertainment,9,2,SMS|Verification,98019.92,47112.54,0.481,1698207,1.0171,8.2,2,29,Monthly,6,False,Upsell,2372591.77
CLT0310,2023-06,Mid-Market,UK & Ireland,Gaming & Entertainment,9,2,SMS|Verification,51172.24,25225.1,0.493,894901,-0.4779,8.2,0,71,Monthly,6,False,Retain,614066.88
CLT0310,2023-07,Mid-Market,UK & Ireland,Gaming & Entertainment,9,2,SMS|Verification,51141.28,19121.72,0.374,899435,-0.0006,8.2,3,7,Monthly,9,False,Nurture,613695.36
CLT0310,2023-08,Mid-Market,UK & Ireland,Gaming & Entertainment,9,2,SMS|Verification,52796.24,22933.88,0.434,935296,0.0324,8.2,4,12,Monthly,11,False,Upsell,654082.06
CLT0310,2023-09,Mid-Market,UK & Ireland,Gaming & Entertainment,9,2,SMS|Verification,53749.12,25384.54,0.472,946880,0.018,8.2,2,34,Monthly,4,False,Nurture,656599.25
CLT0310,2023-10,Mid-Market,UK & Ireland,Gaming & Entertainment,9,2,SMS|Verification,55484.32,24307.53,0.438,971517,0.0323,8.2,2,24,Monthly,3,False,Upsell,687317.56
CLT0310,2023-11,Mid-Market,UK & Ireland,Gaming & Entertainment,9,2,SMS|Verification,58482.88,29878.62,0.511,1029664,0.054,8.2,4,73,Monthly,9,False,Upsell,739691.47
CLT0311,2023-01,Enterprise,APAC,Technology & SaaS,21,2,Email|SMS,368439.95,168643.86,0.458,27514560,0.0,7.4,0,61,Annual,7,False,Nurture,4421279.4
CLT0311,2023-03,Enterprise,APAC,Technology & SaaS,21,2,Email|SMS,212328.75,103010.56,0.485,15988418,-0.4237,7.4,2,53,Annual,12,False,Retain,2547945.0
CLT0311,2023-04,Enterprise,APAC,Technology & SaaS,21,2,Email|SMS,223207.97,100043.27,0.448,17188937,0.0512,7.4,1,27,Annual,3,False,Upsell,2815634.62
CLT0311,2023-05,Enterprise,APAC,Technology & SaaS,21,2,Email|SMS,479490.98,214978.18,0.448,36107059,1.1482,7.4,1,63,Annual,11,False,Upsell,12360510.28
CLT0311,2023-06,Enterprise,APAC,Technology & SaaS,21,2,Email|SMS,251041.43,111720.03,0.445,19086594,-0.4764,7.4,0,76,Annual,12,False,Retain,3012497.16
CLT0311,2023-07,Enterprise,APAC,Technology & SaaS,21,2,Email|SMS,273994.7,139526.59,0.509,20218085,0.0914,7.4,2,7,Annual,5,False,Upsell,3588453.79
CLT0311,2023-08,Enterprise,APAC,Technology & SaaS,21,2,Email|SMS,281947.81,142157.76,0.504,20413769,0.029,7.4,4,17,Annual,4,False,Nurture,3481491.56
CLT0311,2023-09,Enterprise,APAC,Technology & SaaS,21,2,Email|SMS,279579.63,159070.25,0.569,20788498,-0.0084,7.4,2,27,Annual,9,False,Nurture,3354955.56
CLT0311,2023-10,Enterprise,APAC,Technology & SaaS,21,2,Email|SMS,298923.3,106404.56,0.356,22947384,0.0692,7.4,2,13,Annual,1,False,Upsell,3835305.51
CLT0311,2023-11,Enterprise,APAC,Technology & SaaS,21,2,Email|SMS,315416.83,161503.96,0.512,24475538,0.0552,7.4,0,52,Annual,1,False,Upsell,3993934.07
CLT0312,2023-01,Mid-Market,North America,Healthcare,35,2,Voice|SMS,213945.32,95529.98,0.447,3647357,0.0,7.9,3,65,Monthly,10,False,Nurture,2567343.84
CLT0312,2023-03,Mid-Market,North America,Healthcare,35,2,Voice|SMS,114351.12,57090.36,0.499,1987380,-0.4655,7.9,1,10,Monthly,12,False,Retain,1372213.44
CLT0312,2023-04,Mid-Market,North America,Healthcare,35,2,Voice|SMS,121047.72,69880.19,0.577,2094533,0.0586,7.9,3,63,Monthly,1,False,Upsell,1537693.4
CLT0312,2023-05,Mid-Market,North America,Healthcare,35,2,Voice|SMS,258225.16,123875.41,0.48,4534883,1.1333,7.9,6,5,Monthly,6,False,Upsell,6610460.81
CLT0312,2023-06,Mid-Market,North America,Healthcare,35,2,Voice|SMS,140783.72,71507.92,0.508,2489949,-0.4548,7.9,4,20,Monthly,3,False,Retain,1689404.64
CLT0312,2023-07,Mid-Market,North America,Healthcare,35,2,Voice|SMS,147443.0,76612.47,0.52,2620291,0.0473,7.9,0,78,Monthly,2,False,Upsell,1853004.65
CLT0312,2023-08,Mid-Market,North America,Healthcare,35,2,Voice|SMS,152662.96,71994.3,0.472,2721512,0.0354,7.9,1,68,Monthly,5,False,Upsell,1896806.75
CLT0312,2023-09,Mid-Market,North America,Healthcare,35,2,Voice|SMS,158441.76,84166.49,0.531,2828236,0.0379,7.9,1,45,Monthly,8,False,Upsell,1973360.43
CLT0312,2023-10,Mid-Market,North America,Healthcare,35,2,Voice|SMS,157640.16,76912.55,0.488,2825724,-0.0051,7.9,2,84,Monthly,5,False,Nurture,1891681.92
CLT0312,2023-11,Mid-Market,North America,Healthcare,35,2,Voice|SMS,163612.16,74685.06,0.456,2968056,0.0379,7.9,3,75,Monthly,7,False,Upsell,2037756.73
CLT0313,2023-01,SMB,North America,Logistics,10,2,SMS|Voice,103739.72,49663.33,0.479,2363493,0.0,6.8,6,122,Annual,10,True,Retain,1244876.64
CLT0313,2023-03,SMB,North America,Logistics,10,2,SMS|Voice,50598.2,25497.82,0.504,1160671,-0.5123,6.8,6,35,Annual,6,True,Retain,607178.4
CLT0313,2023-04,SMB,North America,Logistics,10,2,SMS|Voice,46566.48,25341.61,0.544,1066872,-0.0797,6.8,1,63,Annual,8,True,Retain,558797.76
CLT0313,2023-05,SMB,North America,Logistics,10,2,SMS|Voice,88616.2,37225.07,0.42,2036697,0.903,6.8,2,34,Annual,12,True,Retain,2023639.54
CLT0313,2023-06,SMB,North America,Logistics,10,2,SMS|Voice,43433.44,20877.34,0.481,1001896,-0.5099,6.8,4,76,Annual,6,True,Retain,521201.28
CLT0313,2023-07,SMB,North America,Logistics,10,2,SMS|Voice,41963.36,20362.17,0.485,968292,-0.0338,6.8,3,139,Annual,2,True,Retain,503560.32
CLT0313,2023-08,SMB,North America,Logistics,10,2,SMS|Voice,41098.56,15855.26,0.386,947840,-0.0206,6.8,5,58,Annual,5,True,Retain,493182.72
CLT0313,2023-09,SMB,North America,Logistics,10,2,SMS|Voice,39799.12,14855.62,0.373,922316,-0.0316,6.8,6,85,Annual,6,True,Retain,477589.44
CLT0313,2023-10,SMB,North America,Logistics,10,2,SMS|Voice,36277.2,17111.47,0.472,838556,-0.0885,6.8,5,158,Annual,4,True,Retain,435326.4
CLT0313,2023-11,SMB,North America,Logistics,10,2,SMS|Voice,34592.4,19621.43,0.567,800158,-0.0464,6.8,4,41,Annual,5,True,Retain,415108.8
CLT0314,2023-01,Mid-Market,DACH,Technology & SaaS,22,3,Verification|Email|SMS,202420.41,94371.82,0.466,6751258,0.0,8.0,0,1,Annual,11,False,Nurture,2429044.92
CLT0314,2023-03,Mid-Market,DACH,Technology & SaaS,22,3,Verification|Email|SMS,103799.07,49252.89,0.475,3400592,-0.4872,8.0,3,62,Annual,8,False,Retain,1245588.84
CLT0314,2023-04,Mid-Market,DACH,Technology & SaaS,22,3,Verification|Email|SMS,111321.58,47595.53,0.428,3521548,0.0725,8.0,1,47,Annual,2,False,Upsell,1432708.73
CLT0314,2023-05,Mid-Market,DACH,Technology & SaaS,22,3,Verification|Email|SMS,234922.31,103461.39,0.44,7402125,1.1103,8.0,4,29,Annual,1,False,Upsell,5949078.61
CLT0314,2023-06,Mid-Market,DACH,Technology & SaaS,22,3,Verification|Email|SMS,124325.43,55787.96,0.449,4012590,-0.4708,8.0,2,55,Annual,2,False,Retain,1491905.16
CLT0314,2023-07,Mid-Market,DACH,Technology & SaaS,22,3,Verification|Email|SMS,134796.28,63125.24,0.468,4261310,0.0842,8.0,4,2,Annual,10,False,Upsell,1753753.52
CLT0314,2023-08,Mid-Market,DACH,Technology & SaaS,22,3,Verification|Email|SMS,135488.69,69992.3,0.517,4335060,0.0051,8.0,1,20,Annual,3,False,Nurture,1634156.19
CLT0314,2023-09,Mid-Market,DACH,Technology & SaaS,22,3,Verification|Email|SMS,146432.31,61831.28,0.422,4555161,0.0808,8.0,0,14,Annual,7,False,Upsell,1899168.49
CLT0314,2023-10,Mid-Market,DACH,Technology & SaaS,22,3,Verification|Email|SMS,148119.37,70814.46,0.478,4611523,0.0115,8.0,1,71,Annual,10,False,Nurture,1797872.91
CLT0314,2023-11,Mid-Market,DACH,Technology & SaaS,22,3,Verification|Email|SMS,149570.05,80176.14,0.536,4614152,0.0098,8.0,3,59,Annual,5,False,Nurture,1812430.04
CLT0315,2023-01,SMB,North America,Logistics,10,2,Voice|SMS,74343.28,36490.53,0.491,1151252,0.0,6.2,2,44,Annual,4,False,Nurture,892119.36
CLT0315,2023-03,SMB,North America,Logistics,10,2,Voice|SMS,39975.32,22072.03,0.552,630607,-0.4623,6.2,3,59,Annual,2,False,Retain,479703.84
CLT0315,2023-04,SMB,North America,Logistics,10,2,Voice|SMS,41823.44,21757.8,0.52,672398,0.0462,6.2,2,37,Annual,8,False,Nurture,525068.2
CLT0315,2023-05,SMB,North America,Logistics,10,2,Voice|SMS,88180.08,45393.46,0.515,1438866,1.1084,6.2,0,31,Annual,3,False,Nurture,2231026.57
CLT0315,2023-06,SMB,North America,Logistics,10,2,Voice|SMS,45773.08,21138.62,0.462,753081,-0.4809,6.2,2,6,Annual,5,False,Retain,549276.96
CLT0315,2023-07,SMB,North America,Logistics,10,2,Voice|SMS,47607.56,22779.78,0.478,792861,0.0401,6.2,1,32,Annual,2,False,Nurture,594199.48
CLT0315,2023-08,SMB,North America,Logistics,10,2,Voice|SMS,48425.48,21533.93,0.445,807475,0.0172,6.2,1,79,Annual,3,False,Nurture,591100.78
CLT0315,2023-09,SMB,North America,Logistics,10,2,Voice|SMS,48243.2,18108.97,0.375,789820,-0.0038,6.2,2,57,Annual,5,False,Nurture,578918.4
CLT0315,2023-10,SMB,North America,Logistics,10,2,Voice|SMS,49109.56,18340.51,0.373,818381,0.018,6.2,2,32,Annual,2,False,Nurture,599922.38
CLT0315,2023-11,SMB,North America,Logistics,10,2,Voice|SMS,50006.44,25064.68,0.501,821809,0.0183,6.2,0,23,Annual,7,False,Nurture,611058.69
CLT0316,2023-01,Mid-Market,UK & Ireland,Gaming & Entertainment,27,4,Voice|SMS|Email|Verification,447891.15,202416.49,0.452,12522315,0.0,8.0,3,55,Annual,7,False,Nurture,5374693.8
CLT0316,2023-03,Mid-Market,UK & Ireland,Gaming & Entertainment,27,4,Voice|SMS|Email|Verification,233785.8,122915.46,0.526,6430933,-0.478,8.0,1,45,Annual,7,False,Retain,2805429.6
CLT0316,2023-04,Mid-Market,UK & Ireland,Gaming & Entertainment,27,4,Voice|SMS|Email|Verification,238384.44,127797.34,0.536,6349302,0.0197,8.0,2,6,Annual,3,False,Nurture,2916967.36
CLT0316,2023-05,Mid-Market,UK & Ireland,Gaming & Entertainment,27,4,Voice|SMS|Email|Verification,483141.98,213387.32,0.442,12451894,1.0267,8.0,2,29,Annual,4,False,Nurture,11750206.21
CLT0316,2023-06,Mid-Market,UK & Ireland,Gaming & Entertainment,27,4,Voice|SMS|Email|Verification,243322.31,112038.18,0.46,6195405,-0.4964,8.0,2,52,Annual,2,False,Retain,2919867.72
CLT0316,2023-07,Mid-Market,UK & Ireland,Gaming & Entertainment,27,4,Voice|SMS|Email|Verification,248800.78,122557.15,0.493,6256369,0.0225,8.0,1,53,Annual,6,False,Nurture,3052785.57
CLT0316,2023-08,Mid-Market,UK & Ireland,Gaming & Entertainment,27,4,Voice|SMS|Email|Verification,258548.34,124326.79,0.481,6437634,0.0392,8.0,2,44,Annual,9,False,Nurture,3224201.22
CLT0316,2023-09,Mid-Market,UK & Ireland,Gaming & Entertainment,27,4,Voice|SMS|Email|Verification,264091.6,144402.52,0.547,6135531,0.0214,8.0,4,3,Annual,7,False,Nurture,3236917.92
CLT0316,2023-10,Mid-Market,UK & Ireland,Gaming & Entertainment,27,4,Voice|SMS|Email|Verification,270629.94,138870.85,0.513,6166474,0.0248,8.0,2,19,Annual,5,False,Nurture,3328098.75
CLT0316,2023-11,Mid-Market,UK & Ireland,Gaming & Entertainment,27,4,Voice|SMS|Email|Verification,280810.83,129209.17,0.46,6340921,0.0376,8.0,5,59,Annual,6,False,Retain,3496431.81
CLT0317,2023-01,SMB,North America,Logistics,8,2,SMS|Voice,83863.68,40850.62,0.487,1227410,0.0,5.8,3,43,Monthly,6,False,Retain,1006364.16
CLT0317,2023-03,SMB,North America,Logistics,8,2,SMS|Voice,41790.24,18681.76,0.447,638564,-0.5017,5.8,2,20,Monthly,7,False,Retain,501482.88
CLT0317,2023-04,SMB,North America,Logistics,8,2,SMS|Voice,43543.32,23192.44,0.533,677617,0.0419,5.8,2,59,Monthly,3,False,Retain,544413.42
CLT0317,2023-05,SMB,North America,Logistics,8,2,SMS|Voice,88341.32,41378.9,0.468,1422161,1.0288,5.8,2,7,Monthly,11,False,Retain,2150722.44
CLT0317,2023-06,SMB,North America,Logistics,8,2,SMS|Voice,47770.8,26316.64,0.551,803446,-0.4592,5.8,5,31,Monthly,7,False,Retain,573249.6
CLT0317,2023-07,SMB,North America,Logistics,8,2,SMS|Voice,47260.92,19587.46,0.414,800041,-0.0107,5.8,2,81,Monthly,8,False,Retain,567131.04
CLT0317,2023-08,SMB,North America,Logistics,8,2,SMS|Voice,50221.12,19227.97,0.383,869920,0.0626,5.8,0,8,Monthly,3,False,Retain,640379.55
CLT0317,2023-09,SMB,North America,Logistics,8,2,SMS|Voice,52192.24,19994.63,0.383,925164,0.0392,5.8,7,59,Monthly,12,False,Retain,650858.11
CLT0317,2023-10,SMB,North America,Logistics,8,2,SMS|Voice,52285.56,29754.64,0.569,945823,0.0018,5.8,4,41,Monthly,2,False,Retain,628556.09
CLT0317,2023-11,SMB,North America,Logistics,8,2,SMS|Voice,58435.28,29457.67,0.504,1060788,0.1176,5.8,1,1,Monthly,1,False,Retain,783687.23
CLT0318,2023-01,Mid-Market,LATAM,Technology & SaaS,27,3,Email|SMS|Verification,137126.37,67551.68,0.493,3389871,0.0,5.5,5,46,Annual,12,False,Retain,1645516.44
CLT0318,2023-03,Mid-Market,LATAM,Technology & SaaS,27,3,Email|SMS|Verification,71872.34,34466.31,0.48,1693981,-0.4759,5.5,0,88,Annual,7,False,Retain,862468.08
CLT0318,2023-04,Mid-Market,LATAM,Technology & SaaS,27,3,Email|SMS|Verification,71313.02,36108.99,0.506,1666422,-0.0078,5.5,3,71,Annual,8,False,Retain,855756.24
CLT0318,2023-05,Mid-Market,LATAM,Technology & SaaS,27,3,Email|SMS|Verification,147263.97,75447.2,0.512,3468660,1.065,5.5,0,6,Annual,7,False,Retain,3649201.18
CLT0318,2023-06,Mid-Market,LATAM,Technology & SaaS,27,3,Email|SMS|Verification,80160.84,43885.54,0.547,1853184,-0.4557,5.5,4,75,Annual,1,False,Retain,961930.08
CLT0318,2023-07,Mid-Market,LATAM,Technology & SaaS,27,3,Email|SMS|Verification,78983.75,32621.63,0.413,1833234,-0.0147,5.5,2,41,Annual,8,False,Retain,947805.0
CLT0318,2023-08,Mid-Market,LATAM,Technology & SaaS,27,3,Email|SMS|Verification,79759.07,44660.88,0.56,1838710,0.0098,5.5,4,10,Annual,2,False,Retain,966488.51
CLT0318,2023-09,Mid-Market,LATAM,Technology & SaaS,27,3,Email|SMS|Verification,80567.35,42641.12,0.529,1839638,0.0101,5.5,0,23,Annual,2,False,Retain,976572.96
CLT0318,2023-10,Mid-Market,LATAM,Technology & SaaS,27,3,Email|SMS|Verification,82583.79,33868.64,0.41,1875089,0.025,5.5,1,90,Annual,9,False,Retain,1015780.62
CLT0318,2023-11,Mid-Market,LATAM,Technology & SaaS,27,3,Email|SMS|Verification,81728.83,33006.38,0.404,1878624,-0.0104,5.5,1,12,Annual,7,False,Retain,980745.96
CLT0319,2023-01,SMB,North America,Gaming & Entertainment,7,1,SMS,57032.68,33632.48,0.59,1425817,0.0,5.1,1,59,Monthly,12,False,Retain,684392.16
CLT0319,2023-03,SMB,North America,Gaming & Entertainment,7,1,SMS,28483.56,11278.43,0.396,712089,-0.5006,5.1,2,77,Monthly,4,False,Retain,341802.72
CLT0319,2023-04,SMB,North America,Gaming & Entertainment,7,1,SMS,30024.52,15363.89,0.512,750613,0.0541,5.1,4,24,Monthly,4,False,Retain,379786.16
CLT0319,2023-05,SMB,North America,Gaming & Entertainment,7,1,SMS,66178.8,28926.15,0.437,1654470,1.2042,5.1,4,47,Monthly,4,False,Retain,1750455.73
CLT0319,2023-06,SMB,North America,Gaming & Entertainment,7,1,SMS,37422.2,17017.26,0.455,935555,-0.4345,5.1,0,74,Monthly,4,False,Retain,449066.4
CLT0319,2023-07,SMB,North America,Gaming & Entertainment,7,1,SMS,38348.84,13443.02,0.351,958721,0.0248,5.1,2,90,Monthly,4,False,Retain,471598.69
CLT0319,2023-08,SMB,North America,Gaming & Entertainment,7,1,SMS,41730.36,24381.58,0.584,1043259,0.0882,5.1,3,3,Monthly,11,False,Retain,544931.73
CLT0319,2023-09,SMB,North America,Gaming & Entertainment,7,1,SMS,42048.44,21922.2,0.521,1051211,0.0076,5.1,1,48,Monthly,5,False,Retain,508416.1
CLT0319,2023-10,SMB,North America,Gaming & Entertainment,7,1,SMS,45135.6,23913.21,0.53,1128390,0.0734,5.1,0,68,Monthly,5,False,Retain,581382.64
CLT0319,2023-11,SMB,North America,Gaming & Entertainment,7,1,SMS,50037.52,28578.41,0.571,1250938,0.1086,5.1,0,75,Monthly,12,False,Retain,665659.14
CLT0320,2023-01,Mid-Market,North America,Retail & E-commerce,14,3,WhatsApp Business|SMS|Email,325816.97,148651.67,0.456,5621047,0.0,7.0,0,41,Annual,2,False,Nurture,3909803.64
CLT0320,2023-03,Mid-Market,North America,Retail & E-commerce,14,3,WhatsApp Business|SMS|Email,168010.62,73957.92,0.44,2884444,-0.4843,7.0,2,54,Annual,6,False,Retain,2016127.44
CLT0320,2023-04,Mid-Market,North America,Retail & E-commerce,14,3,WhatsApp Business|SMS|Email,167360.2,64675.15,0.386,2858246,-0.0039,7.0,1,61,Annual,1,False,Nurture,2008322.4
CLT0320,2023-05,Mid-Market,North America,Retail & E-commerce,14,3,WhatsApp Business|SMS|Email,358874.08,150887.3,0.42,6019441,1.1443,7.0,1,57,Annual,10,False,Upsell,9234404.28
CLT0320,2023-06,Mid-Market,North America,Retail & E-commerce,14,3,WhatsApp Business|SMS|Email,181831.27,67587.72,0.372,3052851,-0.4933,7.0,1,38,Annual,4,False,Retain,2181975.24
CLT0320,2023-07,Mid-Market,North America,Retail & E-commerce,14,3,WhatsApp Business|SMS|Email,178596.31,84580.21,0.474,2979356,-0.0178,7.0,1,19,Annual,2,False,Nurture,2143155.72
CLT0320,2023-08,Mid-Market,North America,Retail & E-commerce,14,3,WhatsApp Business|SMS|Email,182141.43,91729.22,0.504,3030946,0.0198,7.0,4,68,Annual,4,False,Nurture,2228973.96
CLT0320,2023-09,Mid-Market,North America,Retail & E-commerce,14,3,WhatsApp Business|SMS|Email,188176.24,95567.12,0.508,2970973,0.0331,7.0,1,5,Annual,3,False,Upsell,2332858.48
CLT0320,2023-10,Mid-Market,North America,Retail & E-commerce,14,3,WhatsApp Business|SMS|Email,195134.61,108774.87,0.557,3004353,0.037,7.0,1,35,Annual,3,False,Upsell,2428255.09
CLT0320,2023-11,Mid-Market,North America,Retail & E-commerce,14,3,WhatsApp Business|SMS|Email,194842.05,115269.11,0.592,2920976,-0.0015,7.0,1,51,Annual,11,False,Nurture,2338104.6
CLT0321,2023-01,Mid-Market,APAC,Healthcare,25,2,Verification|WhatsApp Business,244653.07,108062.04,0.442,1827439,0.0,7.9,1,34,Annual,7,False,Nurture,2935836.84
CLT0321,2023-03,Mid-Market,APAC,Healthcare,25,2,Verification|WhatsApp Business,125531.72,58428.68,0.465,949945,-0.4869,7.9,3,68,Annual,6,False,Retain,1506380.64
CLT0321,2023-04,Mid-Market,APAC,Healthcare,25,2,Verification|WhatsApp Business,126119.27,52321.7,0.415,944852,0.0047,7.9,2,81,Annual,11,False,Nurture,1520544.37
CLT0321,2023-05,Mid-Market,APAC,Healthcare,25,2,Verification|WhatsApp Business,263316.25,139250.36,0.529,1986457,1.0878,7.9,2,43,Annual,12,False,Upsell,6597020.0
CLT0321,2023-06,Mid-Market,APAC,Healthcare,25,2,Verification|WhatsApp Business,129227.31,52581.93,0.407,978979,-0.5092,7.9,3,15,Annual,10,False,Retain,1550727.72
CLT0321,2023-07,Mid-Market,APAC,Healthcare,25,2,Verification|WhatsApp Business,126686.44,62069.49,0.49,958504,-0.0197,7.9,2,4,Annual,3,False,Nurture,1520237.28
CLT0321,2023-08,Mid-Market,APAC,Healthcare,25,2,Verification|WhatsApp Business,120832.92,53971.19,0.447,916120,-0.0462,7.9,1,5,Annual,5,False,Nurture,1449995.04
CLT0321,2023-09,Mid-Market,APAC,Healthcare,25,2,Verification|WhatsApp Business,120840.24,57028.39,0.472,912710,0.0001,7.9,3,9,Annual,11,False,Nurture,1450227.89
CLT0321,2023-10,Mid-Market,APAC,Healthcare,25,2,Verification|WhatsApp Business,128329.97,53730.39,0.419,967633,0.062,7.9,0,9,Annual,6,False,Upsell,1635437.14
CLT0321,2023-11,Mid-Market,APAC,Healthcare,25,2,Verification|WhatsApp Business,129649.36,64080.9,0.494,986634,0.0103,7.9,4,40,Annual,9,False,Nurture,1571816.98
CLT0322,2023-01,Mid-Market,LATAM,Technology & SaaS,22,3,SMS|Verification|Email,210225.52,103926.29,0.494,12757873,0.0,7.2,3,65,Annual,1,False,Nurture,2522706.24
CLT0322,2023-03,Mid-Market,LATAM,Technology & SaaS,22,3,SMS|Verification|Email,115702.61,57680.37,0.499,6647192,-0.4496,7.2,3,41,Annual,2,False,Retain,1388431.32
CLT0322,2023-04,Mid-Market,LATAM,Technology & SaaS,22,3,SMS|Verification|Email,119996.8,52481.31,0.437,7001444,0.0371,7.2,1,7,Annual,10,False,Upsell,1493384.18
CLT0322,2023-05,Mid-Market,LATAM,Technology & SaaS,22,3,SMS|Verification|Email,258010.32,125094.31,0.485,15398625,1.1501,7.2,2,29,Annual,4,False,Upsell,6656975.87
CLT0322,2023-06,Mid-Market,LATAM,Technology & SaaS,22,3,SMS|Verification|Email,137632.71,61332.58,0.446,8094458,-0.4666,7.2,4,37,Annual,7,False,Retain,1651592.52
CLT0322,2023-07,Mid-Market,LATAM,Technology & SaaS,22,3,SMS|Verification|Email,144581.62,66133.88,0.457,7987883,0.0505,7.2,3,47,Annual,12,False,Upsell,1822595.9
CLT0322,2023-08,Mid-Market,LATAM,Technology & SaaS,22,3,SMS|Verification|Email,154710.09,79634.7,0.515,8330818,0.0701,7.2,1,32,Annual,4,False,Upsell,1986663.21
CLT0322,2023-09,Mid-Market,LATAM,Technology & SaaS,22,3,SMS|Verification|Email,161364.5,75545.89,0.468,8565390,0.043,7.2,0,54,Annual,4,False,Upsell,2019638.08
CLT0322,2023-10,Mid-Market,LATAM,Technology & SaaS,22,3,SMS|Verification|Email,163923.64,71354.75,0.435,8934601,0.0159,7.2,1,31,Annual,1,False,Nurture,1998360.31
CLT0322,2023-11,Mid-Market,LATAM,Technology & SaaS,22,3,SMS|Verification|Email,166362.79,71330.24,0.429,9027490,0.0149,7.2,0,41,Annual,8,False,Nurture,2026099.15
CLT0323,2023-01,Enterprise,LATAM,Retail & E-commerce,57,2,WhatsApp Business|Email,568150.09,258262.05,0.455,9331950,0.0,8.6,5,48,Annual,12,False,Retain,6817801.08
CLT0323,2023-03,Enterprise,LATAM,Retail & E-commerce,57,2,WhatsApp Business|Email,253460.65,148669.26,0.587,4840081,-0.5539,8.6,2,39,Annual,4,False,Retain,3041527.8
CLT0323,2023-04,Enterprise,LATAM,Retail & E-commerce,57,2,WhatsApp Business|Email,243789.65,139129.22,0.571,4984075,-0.0382,8.6,2,60,Annual,12,False,Nurture,2925475.8
CLT0323,2023-05,Enterprise,LATAM,Retail & E-commerce,57,2,WhatsApp Business|Email,462244.82,217618.74,0.471,9974986,0.8961,8.6,2,7,Annual,1,False,Upsell,10517548.84
CLT0323,2023-06,Enterprise,LATAM,Retail & E-commerce,57,2,WhatsApp Business|Email,230327.43,93344.24,0.405,5473449,-0.5017,8.6,0,74,Annual,9,False,Retain,2763929.16
CLT0323,2023-07,Enterprise,LATAM,Retail & E-commerce,57,2,WhatsApp Business|Email,226436.5,102884.92,0.454,5609120,-0.0169,8.6,1,37,Annual,2,False,Nurture,2717238.0
CLT0323,2023-08,Enterprise,LATAM,Retail & E-commerce,57,2,WhatsApp Business|Email,218982.42,109689.12,0.501,5719732,-0.0329,8.6,0,52,Annual,5,False,Nurture,2627789.04
CLT0323,2023-09,Enterprise,LATAM,Retail & E-commerce,57,2,WhatsApp Business|Email,193775.83,95563.43,0.493,5639332,-0.1151,8.6,2,30,Annual,8,False,Retain,2325309.96
CLT0323,2023-10,Enterprise,LATAM,Retail & E-commerce,57,2,WhatsApp Business|Email,202502.42,113404.71,0.56,5419270,0.045,8.6,5,58,Annual,1,False,Upsell,2539380.35
CLT0323,2023-11,Enterprise,LATAM,Retail & E-commerce,57,2,WhatsApp Business|Email,195876.72,98044.34,0.501,5532275,-0.0327,8.6,1,82,Annual,11,False,Nurture,2350520.64
CLT0324,2023-01,Mid-Market,UK & Ireland,Technology & SaaS,18,3,Verification|SMS|Email,181531.77,80421.43,0.443,5209478,0.0,7.6,1,19,Multi-year,2,False,Nurture,2178381.24
CLT0324,2023-03,Mid-Market,UK & Ireland,Technology & SaaS,18,3,Verification|SMS|Email,96946.74,38820.54,0.4,2779134,-0.466,7.6,3,60,Multi-year,1,False,Retain,1163360.88
CLT0324,2023-04,Mid-Market,UK & Ireland,Technology & SaaS,18,3,Verification|SMS|Email,101100.96,42903.88,0.424,2923564,0.0429,7.6,1,35,Multi-year,8,False,Upsell,1265258.29
CLT0324,2023-05,Mid-Market,UK & Ireland,Technology & SaaS,18,3,Verification|SMS|Email,209688.33,91409.34,0.436,6181726,1.074,7.6,1,8,Multi-year,2,False,Upsell,5218723.16
CLT0324,2023-06,Mid-Market,UK & Ireland,Technology & SaaS,18,3,Verification|SMS|Email,115477.65,56751.11,0.491,3344462,-0.4493,7.6,1,24,Multi-year,6,False,Retain,1385731.8
CLT0324,2023-07,Mid-Market,UK & Ireland,Technology & SaaS,18,3,Verification|SMS|Email,124715.41,67437.46,0.541,3525609,0.08,7.6,2,90,Multi-year,10,False,Upsell,1616311.71
CLT0324,2023-08,Mid-Market,UK & Ireland,Technology & SaaS,18,3,Verification|SMS|Email,135082.87,71115.08,0.526,3759738,0.0831,7.6,3,22,Multi-year,9,False,Upsell,1755699.08
CLT0324,2023-09,Mid-Market,UK & Ireland,Technology & SaaS,18,3,Verification|SMS|Email,143824.41,60431.5,0.42,4076411,0.0647,7.6,2,88,Multi-year,4,False,Upsell,1837558.19
CLT0324,2023-10,Mid-Market,UK & Ireland,Technology & SaaS,18,3,Verification|SMS|Email,157337.25,67185.65,0.427,4498209,0.094,7.6,2,28,Multi-year,11,False,Upsell,2065523.42
CLT0324,2023-11,Mid-Market,UK & Ireland,Technology & SaaS,18,3,Verification|SMS|Email,171579.99,88147.77,0.514,4929241,0.0905,7.6,3,73,Multi-year,12,False,Upsell,2245295.75
CLT0325,2023-01,Enterprise,APAC,Healthcare,30,4,Voice|SMS|WhatsApp Business|Verification,1151163.51,549130.46,0.477,9560283,0.0,8.4,2,61,Monthly,2,False,Expand,13813962.12
CLT0325,2023-03,Enterprise,APAC,Healthcare,30,4,Voice|SMS|WhatsApp Business|Verification,597938.8,290443.7,0.486,4907511,-0.4806,8.4,2,58,Monthly,11,False,Retain,7175265.6
CLT0325,2023-04,Enterprise,APAC,Healthcare,30,4,Voice|SMS|WhatsApp Business|Verification,624416.31,328319.87,0.526,5104699,0.0443,8.4,4,70,Monthly,6,False,Expand,7824935.43
CLT0325,2023-05,Enterprise,APAC,Healthcare,30,4,Voice|SMS|WhatsApp Business|Verification,1309336.93,699452.79,0.534,10723954,1.0969,8.4,1,49,Monthly,9,False,Expand,32946583.3
CLT0325,2023-06,Enterprise,APAC,Healthcare,30,4,Voice|SMS|WhatsApp Business|Verification,698775.98,380145.5,0.544,5736960,-0.4663,8.4,3,14,Monthly,8,False,Retain,8385311.76
CLT0325,2023-07,Enterprise,APAC,Healthcare,30,4,Voice|SMS|WhatsApp Business|Verification,731463.35,300683.26,0.411,5885487,0.0468,8.4,4,49,Monthly,10,False,Expand,9188350.02
CLT0325,2023-08,Enterprise,APAC,Healthcare,30,4,Voice|SMS|WhatsApp Business|Verification,769141.47,426360.35,0.554,6103114,0.0515,8.4,2,57,Monthly,6,False,Expand,9705027.07
CLT0325,2023-09,Enterprise,APAC,Healthcare,30,4,Voice|SMS|WhatsApp Business|Verification,826547.95,420563.63,0.509,6348849,0.0746,8.4,3,5,Monthly,6,False,Expand,10658501.12
CLT0325,2023-10,Enterprise,APAC,Healthcare,30,4,Voice|SMS|WhatsApp Business|Verification,823781.56,362740.81,0.44,6304015,-0.0033,8.4,2,78,Monthly,2,False,Nurture,9885378.72
CLT0325,2023-11,Enterprise,APAC,Healthcare,30,4,Voice|SMS|WhatsApp Business|Verification,856893.77,491026.61,0.573,6553125,0.0402,8.4,2,64,Monthly,12,False,Expand,10696090.79
CLT0326,2023-01,Mid-Market,DACH,Retail & E-commerce,33,4,SMS|Voice|WhatsApp Business|Email,469098.07,236886.31,0.505,18323643,0.0,8.3,3,31,Annual,12,False,Nurture,5629176.84
CLT0326,2023-03,Mid-Market,DACH,Retail & E-commerce,33,4,SMS|Voice|WhatsApp Business|Email,238979.09,126631.54,0.53,9427236,-0.4906,8.3,3,73,Annual,4,False,Retain,2867749.08
CLT0326,2023-04,Mid-Market,DACH,Retail & E-commerce,33,4,SMS|Voice|WhatsApp Business|Email,237436.62,104574.99,0.44,9602533,-0.0065,8.3,4,4,Annual,12,False,Nurture,2849239.44
CLT0326,2023-05,Mid-Market,DACH,Retail & E-commerce,33,4,SMS|Voice|WhatsApp Business|Email,484059.41,225502.23,0.466,19537436,1.0387,8.3,2,9,Annual,1,False,Nurture,11842223.03
CLT0326,2023-06,Mid-Market,DACH,Retail & E-commerce,33,4,SMS|Voice|WhatsApp Business|Email,243180.98,112512.15,0.463,9660147,-0.4976,8.3,1,88,Annual,6,False,Retain,2918171.76
CLT0326,2023-07,Mid-Market,DACH,Retail & E-commerce,33,4,SMS|Voice|WhatsApp Business|Email,252012.92,123424.45,0.49,9936804,0.0363,8.3,3,47,Annual,10,False,Nurture,3133931.87
CLT0326,2023-08,Mid-Market,DACH,Retail & E-commerce,33,4,SMS|Voice|WhatsApp Business|Email,253997.64,129613.55,0.51,9573315,0.0079,8.3,1,11,Annual,7,False,Nurture,3072050.66
CLT0326,2023-09,Mid-Market,DACH,Retail & E-commerce,33,4,SMS|Voice|WhatsApp Business|Email,257770.8,127962.42,0.496,9474471,0.0149,8.3,1,78,Annual,9,False,Nurture,3139339.02
CLT0326,2023-10,Mid-Market,DACH,Retail & E-commerce,33,4,SMS|Voice|WhatsApp Business|Email,258891.9,141482.95,0.546,9304317,0.0043,8.3,1,25,Annual,4,False,Nurture,3120061.62
CLT0326,2023-11,Mid-Market,DACH,Retail & E-commerce,33,4,SMS|Voice|WhatsApp Business|Email,266616.87,123932.98,0.465,9193324,0.0298,8.3,3,84,Annual,2,False,Nurture,3294744.63
CLT0327,2023-01,Enterprise,Southern Europe,Logistics,39,3,Voice|SMS|Verification,828886.48,402181.89,0.485,10267318,0.0,7.8,2,63,Multi-year,10,False,Expand,9946637.76
CLT0327,2023-03,Enterprise,Southern Europe,Logistics,39,3,Voice|SMS|Verification,438573.44,198653.81,0.453,5396552,-0.4709,7.8,1,28,Multi-year,7,False,Retain,5262881.28
CLT0327,2023-04,Enterprise,Southern Europe,Logistics,39,3,Voice|SMS|Verification,455398.36,237368.64,0.521,5573005,0.0384,7.8,0,37,Multi-year,11,False,Upsell,5674627.88
CLT0327,2023-05,Enterprise,Southern Europe,Logistics,39,3,Voice|SMS|Verification,941196.72,489940.16,0.521,11606564,1.0668,7.8,0,64,Multi-year,1,False,Upsell,23343184.57
CLT0327,2023-06,Enterprise,Southern Europe,Logistics,39,3,Voice|SMS|Verification,489407.76,221049.5,0.452,6006048,-0.48,7.8,2,67,Multi-year,10,False,Retain,5872893.12
CLT0327,2023-07,Enterprise,Southern Europe,Logistics,39,3,Voice|SMS|Verification,516771.32,278599.11,0.539,6328554,0.0559,7.8,1,33,Multi-year,12,False,Upsell,6547906.04
CLT0327,2023-08,Enterprise,Southern Europe,Logistics,39,3,Voice|SMS|Verification,525268.84,301709.96,0.574,6404527,0.0164,7.8,2,39,Multi-year,1,False,Expand,6406598.99
CLT0327,2023-09,Enterprise,Southern Europe,Logistics,39,3,Voice|SMS|Verification,550045.2,206012.9,0.375,6729782,0.0472,7.8,2,50,Multi-year,6,False,Upsell,6912088.0
CLT0327,2023-10,Enterprise,Southern Europe,Logistics,39,3,Voice|SMS|Verification,569782.2,281923.24,0.495,6993235,0.0359,7.8,1,81,Multi-year,5,False,Upsell,7082848.57
CLT0327,2023-11,Enterprise,Southern Europe,Logistics,39,3,Voice|SMS|Verification,585658.12,296877.46,0.507,7135478,0.0279,7.8,5,46,Multi-year,3,False,Expand,7223975.78
CLT0328,2023-01,Mid-Market,Southern Europe,Technology & SaaS,26,2,Voice|SMS,57423.88,26920.62,0.469,1223447,0.0,7.6,0,43,Annual,10,False,Nurture,689086.56
CLT0328,2023-03,Mid-Market,Southern Europe,Technology & SaaS,26,2,Voice|SMS,28984.0,12670.93,0.437,610658,-0.4953,7.6,4,26,Annual,6,False,Retain,347808.0
CLT0328,2023-04,Mid-Market,Southern Europe,Technology & SaaS,26,2,Voice|SMS,28825.44,13391.97,0.465,611766,-0.0055,7.6,3,60,Annual,1,False,Nurture,345905.28
CLT0328,2023-05,Mid-Market,Southern Europe,Technology & SaaS,26,2,Voice|SMS,58303.88,30008.77,0.515,1223005,1.0227,7.6,3,85,Annual,8,False,Upsell,1415175.1
CLT0328,2023-06,Mid-Market,Southern Europe,Technology & SaaS,26,2,Voice|SMS,29423.68,15376.27,0.523,616990,-0.4953,7.6,0,49,Annual,6,False,Retain,353084.16
CLT0328,2023-07,Mid-Market,Southern Europe,Technology & SaaS,26,2,Voice|SMS,28884.88,12022.37,0.416,607496,-0.0183,7.6,5,1,Annual,10,False,Retain,346618.56
CLT0328,2023-08,Mid-Market,Southern Europe,Technology & SaaS,26,2,Voice|SMS,26601.52,13536.38,0.509,552808,-0.0791,7.6,2,34,Annual,7,False,Retain,319218.24
CLT0328,2023-09,Mid-Market,Southern Europe,Technology & SaaS,26,2,Voice|SMS,27106.52,14579.27,0.538,566575,0.019,7.6,0,24,Annual,1,False,Nurture,331458.53
CLT0328,2023-10,Mid-Market,Southern Europe,Technology & SaaS,26,2,Voice|SMS,26031.32,13262.75,0.509,543237,-0.0397,7.6,1,61,Annual,9,False,Nurture,312375.84
CLT0328,2023-11,Mid-Market,Southern Europe,Technology & SaaS,26,2,Voice|SMS,25269.4,11871.99,0.47,524019,-0.0293,7.6,4,83,Annual,6,False,Nurture,303232.8
CLT0329,2023-01,SMB,APAC,Gaming & Entertainment,3,1,SMS,29161.72,12881.63,0.442,729043,0.0,7.5,7,138,Annual,3,True,Retain,349940.64
CLT0329,2023-03,SMB,APAC,Gaming & Entertainment,3,1,SMS,14080.24,6493.86,0.461,352006,-0.5172,7.5,9,76,Annual,8,True,Retain,168962.88
CLT0329,2023-04,SMB,APAC,Gaming & Entertainment,3,1,SMS,14166.2,6872.32,0.485,354155,0.0061,7.5,2,58,Annual,10,True,Retain,171031.37
CLT0329,2023-05,SMB,APAC,Gaming & Entertainment,3,1,SMS,26263.48,10742.89,0.409,656587,0.854,7.5,4,70,Annual,7,True,Retain,584309.9
CLT0329,2023-06,SMB,APAC,Gaming & Entertainment,3,1,SMS,12114.72,6081.83,0.502,302868,-0.5387,7.5,5,36,Annual,3,True,Retain,145376.64
CLT0329,2023-07,SMB,APAC,Gaming & Entertainment,3,1,SMS,12684.4,5511.2,0.434,317110,0.047,7.5,1,128,Annual,12,True,Retain,159366.8
CLT0329,2023-08,SMB,APAC,Gaming & Entertainment,3,1,SMS,11796.24,6991.71,0.593,294906,-0.07,7.5,4,46,Annual,2,True,Retain,141554.88
CLT0329,2023-09,SMB,APAC,Gaming & Entertainment,3,1,SMS,11781.4,5249.02,0.446,294535,-0.0013,7.5,6,173,Annual,7,True,Retain,141376.8
CLT0329,2023-10,SMB,APAC,Gaming & Entertainment,3,1,SMS,11680.68,6109.14,0.523,292017,-0.0085,7.5,2,161,Annual,1,True,Retain,140168.16
CLT0329,2023-11,SMB,APAC,Gaming & Entertainment,3,1,SMS,11334.24,5976.81,0.527,283356,-0.0297,7.5,3,60,Annual,1,True,Retain,136010.88
CLT0330,2023-01,Enterprise,DACH,Gaming & Entertainment,52,4,Verification|SMS|Email|Voice,735462.12,326693.58,0.444,30157586,0.0,8.7,2,78,Monthly,4,False,Expand,8825545.44
CLT0330,2023-03,Enterprise,DACH,Gaming & Entertainment,52,4,Verification|SMS|Email|Voice,375795.85,182027.64,0.484,15167799,-0.489,8.7,1,56,Monthly,1,False,Retain,4509550.2
CLT0330,2023-04,Enterprise,DACH,Gaming & Entertainment,52,4,Verification|SMS|Email|Voice,391831.96,181990.58,0.464,15963427,0.0427,8.7,4,76,Monthly,11,False,Expand,4902758.22
CLT0330,2023-05,Enterprise,DACH,Gaming & Entertainment,52,4,Verification|SMS|Email|Voice,822553.05,434231.07,0.528,33843592,1.0992,8.7,3,9,Monthly,10,False,Expand,20720440.35
CLT0330,2023-06,Enterprise,DACH,Gaming & Entertainment,52,4,Verification|SMS|Email|Voice,442837.78,171784.08,0.388,18732296,-0.4616,8.7,0,36,Monthly,10,False,Retain,5314053.36
CLT0330,2023-07,Enterprise,DACH,Gaming & Entertainment,52,4,Verification|SMS|Email|Voice,460975.68,218706.54,0.474,19660932,0.041,8.7,1,1,Monthly,9,False,Expand,5758508.19
CLT0330,2023-08,Enterprise,DACH,Gaming & Entertainment,52,4,Verification|SMS|Email|Voice,467052.85,180530.15,0.387,20887447,0.0132,8.7,1,9,Monthly,11,False,Expand,5678615.37
CLT0330,2023-09,Enterprise,DACH,Gaming & Entertainment,52,4,Verification|SMS|Email|Voice,483810.83,249838.85,0.516,21708116,0.0359,8.7,2,60,Monthly,1,False,Expand,6014155.67
CLT0330,2023-10,Enterprise,DACH,Gaming & Entertainment,52,4,Verification|SMS|Email|Voice,507194.64,213789.48,0.422,23112504,0.0483,8.7,7,7,Monthly,4,False,Expand,6380305.69
CLT0330,2023-11,Enterprise,DACH,Gaming & Entertainment,52,4,Verification|SMS|Email|Voice,518272.16,274912.48,0.53,24316980,0.0218,8.7,2,18,Monthly,8,False,Expand,6354845.92
CLT0331,2023-01,Enterprise,LATAM,Technology & SaaS,53,4,Voice|SMS|Verification|Email,786106.3,354504.52,0.451,37628185,0.0,9.4,3,89,Annual,7,False,Expand,9433275.6
CLT0331,2023-03,Enterprise,LATAM,Technology & SaaS,53,4,Voice|SMS|Verification|Email,405584.59,182569.48,0.45,18932443,-0.4841,9.4,3,86,Annual,3,False,Retain,4867015.08
CLT0331,2023-04,Enterprise,LATAM,Technology & SaaS,53,4,Voice|SMS|Verification|Email,409669.53,203876.86,0.498,18657016,0.0101,9.4,1,68,Annual,1,False,Expand,4965686.31
CLT0331,2023-05,Enterprise,LATAM,Technology & SaaS,53,4,Voice|SMS|Verification|Email,835666.05,395090.77,0.473,38613108,1.0399,9.4,0,45,Annual,11,False,Expand,20456102.1
CLT0331,2023-06,Enterprise,LATAM,Technology & SaaS,53,4,Voice|SMS|Verification|Email,430789.51,191102.03,0.444,20259811,-0.4845,9.4,1,86,Annual,12,False,Retain,5169474.12
CLT0331,2023-07,Enterprise,LATAM,Technology & SaaS,53,4,Voice|SMS|Verification|Email,440633.04,207006.39,0.47,21040563,0.0228,9.4,1,68,Annual,8,False,Expand,5408153.68
CLT0331,2023-08,Enterprise,LATAM,Technology & SaaS,53,4,Voice|SMS|Verification|Email,454981.28,221817.8,0.488,22413331,0.0326,9.4,1,60,Annual,8,False,Expand,5637764.04
CLT0331,2023-09,Enterprise,LATAM,Technology & SaaS,53,4,Voice|SMS|Verification|Email,463364.65,234737.88,0.507,22580301,0.0184,9.4,1,64,Annual,1,False,Expand,5662686.71
CLT0331,2023-10,Enterprise,LATAM,Technology & SaaS,53,4,Voice|SMS|Verification|Email,474304.02,186062.98,0.392,22969058,0.0236,9.4,5,11,Annual,5,False,Expand,5825971.14
CLT0331,2023-11,Enterprise,LATAM,Technology & SaaS,53,4,Voice|SMS|Verification|Email,504873.63,261333.03,0.518,25176281,0.0645,9.4,5,86,Annual,10,False,Expand,6449255.75
CLT0332,2023-01,SMB,APAC,Retail & E-commerce,12,1,SMS,28542.52,14319.23,0.502,713563,0.0,6.0,5,148,Annual,3,True,Retain,342510.24
CLT0332,2023-03,SMB,APAC,Retail & E-commerce,12,1,SMS,13353.24,4710.19,0.353,333831,-0.5322,6.0,5,128,Annual,9,True,Retain,160238.88
CLT0332,2023-04,SMB,APAC,Retail & E-commerce,12,1,SMS,12956.2,5235.46,0.404,323905,-0.0297,6.0,2,63,Annual,2,True,Retain,155474.4
CLT0332,2023-05,SMB,APAC,Retail & E-commerce,12,1,SMS,25223.76,9332.1,0.37,630594,0.9468,6.0,4,56,Annual,10,True,Retain,589267.39
CLT0332,2023-06,SMB,APAC,Retail & E-commerce,12,1,SMS,11450.48,4479.74,0.391,286262,-0.546,6.0,3,115,Annual,7,True,Retain,137405.76
CLT0332,2023-07,SMB,APAC,Retail & E-commerce,12,1,SMS,10800.08,5954.88,0.551,270002,-0.0568,6.0,5,132,Annual,5,True,Retain,129600.96
CLT0332,2023-08,SMB,APAC,Retail & E-commerce,12,1,SMS,10231.64,4187.96,0.409,255791,-0.0526,6.0,5,141,Annual,1,True,Retain,122779.68
CLT0332,2023-09,SMB,APAC,Retail & E-commerce,12,1,SMS,10260.88,3665.22,0.357,256522,0.0029,6.0,3,155,Annual,8,True,Retain,123487.64
CLT0332,2023-10,SMB,APAC,Retail & E-commerce,12,1,SMS,9470.76,4178.59,0.441,236769,-0.077,6.0,6,81,Annual,11,True,Retain,113649.12
CLT0332,2023-11,SMB,APAC,Retail & E-commerce,12,1,SMS,8953.08,3185.74,0.356,223827,-0.0547,6.0,4,111,Annual,10,True,Retain,107436.96
CLT0333,2023-01,Mid-Market,Nordics,Logistics,33,3,WhatsApp Business|Verification|Voice,368082.3,181478.86,0.493,3085995,0.0,8.1,3,47,Annual,7,False,Nurture,4416987.6
CLT0333,2023-03,Mid-Market,Nordics,Logistics,33,3,WhatsApp Business|Verification|Voice,189855.66,87097.0,0.459,1564817,-0.4842,8.1,1,90,Annual,10,False,Retain,2278267.92
CLT0333,2023-04,Mid-Market,Nordics,Logistics,33,3,WhatsApp Business|Verification|Voice,191550.15,97445.51,0.509,1572648,0.0089,8.1,2,88,Annual,2,False,Nurture,2319059.36
CLT0333,2023-05,Mid-Market,Nordics,Logistics,33,3,WhatsApp Business|Verification|Voice,395886.29,207311.22,0.524,3256177,1.0668,8.1,3,76,Annual,3,False,Upsell,9818613.41
CLT0333,2023-06,Mid-Market,Nordics,Logistics,33,3,WhatsApp Business|Verification|Voice,216759.09,97984.93,0.452,1790699,-0.4525,8.1,1,20,Annual,1,False,Retain,2601109.08
CLT0333,2023-07,Mid-Market,Nordics,Logistics,33,3,WhatsApp Business|Verification|Voice,231152.71,96106.64,0.416,1940060,0.0664,8.1,2,46,Annual,2,False,Upsell,2958015.0
CLT0333,2023-08,Mid-Market,Nordics,Logistics,33,3,WhatsApp Business|Verification|Voice,236623.14,110259.14,0.466,2016555,0.0237,8.1,5,27,Annual,6,False,Retain,2906773.3
CLT0333,2023-09,Mid-Market,Nordics,Logistics,33,3,WhatsApp Business|Verification|Voice,236866.35,112219.86,0.474,2047922,0.001,8.1,3,52,Annual,4,False,Nurture,2845238.6
CLT0333,2023-10,Mid-Market,Nordics,Logistics,33,3,WhatsApp Business|Verification|Voice,244375.37,127967.3,0.524,2166253,0.0317,8.1,1,73,Annual,12,False,Upsell,3025464.83
CLT0333,2023-11,Mid-Market,Nordics,Logistics,33,3,WhatsApp Business|Verification|Voice,251113.55,94144.5,0.375,2229850,0.0276,8.1,3,85,Annual,8,False,Nurture,3096531.41
CLT0334,2023-01,Mid-Market,APAC,Technology & SaaS,26,2,Email|SMS,127673.9,65644.85,0.514,8272151,0.0,8.0,4,37,Multi-year,12,False,Nurture,1532086.8
CLT0334,2023-03,Mid-Market,APAC,Technology & SaaS,26,2,Email|SMS,64533.44,33879.56,0.525,4218616,-0.4945,8.0,3,68,Multi-year,11,False,Retain,774401.28
CLT0334,2023-04,Mid-Market,APAC,Technology & SaaS,26,2,Email|SMS,62874.87,35721.03,0.568,4099473,-0.0257,8.0,2,79,Multi-year,3,False,Nurture,754498.44
CLT0334,2023-05,Mid-Market,APAC,Technology & SaaS,26,2,Email|SMS,124347.94,53473.02,0.43,8065725,0.9777,8.0,4,46,Multi-year,1,False,Upsell,2951075.05
CLT0334,2023-06,Mid-Market,APAC,Technology & SaaS,26,2,Email|SMS,63495.29,30613.8,0.482,4182122,-0.4894,8.0,3,7,Multi-year,8,False,Retain,761943.48
CLT0334,2023-07,Mid-Market,APAC,Technology & SaaS,26,2,Email|SMS,61937.56,26525.4,0.428,3974113,-0.0245,8.0,0,46,Multi-year,2,False,Nurture,743250.72
CLT0334,2023-08,Mid-Market,APAC,Technology & SaaS,26,2,Email|SMS,64025.02,33588.95,0.525,4100812,0.0337,8.0,2,55,Multi-year,8,False,Upsell,794191.96
CLT0334,2023-09,Mid-Market,APAC,Technology & SaaS,26,2,Email|SMS,65330.54,27016.66,0.414,4103721,0.0204,8.0,1,35,Multi-year,12,False,Nurture,799959.4
CLT0334,2023-10,Mid-Market,APAC,Technology & SaaS,26,2,Email|SMS,65738.46,28631.29,0.436,4119169,0.0062,8.0,3,68,Multi-year,7,False,Nurture,793752.46
CLT0334,2023-11,Mid-Market,APAC,Technology & SaaS,26,2,Email|SMS,64759.99,36834.05,0.569,3986411,-0.0149,8.0,1,82,Multi-year,8,False,Nurture,777119.88
CLT0335,2023-01,Mid-Market,North America,Logistics,10,2,SMS|Voice,162745.92,73422.47,0.451,1528738,0.0,5.7,1,25,Multi-year,6,False,Retain,1952951.04
CLT0335,2023-03,Mid-Market,North America,Logistics,10,2,SMS|Voice,76286.56,34992.13,0.459,726096,-0.5313,5.7,1,70,Multi-year,2,False,Retain,915438.72
CLT0335,2023-04,Mid-Market,North America,Logistics,10,2,SMS|Voice,72883.8,27061.74,0.371,700917,-0.0446,5.7,0,71,Multi-year,3,False,Retain,874605.6
CLT0335,2023-05,Mid-Market,North America,Logistics,10,2,SMS|Voice,141001.72,56935.35,0.404,1350373,0.9346,5.7,0,15,Multi-year,8,False,Retain,3273383.13
CLT0335,2023-06,Mid-Market,North America,Logistics,10,2,SMS|Voice,66633.48,25328.25,0.38,638499,-0.5274,5.7,2,64,Multi-year,5,False,Retain,799601.76
CLT0335,2023-07,Mid-Market,North America,Logistics,10,2,SMS|Voice,70239.04,28661.02,0.408,671726,0.0541,5.7,3,66,Multi-year,8,False,Retain,888467.66
CLT0335,2023-08,Mid-Market,North America,Logistics,10,2,SMS|Voice,66236.24,28471.05,0.43,632850,-0.057,5.7,1,37,Multi-year,8,False,Retain,794834.88
CLT0335,2023-09,Mid-Market,North America,Logistics,10,2,SMS|Voice,69403.52,32315.27,0.466,660454,0.0478,5.7,3,58,Multi-year,10,False,Retain,872652.1
CLT0335,2023-10,Mid-Market,North America,Logistics,10,2,SMS|Voice,72306.48,30959.86,0.428,685768,0.0418,5.7,3,31,Multi-year,6,False,Retain,903946.69
CLT0335,2023-11,Mid-Market,North America,Logistics,10,2,SMS|Voice,74722.52,39035.74,0.522,709703,0.0334,5.7,1,79,Multi-year,10,False,Retain,926619.03
CLT0336,2023-01,Mid-Market,APAC,Retail & E-commerce,29,4,SMS|WhatsApp Business|Voice|Email,512915.47,244834.39,0.477,17654413,0.0,7.5,3,86,Annual,11,False,Nurture,6154985.64
CLT0336,2023-03,Mid-Market,APAC,Retail & E-commerce,29,4,SMS|WhatsApp Business|Voice|Email,273891.77,139259.95,0.508,8766835,-0.466,7.5,1,43,Annual,11,False,Retain,3286701.24
CLT0336,2023-04,Mid-Market,APAC,Retail & E-commerce,29,4,SMS|WhatsApp Business|Voice|Email,274825.32,116278.33,0.423,8602744,0.0034,7.5,2,71,Annual,5,False,Nurture,3309116.71
CLT0336,2023-05,Mid-Market,APAC,Retail & E-commerce,29,4,SMS|WhatsApp Business|Voice|Email,568843.2,277017.42,0.487,18253555,1.0698,7.5,3,28,Annual,9,False,Nurture,14128699.86
CLT0336,2023-06,Mid-Market,APAC,Retail & E-commerce,29,4,SMS|WhatsApp Business|Voice|Email,317934.09,138630.54,0.436,9619324,-0.4411,7.5,1,31,Annual,6,False,Retain,3815209.08
CLT0336,2023-07,Mid-Market,APAC,Retail & E-commerce,29,4,SMS|WhatsApp Business|Voice|Email,323186.61,144328.03,0.447,9121955,0.0165,7.5,6,50,Annual,10,False,Retain,3942230.27
CLT0336,2023-08,Mid-Market,APAC,Retail & E-commerce,29,4,SMS|WhatsApp Business|Voice|Email,319843.0,137116.86,0.429,9128948,-0.0103,7.5,5,75,Annual,10,False,Retain,3838116.0
CLT0336,2023-09,Mid-Market,APAC,Retail & E-commerce,29,4,SMS|WhatsApp Business|Voice|Email,337776.35,148484.67,0.44,9229965,0.0561,7.5,2,61,Annual,2,False,Nurture,4280707.24
CLT0336,2023-10,Mid-Market,APAC,Retail & E-commerce,29,4,SMS|WhatsApp Business|Voice|Email,337681.27,176778.73,0.524,9189933,-0.0003,7.5,1,23,Annual,6,False,Nurture,4052175.24
CLT0336,2023-11,Mid-Market,APAC,Retail & E-commerce,29,4,SMS|WhatsApp Business|Voice|Email,344404.17,181221.13,0.526,9120099,0.0199,7.5,1,19,Annual,1,False,Nurture,4215093.76
CLT0337,2023-01,Enterprise,UK & Ireland,Logistics,26,2,SMS|Verification,376214.28,190098.67,0.505,6297917,0.0,8.1,1,11,Annual,10,False,Nurture,4514571.36
CLT0337,2023-03,Enterprise,UK & Ireland,Logistics,26,2,SMS|Verification,192427.44,89434.65,0.465,3207209,-0.4885,8.1,0,26,Annual,1,False,Retain,2309129.28
CLT0337,2023-04,Enterprise,UK & Ireland,Logistics,26,2,SMS|Verification,210576.68,94139.69,0.447,3527188,0.0943,8.1,2,90,Annual,7,False,Upsell,2765208.73
CLT0337,2023-05,Enterprise,UK & Ireland,Logistics,26,2,SMS|Verification,451199.0,232768.94,0.516,7586470,1.1427,8.1,1,33,Annual,7,False,Upsell,11601409.17
CLT0337,2023-06,Enterprise,UK & Ireland,Logistics,26,2,SMS|Verification,241119.28,131703.05,0.546,4088678,-0.4656,8.1,1,82,Annual,10,False,Retain,2893431.36
CLT0337,2023-07,Enterprise,UK & Ireland,Logistics,26,2,SMS|Verification,246114.36,101998.06,0.414,4137098,0.0207,8.1,3,16,Annual,3,False,Nurture,3014507.13
CLT0337,2023-08,Enterprise,UK & Ireland,Logistics,26,2,SMS|Verification,253579.32,127593.26,0.503,4249970,0.0303,8.1,1,49,Annual,8,False,Upsell,3135153.28
CLT0337,2023-09,Enterprise,UK & Ireland,Logistics,26,2,SMS|Verification,267215.88,126842.09,0.475,4463837,0.0538,8.1,4,15,Annual,10,False,Upsell,3379105.13
CLT0337,2023-10,Enterprise,UK & Ireland,Logistics,26,2,SMS|Verification,286902.4,130130.49,0.454,4821891,0.0737,8.1,2,12,Annual,10,False,Upsell,3696565.28
CLT0337,2023-11,Enterprise,UK & Ireland,Logistics,26,2,SMS|Verification,293282.92,132238.17,0.451,4954988,0.0222,8.1,1,54,Annual,10,False,Nurture,3597525.61
CLT0338,2023-01,Mid-Market,Nordics,Gaming & Entertainment,23,3,Email|Verification|SMS,304249.96,136805.74,0.45,9909200,0.0,7.9,0,74,Annual,4,False,Nurture,3650999.52
CLT0338,2023-03,Mid-Market,Nordics,Gaming & Entertainment,23,3,Email|Verification|SMS,160446.2,79181.28,0.494,5004220,-0.4727,7.9,2,27,Annual,6,False,Retain,1925354.4
CLT0338,2023-04,Mid-Market,Nordics,Gaming & Entertainment,23,3,Email|Verification|SMS,163720.75,69257.0,0.423,5025295,0.0204,7.9,0,31,Annual,11,False,Nurture,2004727.84
CLT0338,2023-05,Mid-Market,Nordics,Gaming & Entertainment,23,3,Email|Verification|SMS,340199.56,143865.24,0.423,10091012,1.0779,7.9,2,5,Annual,4,False,Upsell,8482807.99
CLT0338,2023-06,Mid-Market,Nordics,Gaming & Entertainment,23,3,Email|Verification|SMS,175760.03,88001.83,0.501,5170919,-0.4834,7.9,1,81,Annual,2,False,Retain,2109120.36
CLT0338,2023-07,Mid-Market,Nordics,Gaming & Entertainment,23,3,Email|Verification|SMS,178478.22,84224.61,0.472,4985699,0.0155,7.9,0,32,Annual,9,False,Nurture,2174935.59
CLT0338,2023-08,Mid-Market,Nordics,Gaming & Entertainment,23,3,Email|Verification|SMS,188853.07,74675.19,0.395,5372282,0.0581,7.9,1,62,Annual,9,False,Upsell,2397905.2
CLT0338,2023-09,Mid-Market,Nordics,Gaming & Entertainment,23,3,Email|Verification|SMS,194545.03,94836.55,0.487,5570918,0.0301,7.9,1,28,Annual,1,False,Upsell,2404810.02
CLT0338,2023-10,Mid-Market,Nordics,Gaming & Entertainment,23,3,Email|Verification|SMS,195666.26,96080.98,0.491,5541334,0.0058,7.9,2,42,Annual,11,False,Nurture,2361613.49
CLT0338,2023-11,Mid-Market,Nordics,Gaming & Entertainment,23,3,Email|Verification|SMS,207607.92,101975.8,0.491,5736920,0.061,7.9,2,51,Annual,9,False,Upsell,2643264.04
CLT0339,2023-01,Mid-Market,Southern Europe,Healthcare,17,3,Verification|SMS|Voice,457504.16,201945.27,0.441,6668351,0.0,7.2,0,17,Monthly,9,False,Nurture,5490049.92
CLT0339,2023-03,Mid-Market,Southern Europe,Healthcare,17,3,Verification|SMS|Voice,232601.48,115127.11,0.495,3403837,-0.4916,7.2,1,62,Monthly,6,False,Retain,2791217.76
CLT0339,2023-04,Mid-Market,Southern Europe,Healthcare,17,3,Verification|SMS|Voice,237056.6,96619.13,0.408,3501518,0.0192,7.2,4,30,Monthly,4,False,Nurture,2899297.04
CLT0339,2023-05,Mid-Market,Southern Europe,Healthcare,17,3,Verification|SMS|Voice,480198.76,192099.05,0.4,7190161,1.0257,7.2,1,43,Monthly,6,False,Upsell,11672863.54
CLT0339,2023-06,Mid-Market,Southern Europe,Healthcare,17,3,Verification|SMS|Voice,234527.04,124835.96,0.532,3493227,-0.5116,7.2,0,23,Monthly,7,False,Retain,2814324.48
CLT0339,2023-07,Mid-Market,Southern Europe,Healthcare,17,3,Verification|SMS|Voice,235009.4,104671.47,0.445,3531062,0.0021,7.2,2,89,Monthly,3,False,Nurture,2826035.04
CLT0339,2023-08,Mid-Market,Southern Europe,Healthcare,17,3,Verification|SMS|Voice,237955.12,128927.61,0.542,3594578,0.0125,7.2,3,7,Monthly,3,False,Nurture,2891154.71
CLT0339,2023-09,Mid-Market,Southern Europe,Healthcare,17,3,Verification|SMS|Voice,233958.6,115903.99,0.495,3583760,-0.0168,7.2,5,77,Monthly,11,False,Retain,2807503.2
CLT0339,2023-10,Mid-Market,Southern Europe,Healthcare,17,3,Verification|SMS|Voice,241435.44,109591.34,0.454,3750937,0.032,7.2,3,36,Monthly,9,False,Upsell,2989936.49
CLT0339,2023-11,Mid-Market,Southern Europe,Healthcare,17,3,Verification|SMS|Voice,254684.48,106549.56,0.418,3890387,0.0549,7.2,2,63,Monthly,5,False,Upsell,3223999.9
CLT0340,2023-01,Mid-Market,UK & Ireland,Logistics,7,2,Voice|SMS,139837.52,79441.3,0.568,2966648,0.0,9.0,4,62,Annual,9,False,Nurture,1678050.24
CLT0340,2023-03,Mid-Market,UK & Ireland,Logistics,7,2,Voice|SMS,71029.8,36508.98,0.514,1487143,-0.4921,9.0,0,16,Annual,2,False,Retain,852357.6
CLT0340,2023-04,Mid-Market,UK & Ireland,Logistics,7,2,Voice|SMS,74179.92,30626.88,0.413,1540110,0.0443,9.0,0,24,Annual,9,False,Upsell,929593.09
CLT0340,2023-05,Mid-Market,UK & Ireland,Logistics,7,2,Voice|SMS,150718.12,68586.16,0.455,3183549,1.0318,9.0,0,21,Annual,7,False,Upsell,3674748.91
CLT0340,2023-06,Mid-Market,UK & Ireland,Logistics,7,2,Voice|SMS,76842.32,35882.61,0.467,1638434,-0.4902,9.0,1,76,Annual,11,False,Retain,922107.84
CLT0340,2023-07,Mid-Market,UK & Ireland,Logistics,7,2,Voice|SMS,77188.4,39252.21,0.509,1647878,0.0045,9.0,0,76,Annual,4,False,Nurture,930428.97
CLT0340,2023-08,Mid-Market,UK & Ireland,Logistics,7,2,Voice|SMS,80075.16,32485.75,0.406,1718931,0.0374,9.0,4,38,Annual,12,False,Upsell,996839.65
CLT0340,2023-09,Mid-Market,UK & Ireland,Logistics,7,2,Voice|SMS,80603.88,44449.09,0.551,1732685,0.0066,9.0,2,48,Annual,2,False,Nurture,973630.39
CLT0340,2023-10,Mid-Market,UK & Ireland,Logistics,7,2,Voice|SMS,82160.12,48322.92,0.588,1764599,0.0193,9.0,4,58,Annual,4,False,Nurture,1004949.72
CLT0340,2023-11,Mid-Market,UK & Ireland,Logistics,7,2,Voice|SMS,82427.48,43741.89,0.531,1766249,0.0033,9.0,4,74,Annual,3,False,Nurture,992393.89
CLT0341,2023-01,SMB,Nordics,Retail & E-commerce,2,2,SMS|Email,69803.33,37121.88,0.532,4331325,0.0,7.7,1,62,Monthly,3,True,Retain,837639.96
CLT0341,2023-03,SMB,Nordics,Retail & E-commerce,2,2,SMS|Email,32771.54,17197.27,0.525,1938088,-0.5305,7.7,2,178,Monthly,4,True,Retain,393258.48
CLT0341,2023-04,SMB,Nordics,Retail & E-commerce,2,2,SMS|Email,31541.51,16671.34,0.529,1798272,-0.0375,7.7,3,51,Monthly,8,True,Retain,378498.12
CLT0341,2023-05,SMB,Nordics,Retail & E-commerce,2,2,SMS|Email,58055.18,26116.48,0.45,3277439,0.8406,7.7,5,147,Monthly,9,True,Retain,1282276.37
CLT0341,2023-06,SMB,Nordics,Retail & E-commerce,2,2,SMS|Email,27125.55,13195.89,0.486,1508364,-0.5328,7.7,5,140,Monthly,6,True,Retain,325506.6
CLT0341,2023-07,SMB,Nordics,Retail & E-commerce,2,2,SMS|Email,26699.03,13395.45,0.502,1468533,-0.0157,7.7,2,32,Monthly,4,True,Retain,320388.36
CLT0341,2023-08,SMB,Nordics,Retail & E-commerce,2,2,SMS|Email,25334.1,11887.34,0.469,1325348,-0.0511,7.7,3,175,Monthly,11,True,Retain,304009.2
CLT0341,2023-09,SMB,Nordics,Retail & E-commerce,2,2,SMS|Email,25399.6,12968.29,0.511,1245243,0.0026,7.7,7,100,Monthly,11,True,Retain,305587.67
CLT0341,2023-10,SMB,Nordics,Retail & E-commerce,2,2,SMS|Email,24698.7,12179.92,0.493,1185024,-0.0276,7.7,4,142,Monthly,6,True,Retain,296384.4
CLT0341,2023-11,SMB,Nordics,Retail & E-commerce,2,2,SMS|Email,24290.24,10462.14,0.431,1113447,-0.0165,7.7,8,44,Monthly,6,True,Retain,291482.88
CLT0342,2023-01,SMB,LATAM,Retail & E-commerce,3,2,SMS|Email,21892.93,11173.24,0.51,1267862,0.0,6.7,2,42,Monthly,8,False,Nurture,262715.16
CLT0342,2023-03,SMB,LATAM,Retail & E-commerce,3,2,SMS|Email,11129.9,6525.33,0.586,666521,-0.4916,6.7,1,89,Monthly,11,False,Retain,133558.8
CLT0342,2023-04,SMB,LATAM,Retail & E-commerce,3,2,SMS|Email,11047.66,5541.25,0.502,686815,-0.0074,6.7,0,64,Monthly,12,False,Nurture,132571.92
CLT0342,2023-05,SMB,LATAM,Retail & E-commerce,3,2,SMS|Email,21990.45,10690.97,0.486,1422697,0.9905,6.7,2,62,Monthly,10,False,Nurture,525263.89
CLT0342,2023-06,SMB,LATAM,Retail & E-commerce,3,2,SMS|Email,11085.71,6197.19,0.559,728458,-0.4959,6.7,2,11,Monthly,8,False,Retain,133028.52
CLT0342,2023-07,SMB,LATAM,Retail & E-commerce,3,2,SMS|Email,10977.21,4879.93,0.445,738335,-0.0098,6.7,2,39,Monthly,4,False,Nurture,131726.52
CLT0342,2023-08,SMB,LATAM,Retail & E-commerce,3,2,SMS|Email,10796.89,4962.57,0.46,722480,-0.0164,6.7,6,10,Monthly,3,False,Retain,129562.68
CLT0342,2023-09,SMB,LATAM,Retail & E-commerce,3,2,SMS|Email,11251.65,6566.03,0.584,740394,0.0421,6.7,1,86,Monthly,5,False,Nurture,140704.13
CLT0342,2023-10,SMB,LATAM,Retail & E-commerce,3,2,SMS|Email,11850.87,4873.24,0.411,781062,0.0533,6.7,4,28,Monthly,5,False,Nurture,149790.26
CLT0342,2023-11,SMB,LATAM,Retail & E-commerce,3,2,SMS|Email,11858.03,4748.17,0.4,771154,0.0006,6.7,2,83,Monthly,6,False,Nurture,142381.74
CLT0343,2023-01,Enterprise,DACH,Healthcare,32,4,Verification|WhatsApp Business|Voice|SMS,644084.67,332856.4,0.517,6540008,0.0,8.2,0,27,Multi-year,6,False,Expand,7729016.04
CLT0343,2023-03,Enterprise,DACH,Healthcare,32,4,Verification|WhatsApp Business|Voice|SMS,332061.82,150322.13,0.453,3361217,-0.4844,8.2,4,32,Multi-year,9,False,Retain,3984741.84
CLT0343,2023-04,Enterprise,DACH,Healthcare,32,4,Verification|WhatsApp Business|Voice|SMS,340963.82,171069.71,0.502,3445822,0.0268,8.2,2,90,Multi-year,2,False,Expand,4201219.8
CLT0343,2023-05,Enterprise,DACH,Healthcare,32,4,Verification|WhatsApp Business|Voice|SMS,691132.55,340253.24,0.492,6981055,1.027,8.2,2,9,Multi-year,12,False,Expand,16811108.15
CLT0343,2023-06,Enterprise,DACH,Healthcare,32,4,Verification|WhatsApp Business|Voice|SMS,355139.44,169898.17,0.478,3558368,-0.4861,8.2,3,43,Multi-year,8,False,Retain,4261673.28
CLT0343,2023-07,Enterprise,DACH,Healthcare,32,4,Verification|WhatsApp Business|Voice|SMS,355233.91,179247.79,0.505,3602193,0.0003,8.2,1,46,Multi-year,1,False,Expand,4264085.76
CLT0343,2023-08,Enterprise,DACH,Healthcare,32,4,Verification|WhatsApp Business|Voice|SMS,348615.01,156506.94,0.449,3539356,-0.0186,8.2,0,76,Multi-year,3,False,Nurture,4183380.12
CLT0343,2023-09,Enterprise,DACH,Healthcare,32,4,Verification|WhatsApp Business|Voice|SMS,337027.91,155132.84,0.46,3421394,-0.0332,8.2,0,59,Multi-year,3,False,Nurture,4044334.92
CLT0343,2023-10,Enterprise,DACH,Healthcare,32,4,Verification|WhatsApp Business|Voice|SMS,344356.57,180762.41,0.525,3495108,0.0217,8.2,4,7,Multi-year,10,False,Expand,4221949.29
CLT0343,2023-11,Enterprise,DACH,Healthcare,32,4,Verification|WhatsApp Business|Voice|SMS,344400.72,170346.85,0.495,3508943,0.0001,8.2,3,35,Multi-year,9,False,Expand,4133221.92
CLT0344,2023-01,Mid-Market,Nordics,Retail & E-commerce,21,2,WhatsApp Business|SMS,213590.83,106589.81,0.499,1526743,0.0,6.2,1,5,Annual,12,False,Nurture,2563089.96
CLT0344,2023-03,Mid-Market,Nordics,Retail & E-commerce,21,2,WhatsApp Business|SMS,110223.84,47691.85,0.433,746196,-0.4839,6.2,0,25,Annual,7,False,Retain,1322686.08
CLT0344,2023-04,Mid-Market,Nordics,Retail & E-commerce,21,2,WhatsApp Business|SMS,115520.71,49892.48,0.432,752023,0.0481,6.2,0,76,Annual,12,False,Nurture,1452927.07
CLT0344,2023-05,Mid-Market,Nordics,Retail & E-commerce,21,2,WhatsApp Business|SMS,237563.33,124088.17,0.522,1372913,1.0565,6.2,1,48,Annual,8,False,Nurture,5862587.86
CLT0344,2023-06,Mid-Market,Nordics,Retail & E-commerce,21,2,WhatsApp Business|SMS,125199.59,70771.0,0.565,696512,-0.473,6.2,0,83,Annual,6,False,Retain,1502395.08
CLT0344,2023-07,Mid-Market,Nordics,Retail & E-commerce,21,2,WhatsApp Business|SMS,129237.23,56738.14,0.439,718097,0.0322,6.2,2,54,Annual,3,False,Nurture,1600784.03
CLT0344,2023-08,Mid-Market,Nordics,Retail & E-commerce,21,2,WhatsApp Business|SMS,133616.66,68657.95,0.514,724652,0.0339,6.2,1,79,Annual,5,False,Nurture,1657755.18
CLT0344,2023-09,Mid-Market,Nordics,Retail & E-commerce,21,2,WhatsApp Business|SMS,143854.02,64964.99,0.452,753738,0.0766,6.2,3,26,Annual,4,False,Nurture,1858478.86
CLT0344,2023-10,Mid-Market,Nordics,Retail & E-commerce,21,2,WhatsApp Business|SMS,149578.7,70142.86,0.469,725087,0.0398,6.2,3,74,Annual,2,False,Nurture,1866383.19
CLT0344,2023-11,Mid-Market,Nordics,Retail & E-commerce,21,2,WhatsApp Business|SMS,159758.98,61451.77,0.385,746116,0.0681,6.2,0,53,Annual,9,False,Nurture,2047662.8
CLT0345,2023-01,Mid-Market,DACH,Fintech,26,3,Verification|WhatsApp Business|Voice,449467.29,192140.29,0.427,2805635,0.0,7.4,3,49,Multi-year,8,False,Nurture,5393607.48
CLT0345,2023-03,Mid-Market,DACH,Fintech,26,3,Verification|WhatsApp Business|Voice,245817.69,125228.58,0.509,1485372,-0.4531,7.4,2,1,Multi-year,9,False,Retain,2949812.28
CLT0345,2023-04,Mid-Market,DACH,Fintech,26,3,Verification|WhatsApp Business|Voice,253407.22,116963.14,0.462,1568659,0.0309,7.4,2,69,Multi-year,6,False,Upsell,3134850.04
CLT0345,2023-05,Mid-Market,DACH,Fintech,26,3,Verification|WhatsApp Business|Voice,524151.76,257692.74,0.492,3232528,1.0684,7.4,2,42,Multi-year,1,False,Upsell,13009866.0
CLT0345,2023-06,Mid-Market,DACH,Fintech,26,3,Verification|WhatsApp Business|Voice,279877.85,147703.49,0.528,1773725,-0.466,7.4,5,52,Multi-year,10,False,Retain,3358534.2
CLT0345,2023-07,Mid-Market,DACH,Fintech,26,3,Verification|WhatsApp Business|Voice,286251.39,140768.47,0.492,1813395,0.0228,7.4,4,35,Multi-year,4,False,Nurture,3513335.06
CLT0345,2023-08,Mid-Market,DACH,Fintech,26,3,Verification|WhatsApp Business|Voice,308598.05,164064.85,0.532,1881578,0.0781,7.4,2,75,Multi-year,11,False,Upsell,3992394.69
CLT0345,2023-09,Mid-Market,DACH,Fintech,26,3,Verification|WhatsApp Business|Voice,328007.44,146479.81,0.447,1979377,0.0629,7.4,5,35,Multi-year,5,False,Upsell,4183669.3
CLT0345,2023-10,Mid-Market,DACH,Fintech,26,3,Verification|WhatsApp Business|Voice,351043.02,169035.51,0.482,2038764,0.0702,7.4,1,14,Multi-year,1,False,Upsell,4508234.88
CLT0345,2023-11,Mid-Market,DACH,Fintech,26,3,Verification|WhatsApp Business|Voice,375361.38,190877.04,0.509,2154150,0.0693,7.4,1,9,Multi-year,1,False,Upsell,4816487.08
CLT0346,2023-01,Mid-Market,LATAM,Technology & SaaS,15,2,Email|SMS,255833.84,135683.42,0.53,13508041,0.0,7.1,2,39,Monthly,3,False,Nurture,3070006.08
CLT0346,2023-03,Mid-Market,LATAM,Technology & SaaS,15,2,Email|SMS,126089.04,47081.63,0.373,6758059,-0.5071,7.1,2,63,Monthly,12,False,Retain,1513068.48
CLT0346,2023-04,Mid-Market,LATAM,Technology & SaaS,15,2,Email|SMS,127687.05,58439.3,0.458,6927111,0.0127,7.1,0,76,Monthly,8,False,Nurture,1551704.11
CLT0346,2023-05,Mid-Market,LATAM,Technology & SaaS,15,2,Email|SMS,236818.05,118467.34,0.5,13946688,0.8547,7.1,2,34,Monthly,10,False,Upsell,5270717.25
CLT0346,2023-06,Mid-Market,LATAM,Technology & SaaS,15,2,Email|SMS,118434.82,51456.13,0.434,7538209,-0.4999,7.1,1,25,Monthly,6,False,Retain,1421217.84
CLT0346,2023-07,Mid-Market,LATAM,Technology & SaaS,15,2,Email|SMS,124948.93,69354.72,0.555,7914230,0.055,7.1,2,36,Monthly,10,False,Upsell,1581853.45
CLT0346,2023-08,Mid-Market,LATAM,Technology & SaaS,15,2,Email|SMS,122416.6,59628.82,0.487,7808382,-0.0203,7.1,0,20,Monthly,2,False,Nurture,1468999.2
CLT0346,2023-09,Mid-Market,LATAM,Technology & SaaS,15,2,Email|SMS,123787.15,57427.11,0.464,7810520,0.0112,7.1,3,1,Monthly,2,False,Nurture,1502082.79
CLT0346,2023-10,Mid-Market,LATAM,Technology & SaaS,15,2,Email|SMS,126700.43,67372.8,0.532,8085541,0.0235,7.1,3,68,Monthly,2,False,Nurture,1556134.68
CLT0346,2023-11,Mid-Market,LATAM,Technology & SaaS,15,2,Email|SMS,134281.63,70272.35,0.523,8549115,0.0598,7.1,2,65,Monthly,9,False,Upsell,1707740.06
CLT0347,2023-01,SMB,LATAM,Logistics,6,1,Voice,41143.68,22089.77,0.537,342864,0.0,8.3,0,82,Monthly,10,False,Nurture,493724.16
CLT0347,2023-03,SMB,LATAM,Logistics,6,1,Voice,20493.36,10108.54,0.493,170778,-0.5019,8.3,1,54,Monthly,10,False,Retain,245920.32
CLT0347,2023-04,SMB,LATAM,Logistics,6,1,Voice,20173.32,9573.58,0.475,168111,-0.0156,8.3,3,80,Monthly,11,False,Nurture,242079.84
CLT0347,2023-05,SMB,LATAM,Logistics,6,1,Voice,40269.24,18439.64,0.458,335577,0.9962,8.3,1,15,Monthly,4,False,Upsell,964625.48
CLT0347,2023-06,SMB,LATAM,Logistics,6,1,Voice,20733.72,8558.96,0.413,172781,-0.4851,8.3,4,20,Monthly,11,False,Retain,248804.64
CLT0347,2023-07,SMB,LATAM,Logistics,6,1,Voice,21309.12,7558.55,0.355,177576,0.0278,8.3,1,76,Monthly,4,False,Nurture,262818.16
CLT0347,2023-08,SMB,LATAM,Logistics,6,1,Voice,22046.64,9572.55,0.434,183722,0.0346,8.3,1,48,Monthly,8,False,Upsell,273713.44
CLT0347,2023-09,SMB,LATAM,Logistics,6,1,Voice,23398.32,13035.13,0.557,194986,0.0613,8.3,2,42,Monthly,4,False,Upsell,297991.64
CLT0347,2023-10,SMB,LATAM,Logistics,6,1,Voice,25397.76,13722.84,0.54,211648,0.0855,8.3,2,68,Monthly,5,False,Upsell,330831.22
CLT0347,2023-11,SMB,LATAM,Logistics,6,1,Voice,25802.28,9322.09,0.361,215019,0.0159,8.3,2,65,Monthly,11,False,Nurture,314550.44
CLT0348,2023-01,Enterprise,Nordics,Retail & E-commerce,30,2,Voice|WhatsApp Business,774770.23,349907.22,0.452,3285638,0.0,8.4,3,10,Multi-year,2,False,Nurture,9297242.76
CLT0348,2023-03,Enterprise,Nordics,Retail & E-commerce,30,2,Voice|WhatsApp Business,421096.37,169945.98,0.404,1826464,-0.4565,8.4,3,12,Multi-year,6,False,Retain,5053156.44
CLT0348,2023-04,Enterprise,Nordics,Retail & E-commerce,30,2,Voice|WhatsApp Business,410017.76,168107.6,0.41,1913721,-0.0263,8.4,2,64,Multi-year,1,False,Nurture,4920213.12
CLT0348,2023-05,Enterprise,Nordics,Retail & E-commerce,30,2,Voice|WhatsApp Business,843796.15,390594.59,0.463,4182537,1.058,8.4,2,25,Multi-year,5,False,Upsell,20838389.72
CLT0348,2023-06,Enterprise,Nordics,Retail & E-commerce,30,2,Voice|WhatsApp Business,426784.23,231864.7,0.543,2184029,-0.4942,8.4,1,59,Multi-year,6,False,Retain,5121410.76
CLT0348,2023-07,Enterprise,Nordics,Retail & E-commerce,30,2,Voice|WhatsApp Business,432293.49,239669.51,0.554,2198270,0.0129,8.4,1,51,Multi-year,1,False,Nurture,5254440.91
CLT0348,2023-08,Enterprise,Nordics,Retail & E-commerce,30,2,Voice|WhatsApp Business,449263.19,203435.96,0.453,2309878,0.0393,8.4,1,83,Multi-year,2,False,Upsell,5603030.8
CLT0348,2023-09,Enterprise,Nordics,Retail & E-commerce,30,2,Voice|WhatsApp Business,482373.05,232919.79,0.483,2549394,0.0737,8.4,0,53,Multi-year,5,False,Upsell,6215087.33
CLT0348,2023-10,Enterprise,Nordics,Retail & E-commerce,30,2,Voice|WhatsApp Business,501833.2,267947.08,0.534,2662352,0.0403,8.4,2,88,Multi-year,3,False,Upsell,6264684.94
CLT0348,2023-11,Enterprise,Nordics,Retail & E-commerce,30,2,Voice|WhatsApp Business,519437.39,226585.72,0.436,2852179,0.0351,8.4,3,50,Multi-year,3,False,Upsell,6452035.71
CLT0349,2023-01,Mid-Market,North America,Fintech,23,3,Voice|SMS|Verification,336111.92,162165.26,0.482,5797508,0.0,8.0,7,107,Monthly,6,True,Retain,4033343.04
CLT0349,2023-03,Mid-Market,North America,Fintech,23,3,Voice|SMS|Verification,162842.68,81523.32,0.501,2823919,-0.5155,8.0,7,112,Monthly,5,True,Retain,1954112.16
CLT0349,2023-04,Mid-Market,North America,Fintech,23,3,Voice|SMS|Verification,152798.96,71023.94,0.465,2723044,-0.0617,8.0,10,136,Monthly,3,True,Retain,1833587.52
CLT0349,2023-05,Mid-Market,North America,Fintech,23,3,Voice|SMS|Verification,285316.0,126682.71,0.444,5087694,0.8673,8.0,4,30,Monthly,3,True,Retain,6393246.8
CLT0349,2023-06,Mid-Market,North America,Fintech,23,3,Voice|SMS|Verification,136358.48,67330.51,0.494,2450904,-0.5221,8.0,6,61,Monthly,4,True,Retain,1636301.76
CLT0349,2023-07,Mid-Market,North America,Fintech,23,3,Voice|SMS|Verification,126283.0,62441.9,0.494,2274790,-0.0739,8.0,3,117,Monthly,12,True,Retain,1515396.0
CLT0349,2023-08,Mid-Market,North America,Fintech,23,3,Voice|SMS|Verification,122228.4,51000.06,0.417,2241290,-0.0321,8.0,2,94,Monthly,7,True,Retain,1466740.8
CLT0349,2023-09,Mid-Market,North America,Fintech,23,3,Voice|SMS|Verification,121624.04,59044.76,0.485,2209754,-0.0049,8.0,3,73,Monthly,3,True,Retain,1459488.48
CLT0349,2023-10,Mid-Market,North America,Fintech,23,3,Voice|SMS|Verification,122148.48,60823.08,0.498,2233059,0.0043,8.0,6,93,Monthly,10,True,Retain,1472084.62
CLT0349,2023-11,Mid-Market,North America,Fintech,23,3,Voice|SMS|Verification,120925.84,55095.92,0.456,2230867,-0.01,8.0,3,102,Monthly,1,True,Retain,1451110.08
CLT0350,2023-01,Mid-Market,North America,Gaming & Entertainment,31,4,Email|Verification|SMS|Voice,304721.58,160810.65,0.528,6103262,0.0,6.9,6,155,Annual,2,True,Retain,3656658.96
CLT0350,2023-03,Mid-Market,North America,Gaming & Entertainment,31,4,Email|Verification|SMS|Voice,138963.52,69791.25,0.502,2823456,-0.544,6.9,4,143,Annual,4,True,Retain,1667562.24
CLT0350,2023-04,Mid-Market,North America,Gaming & Entertainment,31,4,Email|Verification|SMS|Voice,131774.45,57783.65,0.439,2664022,-0.0517,6.9,1,105,Annual,4,True,Retain,1581293.4
CLT0350,2023-05,Mid-Market,North America,Gaming & Entertainment,31,4,Email|Verification|SMS|Voice,240065.85,109376.44,0.456,4935949,0.8218,6.9,6,100,Annual,7,True,Retain,5248223.59
CLT0350,2023-06,Mid-Market,North America,Gaming & Entertainment,31,4,Email|Verification|SMS|Voice,109712.13,55563.26,0.506,2230409,-0.543,6.9,4,128,Annual,1,True,Retain,1316545.56
CLT0350,2023-07,Mid-Market,North America,Gaming & Entertainment,31,4,Email|Verification|SMS|Voice,107210.94,45209.19,0.422,2173487,-0.0228,6.9,1,117,Annual,5,True,Retain,1286531.28
CLT0350,2023-08,Mid-Market,North America,Gaming & Entertainment,31,4,Email|Verification|SMS|Voice,100089.86,50604.3,0.506,2010099,-0.0664,6.9,2,150,Annual,11,True,Retain,1201078.32
CLT0350,2023-09,Mid-Market,North America,Gaming & Entertainment,31,4,Email|Verification|SMS|Voice,95040.96,48550.36,0.511,1899255,-0.0504,6.9,6,42,Annual,12,True,Retain,1140491.52
CLT0350,2023-10,Mid-Market,North America,Gaming & Entertainment,31,4,Email|Verification|SMS|Voice,88545.51,37969.59,0.429,1746888,-0.0683,6.9,4,42,Annual,7,True,Retain,1062546.12
CLT0350,2023-11,Mid-Market,North America,Gaming & Entertainment,31,4,Email|Verification|SMS|Voice,81236.94,37087.41,0.457,1635548,-0.0825,6.9,6,42,Annual,4,True,Retain,974843.28
CLT0351,2023-01,Enterprise,APAC,Retail & E-commerce,18,3,WhatsApp Business|Email|SMS,954411.18,411439.92,0.431,29252452,0.0,8.5,2,74,Annual,9,False,Expand,11452934.16
CLT0351,2023-03,Enterprise,APAC,Retail & E-commerce,18,3,WhatsApp Business|Email|SMS,495024.39,220753.61,0.446,15613326,-0.4813,8.5,0,10,Annual,1,False,Retain,5940292.68
CLT0351,2023-04,Enterprise,APAC,Retail & E-commerce,18,3,WhatsApp Business|Email|SMS,516469.11,225121.59,0.436,16414342,0.0433,8.5,1,57,Annual,10,False,Upsell,6465986.67
CLT0351,2023-05,Enterprise,APAC,Retail & E-commerce,18,3,WhatsApp Business|Email|SMS,1081019.12,494769.39,0.458,34115198,1.0931,8.5,1,46,Annual,2,False,Upsell,27152173.44
CLT0351,2023-06,Enterprise,APAC,Retail & E-commerce,18,3,WhatsApp Business|Email|SMS,554237.62,270743.14,0.488,17984700,-0.4873,8.5,2,51,Annual,4,False,Retain,6650851.44
CLT0351,2023-07,Enterprise,APAC,Retail & E-commerce,18,3,WhatsApp Business|Email|SMS,587346.5,262057.98,0.446,18363627,0.0597,8.5,2,44,Annual,3,False,Upsell,7468933.03
CLT0351,2023-08,Enterprise,APAC,Retail & E-commerce,18,3,WhatsApp Business|Email|SMS,607040.82,280380.44,0.462,19116416,0.0335,8.5,3,10,Annual,5,False,Upsell,7528520.25
CLT0351,2023-09,Enterprise,APAC,Retail & E-commerce,18,3,WhatsApp Business|Email|SMS,604924.04,293623.93,0.485,19214173,-0.0035,8.5,2,81,Annual,12,False,Nurture,7259088.48
CLT0351,2023-10,Enterprise,APAC,Retail & E-commerce,18,3,WhatsApp Business|Email|SMS,648551.27,356835.85,0.55,19315212,0.0721,8.5,1,11,Annual,12,False,Upsell,8343741.8
CLT0351,2023-11,Enterprise,APAC,Retail & E-commerce,18,3,WhatsApp Business|Email|SMS,639251.03,332035.97,0.519,19340308,-0.0143,8.5,2,23,Annual,1,False,Nurture,7671012.36
CLT0352,2023-01,Mid-Market,UK & Ireland,Fintech,14,3,Verification|Voice|SMS,285313.08,139407.55,0.489,4433548,0.0,5.2,2,22,Monthly,3,False,Retain,3423756.96
CLT0352,2023-03,Mid-Market,UK & Ireland,Fintech,14,3,Verification|Voice|SMS,146446.92,72899.17,0.498,2281593,-0.4867,5.2,2,38,Monthly,11,False,Retain,1757363.04
CLT0352,2023-04,Mid-Market,UK & Ireland,Fintech,14,3,Verification|Voice|SMS,154496.4,59769.85,0.387,2393310,0.055,5.2,2,14,Monthly,8,False,Retain,1955924.42
CLT0352,2023-05,Mid-Market,UK & Ireland,Fintech,14,3,Verification|Voice|SMS,293480.28,148590.49,0.506,4576442,0.8996,5.2,1,44,Monthly,7,False,Retain,6689941.68
CLT0352,2023-06,Mid-Market,UK & Ireland,Fintech,14,3,Verification|Voice|SMS,152544.4,74555.19,0.489,2357035,-0.4802,5.2,0,9,Monthly,7,False,Retain,1830532.8
CLT0352,2023-07,Mid-Market,UK & Ireland,Fintech,14,3,Verification|Voice|SMS,158524.4,89204.0,0.563,2446246,0.0392,5.2,0,66,Monthly,1,False,Retain,1976862.68
CLT0352,2023-08,Mid-Market,UK & Ireland,Fintech,14,3,Verification|Voice|SMS,166255.56,80217.16,0.482,2603101,0.0488,5.2,2,78,Monthly,6,False,Retain,2092425.98
CLT0352,2023-09,Mid-Market,UK & Ireland,Fintech,14,3,Verification|Voice|SMS,167717.32,91151.22,0.543,2641975,0.0088,5.2,3,56,Monthly,5,False,Retain,2030318.79
CLT0352,2023-10,Mid-Market,UK & Ireland,Fintech,14,3,Verification|Voice|SMS,168850.0,100165.03,0.593,2705933,0.0068,5.2,2,86,Monthly,2,False,Retain,2039978.16
CLT0352,2023-11,Mid-Market,UK & Ireland,Fintech,14,3,Verification|Voice|SMS,171618.16,64798.87,0.378,2770929,0.0164,5.2,2,68,Monthly,12,False,Retain,2093192.37
CLT0353,2023-01,Mid-Market,Southern Europe,Fintech,14,2,SMS|Voice,164112.68,73739.62,0.449,3021913,0.0,8.0,5,43,Monthly,5,False,Retain,1969352.16
CLT0353,2023-03,Mid-Market,Southern Europe,Fintech,14,2,SMS|Voice,82218.0,37016.56,0.45,1501482,-0.499,8.0,2,16,Monthly,4,False,Retain,986616.0
CLT0353,2023-04,Mid-Market,Southern Europe,Fintech,14,2,SMS|Voice,88182.88,36781.39,0.417,1625166,0.0725,8.0,2,28,Monthly,11,False,Upsell,1134913.67
CLT0353,2023-05,Mid-Market,Southern Europe,Fintech,14,2,SMS|Voice,183494.56,89841.72,0.49,3435674,1.0808,8.0,2,26,Monthly,7,False,Upsell,4581785.77
CLT0353,2023-06,Mid-Market,Southern Europe,Fintech,14,2,SMS|Voice,103433.6,57950.17,0.56,1962354,-0.4363,8.0,3,51,Monthly,6,False,Retain,1241203.2
CLT0353,2023-07,Mid-Market,Southern Europe,Fintech,14,2,SMS|Voice,106625.6,46064.6,0.432,2010490,0.0309,8.0,2,2,Monthly,3,False,Upsell,1319043.97
CLT0353,2023-08,Mid-Market,Southern Europe,Fintech,14,2,SMS|Voice,107476.04,50069.34,0.466,2038007,0.008,8.0,2,67,Monthly,6,False,Nurture,1300030.18
CLT0353,2023-09,Mid-Market,Southern Europe,Fintech,14,2,SMS|Voice,109103.68,46855.51,0.429,2049048,0.0151,8.0,4,77,Monthly,2,False,Nurture,1329013.75
CLT0353,2023-10,Mid-Market,Southern Europe,Fintech,14,2,SMS|Voice,112684.2,40664.35,0.361,2093877,0.0328,8.0,2,43,Monthly,7,False,Upsell,1396562.9
CLT0353,2023-11,Mid-Market,Southern Europe,Fintech,14,2,SMS|Voice,112655.52,57947.66,0.514,2080972,-0.0003,8.0,1,90,Monthly,6,False,Nurture,1351866.24
CLT0354,2023-01,SMB,Nordics,Gaming & Entertainment,7,1,SMS,60298.16,22465.67,0.373,1507454,0.0,5.7,3,71,Annual,2,False,Retain,723577.92
CLT0354,2023-03,SMB,Nordics,Gaming & Entertainment,7,1,SMS,32825.92,12013.4,0.366,820648,-0.4556,5.7,1,57,Annual,11,False,Retain,393911.04
CLT0354,2023-04,SMB,Nordics,Gaming & Entertainment,7,1,SMS,34117.2,19513.02,0.572,852930,0.0393,5.7,2,79,Annual,2,False,Retain,425496.07
CLT0354,2023-05,SMB,Nordics,Gaming & Entertainment,7,1,SMS,70310.0,38744.06,0.551,1757750,1.0608,5.7,1,86,Annual,6,False,Retain,1738738.18
CLT0354,2023-06,SMB,Nordics,Gaming & Entertainment,7,1,SMS,35914.32,18869.03,0.525,897858,-0.4892,5.7,2,61,Annual,9,False,Retain,430971.84
CLT0354,2023-07,SMB,Nordics,Gaming & Entertainment,7,1,SMS,35850.32,19292.34,0.538,896258,-0.0018,5.7,1,22,Annual,10,False,Retain,430203.84
CLT0354,2023-08,SMB,Nordics,Gaming & Entertainment,7,1,SMS,35626.64,20807.82,0.584,890666,-0.0062,5.7,3,8,Annual,12,False,Retain,427519.68
CLT0354,2023-09,SMB,Nordics,Gaming & Entertainment,7,1,SMS,39096.0,23240.39,0.594,977400,0.0974,5.7,2,43,Annual,3,False,Retain,514847.4
CLT0354,2023-10,SMB,Nordics,Gaming & Entertainment,7,1,SMS,39841.4,21845.82,0.548,996035,0.0191,5.7,2,39,Annual,10,False,Retain,487228.45
CLT0354,2023-11,SMB,Nordics,Gaming & Entertainment,7,1,SMS,39342.8,22138.51,0.563,983570,-0.0125,5.7,2,23,Annual,3,False,Retain,472113.6
CLT0355,2023-01,Mid-Market,Nordics,Technology & SaaS,14,3,SMS|Email|Verification,128502.33,63766.36,0.496,3906057,0.0,6.1,1,11,Annual,10,False,Nurture,1542027.96
CLT0355,2023-03,Mid-Market,Nordics,Technology & SaaS,14,3,SMS|Email|Verification,66685.05,36121.91,0.542,2052299,-0.4811,6.1,3,15,Annual,11,False,Retain,800220.6
CLT0355,2023-04,Mid-Market,Nordics,Technology & SaaS,14,3,SMS|Email|Verification,66366.59,33655.22,0.507,2155176,-0.0048,6.1,2,88,Annual,2,False,Nurture,796399.08
CLT0355,2023-05,Mid-Market,Nordics,Technology & SaaS,14,3,SMS|Email|Verification,145907.73,65966.2,0.452,4589254,1.1985,6.1,2,84,Annual,5,False,Nurture,3849337.73
CLT0355,2023-06,Mid-Market,Nordics,Technology & SaaS,14,3,SMS|Email|Verification,76637.14,29146.58,0.38,2432271,-0.4748,6.1,2,21,Annual,10,False,Retain,919645.68
CLT0355,2023-07,Mid-Market,Nordics,Technology & SaaS,14,3,SMS|Email|Verification,79596.98,31999.64,0.402,2534903,0.0386,6.1,0,75,Annual,10,False,Nurture,992033.08
CLT0355,2023-08,Mid-Market,Nordics,Technology & SaaS,14,3,SMS|Email|Verification,80044.78,36215.13,0.452,2583394,0.0056,6.1,2,35,Annual,9,False,Nurture,965916.37
CLT0355,2023-09,Mid-Market,Nordics,Technology & SaaS,14,3,SMS|Email|Verification,88098.81,45781.52,0.52,2785966,0.1006,6.1,3,15,Annual,5,False,Nurture,1163538.6
CLT0355,2023-10,Mid-Market,Nordics,Technology & SaaS,14,3,SMS|Email|Verification,92992.75,44769.38,0.481,2978254,0.0556,6.1,2,15,Annual,5,False,Nurture,1177957.76
CLT0355,2023-11,Mid-Market,Nordics,Technology & SaaS,14,3,SMS|Email|Verification,99456.79,52105.91,0.524,3164893,0.0695,6.1,4,1,Annual,2,False,Nurture,1276428.44
CLT0356,2023-01,Mid-Market,LATAM,Logistics,32,4,SMS|Verification|Voice|WhatsApp Business,381536.67,177348.55,0.465,3902006,0.0,7.2,2,28,Annual,9,False,Nurture,4578440.04
CLT0356,2023-03,Mid-Market,LATAM,Logistics,32,4,SMS|Verification|Voice|WhatsApp Business,192973.49,102093.99,0.529,2034946,-0.4942,7.2,2,47,Annual,12,False,Retain,2315681.88
CLT0356,2023-04,Mid-Market,LATAM,Logistics,32,4,SMS|Verification|Voice|WhatsApp Business,199810.34,105354.55,0.527,2146476,0.0354,7.2,4,51,Annual,10,False,Nurture,2482603.51
CLT0356,2023-05,Mid-Market,LATAM,Logistics,32,4,SMS|Verification|Voice|WhatsApp Business,421443.29,214880.32,0.51,4333661,1.1092,7.2,1,75,Annual,4,False,Nurture,10666898.25
CLT0356,2023-06,Mid-Market,LATAM,Logistics,32,4,SMS|Verification|Voice|WhatsApp Business,220804.69,110717.76,0.501,2270129,-0.4761,7.2,2,75,Annual,2,False,Retain,2649656.28
CLT0356,2023-07,Mid-Market,LATAM,Logistics,32,4,SMS|Verification|Voice|WhatsApp Business,231689.43,108065.74,0.466,2393849,0.0493,7.2,1,37,Annual,3,False,Nurture,2917340.63
CLT0356,2023-08,Mid-Market,LATAM,Logistics,32,4,SMS|Verification|Voice|WhatsApp Business,234454.09,108964.27,0.465,2428081,0.0119,7.2,2,53,Annual,6,False,Nurture,2846929.12
CLT0356,2023-09,Mid-Market,LATAM,Logistics,32,4,SMS|Verification|Voice|WhatsApp Business,240229.42,118051.6,0.491,2447907,0.0246,7.2,3,20,Annual,1,False,Nurture,2953668.76
CLT0356,2023-10,Mid-Market,LATAM,Logistics,32,4,SMS|Verification|Voice|WhatsApp Business,252139.15,119146.25,0.473,2550889,0.0496,7.2,2,16,Annual,3,False,Nurture,3175743.02
CLT0356,2023-11,Mid-Market,LATAM,Logistics,32,4,SMS|Verification|Voice|WhatsApp Business,255412.68,137806.91,0.54,2550969,0.013,7.2,2,4,Annual,2,False,Nurture,3104796.54
CLT0357,2023-01,SMB,APAC,Gaming & Entertainment,8,2,Verification|SMS,26427.64,12509.47,0.473,442195,0.0,7.0,2,58,Monthly,5,False,Nurture,317131.68
CLT0357,2023-03,SMB,APAC,Gaming & Entertainment,8,2,Verification|SMS,13790.2,6895.94,0.5,231096,-0.4782,7.0,2,6,Monthly,3,False,Retain,165482.4
CLT0357,2023-04,SMB,APAC,Gaming & Entertainment,8,2,Verification|SMS,13983.56,7341.77,0.525,232502,0.014,7.0,2,7,Monthly,10,False,Nurture,170151.96
CLT0357,2023-05,SMB,APAC,Gaming & Entertainment,8,2,Verification|SMS,27849.52,15116.23,0.543,476894,0.9916,7.0,0,65,Monthly,11,False,Upsell,665581.25
CLT0357,2023-06,SMB,APAC,Gaming & Entertainment,8,2,Verification|SMS,13732.24,5185.25,0.378,238420,-0.5069,7.0,4,39,Monthly,12,False,Retain,164786.88
CLT0357,2023-07,SMB,APAC,Gaming & Entertainment,8,2,Verification|SMS,14605.52,8020.65,0.549,254159,0.0636,7.0,0,40,Monthly,7,False,Upsell,186413.17
CLT0357,2023-08,SMB,APAC,Gaming & Entertainment,8,2,Verification|SMS,15404.24,7432.83,0.483,271774,0.0547,7.0,2,80,Monthly,9,False,Upsell,194962.22
CLT0357,2023-09,SMB,APAC,Gaming & Entertainment,8,2,Verification|SMS,15866.6,7070.36,0.446,280665,0.03,7.0,1,66,Monthly,9,False,Nurture,196111.18
CLT0357,2023-10,SMB,APAC,Gaming & Entertainment,8,2,Verification|SMS,16197.8,7294.56,0.45,285352,0.0209,7.0,0,51,Monthly,7,False,Nurture,198436.01
CLT0357,2023-11,SMB,APAC,Gaming & Entertainment,8,2,Verification|SMS,16608.2,8607.82,0.518,294152,0.0253,7.0,1,47,Monthly,10,False,Nurture,204340.65
CLT0358,2023-01,Mid-Market,DACH,Logistics,22,3,Voice|SMS|WhatsApp Business,308200.43,140216.76,0.455,6364682,0.0,7.0,3,39,Annual,9,False,Nurture,3698405.16
CLT0358,2023-03,Mid-Market,DACH,Logistics,22,3,Voice|SMS|WhatsApp Business,155546.67,74789.29,0.481,3192434,-0.4953,7.0,1,10,Annual,12,False,Retain,1866560.04
CLT0358,2023-04,Mid-Market,DACH,Logistics,22,3,Voice|SMS|WhatsApp Business,155629.25,74782.35,0.481,3188307,0.0005,7.0,1,70,Annual,3,False,Nurture,1868484.78
CLT0358,2023-05,Mid-Market,DACH,Logistics,22,3,Voice|SMS|WhatsApp Business,317020.63,150196.44,0.474,6500439,1.037,7.0,4,60,Annual,3,False,Upsell,7749252.28
CLT0358,2023-06,Mid-Market,DACH,Logistics,22,3,Voice|SMS|WhatsApp Business,147904.98,59833.55,0.405,2939200,-0.5335,7.0,1,77,Annual,2,False,Retain,1774859.76
CLT0358,2023-07,Mid-Market,DACH,Logistics,22,3,Voice|SMS|WhatsApp Business,149179.06,62928.32,0.422,2943071,0.0086,7.0,3,32,Annual,11,False,Nurture,1805544.0
CLT0358,2023-08,Mid-Market,DACH,Logistics,22,3,Voice|SMS|WhatsApp Business,156221.26,69835.37,0.447,3038907,0.0472,7.0,3,50,Annual,8,False,Upsell,1963138.84
CLT0358,2023-09,Mid-Market,DACH,Logistics,22,3,Voice|SMS|WhatsApp Business,160244.17,71892.38,0.449,3084985,0.0258,7.0,3,86,Annual,6,False,Nurture,1972541.64
CLT0358,2023-10,Mid-Market,DACH,Logistics,22,3,Voice|SMS|WhatsApp Business,169216.37,76232.24,0.451,3255716,0.056,7.0,3,78,Annual,2,False,Upsell,2144309.84
CLT0358,2023-11,Mid-Market,DACH,Logistics,22,3,Voice|SMS|WhatsApp Business,171945.85,67131.89,0.39,3321197,0.0161,7.0,1,54,Annual,5,False,Nurture,2096570.14
CLT0359,2023-01,SMB,Southern Europe,Retail & E-commerce,13,1,Email,21535.99,9296.73,0.432,4307196,0.0,5.6,1,35,Annual,12,False,Retain,258431.88
CLT0359,2023-03,SMB,Southern Europe,Retail & E-commerce,13,1,Email,10799.28,5060.42,0.469,2159856,-0.4985,5.6,0,82,Annual,10,False,Retain,129591.36
CLT0359,2023-04,SMB,Southern Europe,Retail & E-commerce,13,1,Email,11255.73,5212.36,0.463,2251145,0.0423,5.6,1,16,Annual,6,False,Retain,140782.17
CLT0359,2023-05,SMB,Southern Europe,Retail & E-commerce,13,1,Email,24766.14,9357.01,0.378,4953226,1.2003,5.6,1,25,Annual,3,False,Retain,653915.25
CLT0359,2023-06,SMB,Southern Europe,Retail & E-commerce,13,1,Email,12989.66,5534.99,0.426,2597931,-0.4755,5.6,1,15,Annual,9,False,Retain,155875.92
CLT0359,2023-07,SMB,Southern Europe,Retail & E-commerce,13,1,Email,12856.17,7116.7,0.554,2571234,-0.0103,5.6,4,84,Annual,1,False,Retain,154274.04
CLT0359,2023-08,SMB,Southern Europe,Retail & E-commerce,13,1,Email,12983.68,4934.76,0.38,2596736,0.0099,5.6,0,13,Annual,2,False,Retain,157346.62
CLT0359,2023-09,SMB,Southern Europe,Retail & E-commerce,13,1,Email,12505.47,5295.33,0.423,2501093,-0.0368,5.6,2,25,Annual,1,False,Retain,150065.64
CLT0359,2023-10,SMB,Southern Europe,Retail & E-commerce,13,1,Email,12710.35,6408.5,0.504,2542070,0.0164,5.6,6,67,Annual,6,False,Retain,155025.6
CLT0359,2023-11,SMB,Southern Europe,Retail & E-commerce,13,1,Email,12862.41,5181.26,0.403,2572481,0.012,5.6,3,18,Annual,4,False,Retain,156201.11
CLT0360,2023-01,Enterprise,North America,Retail & E-commerce,34,2,SMS|Email,492315.31,202215.92,0.411,22618720,0.0,8.5,0,14,Multi-year,6,False,Nurture,5907783.72
CLT0360,2023-03,Enterprise,North America,Retail & E-commerce,34,2,SMS|Email,260366.11,119352.91,0.458,11629406,-0.4711,8.5,2,52,Multi-year,9,False,Retain,3124393.32
CLT0360,2023-04,Enterprise,North America,Retail & E-commerce,34,2,SMS|Email,268376.53,120150.21,0.448,11745221,0.0308,8.5,2,22,Multi-year,4,False,Upsell,3319710.33
CLT0360,2023-05,Enterprise,North America,Retail & E-commerce,34,2,SMS|Email,566011.01,272717.73,0.482,23936828,1.109,8.5,2,38,Multi-year,3,False,Upsell,14324606.64
CLT0360,2023-06,Enterprise,North America,Retail & E-commerce,34,2,SMS|Email,302424.64,163930.47,0.542,12326041,-0.4657,8.5,3,70,Multi-year,5,False,Retain,3629095.68
CLT0360,2023-07,Enterprise,North America,Retail & E-commerce,34,2,SMS|Email,324744.9,179329.39,0.552,12911799,0.0738,8.5,0,2,Multi-year,12,False,Upsell,4184532.88
CLT0360,2023-08,Enterprise,North America,Retail & E-commerce,34,2,SMS|Email,336182.67,130269.74,0.387,12844231,0.0352,8.5,5,17,Multi-year,3,False,Upsell,4176195.6
CLT0360,2023-09,Enterprise,North America,Retail & E-commerce,34,2,SMS|Email,348316.42,155997.49,0.448,13308027,0.0361,8.5,5,33,Multi-year,7,False,Upsell,4330687.71
CLT0360,2023-10,Enterprise,North America,Retail & E-commerce,34,2,SMS|Email,362640.62,170971.44,0.471,13757937,0.0411,8.5,0,23,Multi-year,7,False,Upsell,4530541.79
CLT0360,2023-11,Enterprise,North America,Retail & E-commerce,34,2,SMS|Email,368383.94,145321.35,0.394,13643178,0.0158,8.5,2,62,Multi-year,2,False,Nurture,4490452.88
CLT0361,2023-01,SMB,Southern Europe,Technology & SaaS,4,2,Email|SMS,33127.14,14943.45,0.451,2877167,0.0,5.6,4,92,Monthly,3,True,Retain,397525.68
CLT0361,2023-03,SMB,Southern Europe,Technology & SaaS,4,2,Email|SMS,16021.33,6665.53,0.416,1347200,-0.5164,5.6,9,32,Monthly,3,True,Retain,192255.96
CLT0361,2023-04,SMB,Southern Europe,Technology & SaaS,4,2,Email|SMS,16448.01,8820.37,0.536,1425956,0.0266,5.6,7,110,Monthly,4,True,Retain,202626.32
CLT0361,2023-05,SMB,Southern Europe,Technology & SaaS,4,2,Email|SMS,31509.96,16530.73,0.525,2693751,0.9157,5.6,1,94,Monthly,3,True,Retain,724363.56
CLT0361,2023-06,SMB,Southern Europe,Technology & SaaS,4,2,Email|SMS,14874.87,5950.65,0.4,1219774,-0.5279,5.6,0,91,Monthly,9,True,Retain,178498.44
CLT0361,2023-07,SMB,Southern Europe,Technology & SaaS,4,2,Email|SMS,14535.09,7540.11,0.519,1182946,-0.0228,5.6,8,138,Monthly,8,True,Retain,174421.08
CLT0361,2023-08,SMB,Southern Europe,Technology & SaaS,4,2,Email|SMS,14192.37,7106.15,0.501,1157053,-0.0236,5.6,1,40,Monthly,8,True,Retain,170308.44
CLT0361,2023-09,SMB,Southern Europe,Technology & SaaS,4,2,Email|SMS,13283.57,6300.97,0.474,1067043,-0.064,5.6,6,151,Monthly,7,True,Retain,159402.84
CLT0361,2023-10,SMB,Southern Europe,Technology & SaaS,4,2,Email|SMS,12675.54,5149.44,0.406,1024879,-0.0458,5.6,2,37,Monthly,5,True,Retain,152106.48
CLT0361,2023-11,SMB,Southern Europe,Technology & SaaS,4,2,Email|SMS,12198.59,6540.68,0.536,970481,-0.0376,5.6,3,64,Monthly,10,True,Retain,146383.08
CLT0362,2023-01,Mid-Market,UK & Ireland,Logistics,8,2,Voice|SMS,197076.48,92998.22,0.472,4056476,0.0,6.8,3,26,Annual,11,False,Nurture,2364917.76
CLT0362,2023-03,Mid-Market,UK & Ireland,Logistics,8,2,Voice|SMS,106006.52,43028.8,0.406,2226519,-0.4621,6.8,4,82,Annual,11,False,Retain,1272078.24
CLT0362,2023-04,Mid-Market,UK & Ireland,Logistics,8,2,Voice|SMS,109683.24,61284.13,0.559,2334819,0.0347,6.8,2,85,Annual,10,False,Nurture,1361870.98
CLT0362,2023-05,Mid-Market,UK & Ireland,Logistics,8,2,Voice|SMS,233943.48,87724.01,0.375,5022017,1.1329,6.8,1,69,Annual,8,False,Nurture,5987736.58
CLT0362,2023-06,Mid-Market,UK & Ireland,Logistics,8,2,Voice|SMS,129473.44,57372.69,0.443,2816496,-0.4466,6.8,4,82,Annual,12,False,Retain,1553681.28
CLT0362,2023-07,Mid-Market,UK & Ireland,Logistics,8,2,Voice|SMS,133166.6,54428.56,0.409,2895837,0.0285,6.8,5,55,Annual,12,False,Retain,1643542.18
CLT0362,2023-08,Mid-Market,UK & Ireland,Logistics,8,2,Voice|SMS,137917.48,64478.92,0.468,3023455,0.0357,6.8,2,51,Annual,8,False,Nurture,1714093.61
CLT0362,2023-09,Mid-Market,UK & Ireland,Logistics,8,2,Voice|SMS,134466.08,59647.15,0.444,2935016,-0.025,6.8,1,39,Annual,1,False,Nurture,1613592.96
CLT0362,2023-10,Mid-Market,UK & Ireland,Logistics,8,2,Voice|SMS,134398.36,54176.6,0.403,2922105,-0.0005,6.8,2,70,Annual,12,False,Nurture,1612780.32
CLT0362,2023-11,Mid-Market,UK & Ireland,Logistics,8,2,Voice|SMS,131294.8,54846.32,0.418,2856886,-0.0231,6.8,1,64,Annual,8,False,Nurture,1575537.6
CLT0363,2023-01,Mid-Market,DACH,Technology & SaaS,21,3,Email|Verification|SMS,377733.5,181651.82,0.481,20862126,0.0,6.6,1,18,Monthly,2,False,Nurture,4532802.0
CLT0363,2023-03,Mid-Market,DACH,Technology & SaaS,21,3,Email|Verification|SMS,183330.36,76648.56,0.418,10328314,-0.5147,6.6,0,6,Monthly,8,False,Retain,2199964.32
CLT0363,2023-04,Mid-Market,DACH,Technology & SaaS,21,3,Email|Verification|SMS,174655.97,92267.07,0.528,9642882,-0.0473,6.6,2,84,Monthly,6,False,Nurture,2095871.64
CLT0363,2023-05,Mid-Market,DACH,Technology & SaaS,21,3,Email|Verification|SMS,363930.05,180044.23,0.495,19918785,1.0837,6.6,2,23,Monthly,5,False,Nurture,9099852.54
CLT0363,2023-06,Mid-Market,DACH,Technology & SaaS,21,3,Email|Verification|SMS,186297.91,81106.78,0.435,10738772,-0.4881,6.6,1,89,Monthly,1,False,Retain,2235574.92
CLT0363,2023-07,Mid-Market,DACH,Technology & SaaS,21,3,Email|Verification|SMS,181403.54,88003.45,0.485,11105605,-0.0263,6.6,2,3,Monthly,4,False,Nurture,2176842.48
CLT0363,2023-08,Mid-Market,DACH,Technology & SaaS,21,3,Email|Verification|SMS,172510.73,69092.83,0.401,10968886,-0.049,6.6,2,28,Monthly,12,False,Nurture,2070128.76
CLT0363,2023-09,Mid-Market,DACH,Technology & SaaS,21,3,Email|Verification|SMS,171994.25,84966.34,0.494,11634497,-0.003,6.6,4,5,Monthly,6,False,Nurture,2063931.0
CLT0363,2023-10,Mid-Market,DACH,Technology & SaaS,21,3,Email|Verification|SMS,174051.97,68756.27,0.395,12077951,0.012,6.6,2,10,Monthly,1,False,Nurture,2113687.12
CLT0363,2023-11,Mid-Market,DACH,Technology & SaaS,21,3,Email|Verification|SMS,176865.16,91707.4,0.519,12560186,0.0162,6.6,6,89,Monthly,11,False,Retain,2156764.51
CLT0364,2023-01,Enterprise,Nordics,Fintech,60,2,SMS|Verification,179931.68,81383.13,0.452,2487234,0.0,8.6,2,77,Multi-year,12,False,Nurture,2159180.16
CLT0364,2023-03,Enterprise,Nordics,Fintech,60,2,SMS|Verification,98712.68,35654.99,0.361,1370751,-0.4514,8.6,0,64,Multi-year,3,False,Retain,1184552.16
CLT0364,2023-04,Enterprise,Nordics,Fintech,60,2,SMS|Verification,96740.44,44025.06,0.455,1357974,-0.02,8.6,1,37,Multi-year,8,False,Nurture,1160885.28
CLT0364,2023-05,Enterprise,Nordics,Fintech,60,2,SMS|Verification,201334.16,83793.96,0.416,2807443,1.0812,8.6,3,18,Multi-year,6,False,Upsell,5028199.85
CLT0364,2023-06,Enterprise,Nordics,Fintech,60,2,SMS|Verification,106067.28,45156.9,0.426,1468568,-0.4732,8.6,0,36,Multi-year,3,False,Retain,1272807.36
CLT0364,2023-07,Enterprise,Nordics,Fintech,60,2,SMS|Verification,110489.28,57942.34,0.524,1521048,0.0417,8.6,0,56,Multi-year,6,False,Upsell,1381160.2
CLT0364,2023-08,Enterprise,Nordics,Fintech,60,2,SMS|Verification,117477.48,58125.73,0.495,1613487,0.0632,8.6,2,38,Multi-year,2,False,Upsell,1498824.68
CLT0364,2023-09,Enterprise,Nordics,Fintech,60,2,SMS|Verification,121423.92,44926.05,0.37,1658619,0.0336,8.6,1,56,Multi-year,12,False,Upsell,1506045.16
CLT0364,2023-10,Enterprise,Nordics,Fintech,60,2,SMS|Verification,124586.96,74032.63,0.594,1700323,0.026,8.6,2,86,Multi-year,9,False,Nurture,1533914.65
CLT0364,2023-11,Enterprise,Nordics,Fintech,60,2,SMS|Verification,128071.68,56896.59,0.444,1751291,0.028,8.6,3,76,Multi-year,11,False,Nurture,1579892.24
CLT0365,2023-01,Mid-Market,North America,Fintech,14,3,Voice|SMS|Verification,272232.24,136368.16,0.501,3251153,0.0,6.9,2,27,Annual,10,False,Nurture,3266786.88
CLT0365,2023-03,Mid-Market,North America,Fintech,14,3,Voice|SMS|Verification,139196.36,56863.66,0.409,1697073,-0.4887,6.9,0,23,Annual,8,False,Retain,1670356.32
CLT0365,2023-04,Mid-Market,North America,Fintech,14,3,Voice|SMS|Verification,142315.64,70842.92,0.498,1738768,0.0224,6.9,2,56,Annual,12,False,Nurture,1746042.12
CLT0365,2023-05,Mid-Market,North America,Fintech,14,3,Voice|SMS|Verification,292402.12,122068.0,0.417,3611654,1.0546,6.9,2,30,Annual,10,False,Nurture,7209232.75
CLT0365,2023-06,Mid-Market,North America,Fintech,14,3,Voice|SMS|Verification,150492.84,68118.75,0.453,1864526,-0.4853,6.9,1,71,Annual,6,False,Retain,1805914.08
CLT0365,2023-07,Mid-Market,North America,Fintech,14,3,Voice|SMS|Verification,151308.88,79993.57,0.529,1910184,0.0054,6.9,0,90,Annual,3,False,Nurture,1825511.38
CLT0365,2023-08,Mid-Market,North America,Fintech,14,3,Voice|SMS|Verification,156622.72,72872.66,0.465,1985161,0.0351,6.9,1,29,Annual,9,False,Nurture,1945442.13
CLT0365,2023-09,Mid-Market,North America,Fintech,14,3,Voice|SMS|Verification,159508.12,62746.73,0.393,2010390,0.0184,6.9,1,85,Annual,2,False,Nurture,1949316.83
CLT0365,2023-10,Mid-Market,North America,Fintech,14,3,Voice|SMS|Verification,161938.64,64329.84,0.397,2059931,0.0152,6.9,0,71,Annual,3,False,Nurture,1972801.29
CLT0365,2023-11,Mid-Market,North America,Fintech,14,3,Voice|SMS|Verification,166978.88,72501.16,0.434,2125680,0.0311,6.9,1,66,Annual,10,False,Nurture,2066063.08
CLT0366,2023-01,SMB,DACH,Retail & E-commerce,15,3,WhatsApp Business|SMS|Email,154694.99,76448.37,0.494,6449748,0.0,6.6,4,25,Multi-year,7,False,Nurture,1856339.88
CLT0366,2023-03,SMB,DACH,Retail & E-commerce,15,3,WhatsApp Business|SMS|Email,82183.72,35247.44,0.429,3510619,-0.4687,6.6,4,83,Multi-year,4,False,Retain,986204.64
CLT0366,2023-04,SMB,DACH,Retail & E-commerce,15,3,WhatsApp Business|SMS|Email,81521.19,38106.26,0.467,3480280,-0.0081,6.6,2,86,Multi-year,11,False,Nurture,978254.28
CLT0366,2023-05,SMB,DACH,Retail & E-commerce,15,3,WhatsApp Business|SMS|Email,173270.92,80722.68,0.466,7284369,1.1255,6.6,5,22,Multi-year,8,False,Retain,4419448.09
CLT0366,2023-06,SMB,DACH,Retail & E-commerce,15,3,WhatsApp Business|SMS|Email,94636.09,50346.02,0.532,3970375,-0.4538,6.6,1,71,Multi-year,11,False,Retain,1135633.08
CLT0366,2023-07,SMB,DACH,Retail & E-commerce,15,3,WhatsApp Business|SMS|Email,97159.14,51318.5,0.528,4222850,0.0267,6.6,3,55,Multi-year,9,False,Nurture,1197039.47
CLT0366,2023-08,SMB,DACH,Retail & E-commerce,15,3,WhatsApp Business|SMS|Email,101692.99,46577.09,0.458,4657836,0.0467,6.6,3,3,Multi-year,8,False,Nurture,1277304.63
CLT0366,2023-09,SMB,DACH,Retail & E-commerce,15,3,WhatsApp Business|SMS|Email,105445.43,52671.5,0.5,4982239,0.0369,6.6,3,6,Multi-year,5,False,Nurture,1312036.4
CLT0366,2023-10,SMB,DACH,Retail & E-commerce,15,3,WhatsApp Business|SMS|Email,108363.71,43995.04,0.406,5446032,0.0277,6.6,1,24,Multi-year,11,False,Nurture,1336384.62
CLT0366,2023-11,SMB,DACH,Retail & E-commerce,15,3,WhatsApp Business|SMS|Email,117479.74,59841.38,0.509,5810925,0.0841,6.6,0,30,Multi-year,6,False,Nurture,1528317.43
CLT0367,2023-01,SMB,DACH,Retail & E-commerce,18,1,WhatsApp Business,66058.85,31643.89,0.479,120107,0.0,8.6,6,146,Monthly,11,True,Retain,792706.2
CLT0367,2023-03,SMB,DACH,Retail & E-commerce,18,1,WhatsApp Business,28924.5,12795.29,0.442,52590,-0.5621,8.6,5,89,Monthly,2,True,Retain,347094.0
CLT0367,2023-04,SMB,DACH,Retail & E-commerce,18,1,WhatsApp Business,28933.85,11929.52,0.412,52607,0.0003,8.6,4,163,Monthly,10,True,Retain,347310.36
CLT0367,2023-05,SMB,DACH,Retail & E-commerce,18,1,WhatsApp Business,54954.35,29882.4,0.544,99917,0.8993,8.6,5,124,Monthly,10,True,Retain,1252497.56
CLT0367,2023-06,SMB,DACH,Retail & E-commerce,18,1,WhatsApp Business,26561.7,10354.11,0.39,48294,-0.5167,8.6,5,90,Monthly,2,True,Retain,318740.4
CLT0367,2023-07,SMB,DACH,Retail & E-commerce,18,1,WhatsApp Business,22768.35,12967.47,0.57,41397,-0.1428,8.6,4,50,Monthly,12,True,Retain,273220.2
CLT0367,2023-08,SMB,DACH,Retail & E-commerce,18,1,WhatsApp Business,21892.2,11917.32,0.544,39804,-0.0385,8.6,2,139,Monthly,11,True,Retain,262706.4
CLT0367,2023-09,SMB,DACH,Retail & E-commerce,18,1,WhatsApp Business,19386.95,11384.85,0.587,35249,-0.1144,8.6,4,178,Monthly,10,True,Retain,232643.4
CLT0367,2023-10,SMB,DACH,Retail & E-commerce,18,1,WhatsApp Business,18179.15,10561.2,0.581,33053,-0.0623,8.6,5,77,Monthly,11,True,Retain,218149.8
CLT0367,2023-11,SMB,DACH,Retail & E-commerce,18,1,WhatsApp Business,16825.05,7545.22,0.448,30591,-0.0745,8.6,4,50,Monthly,11,True,Retain,201900.6
CLT0368,2023-01,SMB,UK & Ireland,Retail & E-commerce,12,2,Email|SMS,108078.25,56567.4,0.523,5522531,0.0,5.5,4,78,Monthly,6,True,Retain,1296939.0
CLT0368,2023-03,SMB,UK & Ireland,Retail & E-commerce,12,2,Email|SMS,53437.88,26831.1,0.502,2743319,-0.5056,5.5,2,93,Monthly,5,True,Retain,641254.56
CLT0368,2023-04,SMB,UK & Ireland,Retail & E-commerce,12,2,Email|SMS,50622.54,22243.14,0.439,2582778,-0.0527,5.5,2,149,Monthly,12,True,Retain,607470.48
CLT0368,2023-05,SMB,UK & Ireland,Retail & E-commerce,12,2,Email|SMS,98979.64,41214.49,0.416,5034698,0.9552,5.5,3,44,Monthly,6,True,Retain,2322299.91
CLT0368,2023-06,SMB,UK & Ireland,Retail & E-commerce,12,2,Email|SMS,46112.41,23913.86,0.519,2278489,-0.5341,5.5,5,31,Monthly,8,True,Retain,553348.92
CLT0368,2023-07,SMB,UK & Ireland,Retail & E-commerce,12,2,Email|SMS,44925.53,24995.38,0.556,2162444,-0.0257,5.5,1,30,Monthly,8,True,Retain,539106.36
CLT0368,2023-08,SMB,UK & Ireland,Retail & E-commerce,12,2,Email|SMS,42674.62,22650.83,0.531,2058384,-0.0501,5.5,3,152,Monthly,6,True,Retain,512095.44
CLT0368,2023-09,SMB,UK & Ireland,Retail & E-commerce,12,2,Email|SMS,42374.36,19731.78,0.466,2055346,-0.007,5.5,5,31,Monthly,12,True,Retain,508492.32
CLT0368,2023-10,SMB,UK & Ireland,Retail & E-commerce,12,2,Email|SMS,41122.96,16354.3,0.398,2002711,-0.0295,5.5,1,172,Monthly,9,True,Retain,493475.52
CLT0368,2023-11,SMB,UK & Ireland,Retail & E-commerce,12,2,Email|SMS,39989.65,19710.14,0.493,1889892,-0.0276,5.5,3,106,Monthly,10,True,Retain,479875.8
CLT0369,2023-01,SMB,LATAM,Gaming & Entertainment,13,1,SMS,24319.24,11148.24,0.458,607981,0.0,7.5,3,37,Monthly,11,False,Nurture,291830.88
CLT0369,2023-03,SMB,LATAM,Gaming & Entertainment,13,1,SMS,12643.48,5723.78,0.453,316087,-0.4801,7.5,2,74,Monthly,10,False,Retain,151721.76
CLT0369,2023-04,SMB,LATAM,Gaming & Entertainment,13,1,SMS,12763.6,5515.55,0.432,319090,0.0095,7.5,1,79,Monthly,7,False,Nurture,154618.25
CLT0369,2023-05,SMB,LATAM,Gaming & Entertainment,13,1,SMS,26147.36,12404.72,0.474,653684,1.0486,7.5,2,26,Monthly,6,False,Upsell,642785.78
CLT0369,2023-06,SMB,LATAM,Gaming & Entertainment,13,1,SMS,13712.28,6779.87,0.494,342807,-0.4756,7.5,1,59,Monthly,7,False,Retain,164547.36
CLT0369,2023-07,SMB,LATAM,Gaming & Entertainment,13,1,SMS,13552.72,6142.63,0.453,338818,-0.0116,7.5,3,65,Monthly,7,False,Nurture,162632.64
CLT0369,2023-08,SMB,LATAM,Gaming & Entertainment,13,1,SMS,13651.04,5123.47,0.375,341276,0.0073,7.5,1,54,Monthly,3,False,Nurture,165008.31
CLT0369,2023-09,SMB,LATAM,Gaming & Entertainment,13,1,SMS,14253.28,7592.47,0.533,356332,0.0441,7.5,4,10,Monthly,4,False,Upsell,178582.2
CLT0369,2023-10,SMB,LATAM,Gaming & Entertainment,13,1,SMS,15102.72,5841.41,0.387,377568,0.0596,7.5,3,70,Monthly,1,False,Upsell,192034.11
CLT0369,2023-11,SMB,LATAM,Gaming & Entertainment,13,1,SMS,14977.76,7359.72,0.491,374444,-0.0083,7.5,2,42,Monthly,10,False,Nurture,179733.12
CLT0370,2023-01,Mid-Market,North America,Gaming & Entertainment,33,2,Verification|Voice,219822.64,108803.97,0.495,2559834,0.0,5.2,1,46,Annual,2,False,Retain,2637871.68
CLT0370,2023-03,Mid-Market,North America,Gaming & Entertainment,33,2,Verification|Voice,112984.52,59394.73,0.526,1311324,-0.486,5.2,0,79,Annual,5,False,Retain,1355814.24
CLT0370,2023-04,Mid-Market,North America,Gaming & Entertainment,33,2,Verification|Voice,118991.84,61325.85,0.515,1379684,0.0532,5.2,6,71,Annual,5,False,Retain,1503866.47
CLT0370,2023-05,Mid-Market,North America,Gaming & Entertainment,33,2,Verification|Voice,252751.36,94052.11,0.372,2918099,1.1241,5.2,5,46,Annual,5,False,Retain,6442429.97
CLT0370,2023-06,Mid-Market,North America,Gaming & Entertainment,33,2,Verification|Voice,133925.36,74381.77,0.555,1546006,-0.4701,5.2,1,22,Annual,3,False,Retain,1607104.32
CLT0370,2023-07,Mid-Market,North America,Gaming & Entertainment,33,2,Verification|Voice,137660.8,72144.33,0.524,1593342,0.0279,5.2,2,48,Annual,10,False,Retain,1698018.44
CLT0370,2023-08,Mid-Market,North America,Gaming & Entertainment,33,2,Verification|Voice,135955.28,66566.6,0.49,1578353,-0.0124,5.2,3,43,Annual,6,False,Retain,1631463.36
CLT0370,2023-09,Mid-Market,North America,Gaming & Entertainment,33,2,Verification|Voice,144717.16,60608.84,0.419,1684473,0.0644,5.2,3,13,Annual,4,False,Retain,1848443.34
CLT0370,2023-10,Mid-Market,North America,Gaming & Entertainment,33,2,Verification|Voice,145955.92,78759.85,0.54,1689283,0.0086,5.2,8,25,Annual,12,False,Retain,1766533.69
CLT0370,2023-11,Mid-Market,North America,Gaming & Entertainment,33,2,Verification|Voice,144657.32,70056.38,0.484,1673908,-0.0089,5.2,2,5,Annual,12,False,Retain,1735887.84
CLT0371,2023-01,Mid-Market,UK & Ireland,Retail & E-commerce,17,3,WhatsApp Business|Email|SMS,409565.48,200552.58,0.49,14703906,0.0,6.1,3,42,Annual,10,False,Nurture,4914785.76
CLT0371,2023-03,Mid-Market,UK & Ireland,Retail & E-commerce,17,3,WhatsApp Business|Email|SMS,214301.09,113087.87,0.528,7502899,-0.4768,6.1,2,9,Annual,6,False,Retain,2571613.08
CLT0371,2023-04,Mid-Market,UK & Ireland,Retail & E-commerce,17,3,WhatsApp Business|Email|SMS,226464.54,110096.17,0.486,7662017,0.0568,6.1,1,38,Annual,2,False,Nurture,2871932.71
CLT0371,2023-05,Mid-Market,UK & Ireland,Retail & E-commerce,17,3,WhatsApp Business|Email|SMS,474858.47,197799.27,0.417,16889603,1.0968,6.1,2,75,Annual,7,False,Nurture,11948198.88
CLT0371,2023-06,Mid-Market,UK & Ireland,Retail & E-commerce,17,3,WhatsApp Business|Email|SMS,245948.92,106099.93,0.431,8122547,-0.4821,6.1,1,27,Annual,11,False,Retain,2951387.04
CLT0371,2023-07,Mid-Market,UK & Ireland,Retail & E-commerce,17,3,WhatsApp Business|Email|SMS,263574.8,107518.4,0.408,8229465,0.0717,6.1,0,89,Annual,6,False,Nurture,3389677.36
CLT0371,2023-08,Mid-Market,UK & Ireland,Retail & E-commerce,17,3,WhatsApp Business|Email|SMS,274018.74,124804.74,0.455,7893362,0.0396,6.1,2,15,Annual,12,False,Nurture,3418438.59
CLT0371,2023-09,Mid-Market,UK & Ireland,Retail & E-commerce,17,3,WhatsApp Business|Email|SMS,283918.63,153797.26,0.542,7914018,0.0361,6.1,4,13,Annual,1,False,Nurture,3530017.11
CLT0371,2023-10,Mid-Market,UK & Ireland,Retail & E-commerce,17,3,WhatsApp Business|Email|SMS,301655.06,144948.92,0.481,7495758,0.0625,6.1,1,77,Annual,7,False,Nurture,3846102.01
CLT0371,2023-11,Mid-Market,UK & Ireland,Retail & E-commerce,17,3,WhatsApp Business|Email|SMS,317164.84,141443.51,0.446,7379458,0.0514,6.1,1,64,Annual,5,False,Nurture,4001605.35
CLT0372,2023-01,Enterprise,UK & Ireland,Technology & SaaS,50,4,Email|Verification|Voice|SMS,461449.86,207380.75,0.449,26060405,0.0,8.5,1,44,Annual,2,False,Expand,5537398.32
CLT0372,2023-03,Enterprise,UK & Ireland,Technology & SaaS,50,4,Email|Verification|Voice|SMS,248964.28,121103.87,0.486,14220517,-0.4605,8.5,6,87,Annual,4,False,Retain,2987571.36
CLT0372,2023-04,Enterprise,UK & Ireland,Technology & SaaS,50,4,Email|Verification|Voice|SMS,261864.99,146766.75,0.56,15177396,0.0518,8.5,1,55,Annual,4,False,Expand,3305155.16
CLT0372,2023-05,Enterprise,UK & Ireland,Technology & SaaS,50,4,Email|Verification|Voice|SMS,569990.74,263407.24,0.462,33350171,1.1767,8.5,1,52,Annual,6,False,Expand,14888386.13
CLT0372,2023-06,Enterprise,UK & Ireland,Technology & SaaS,50,4,Email|Verification|Voice|SMS,308225.48,137027.92,0.445,17508536,-0.4592,8.5,1,78,Annual,1,False,Retain,3698705.76
CLT0372,2023-07,Enterprise,UK & Ireland,Technology & SaaS,50,4,Email|Verification|Voice|SMS,318122.71,159741.25,0.502,18277726,0.0321,8.5,3,43,Annual,12,False,Expand,3940013.39
CLT0372,2023-08,Enterprise,UK & Ireland,Technology & SaaS,50,4,Email|Verification|Voice|SMS,331217.16,149087.32,0.45,18495845,0.0412,8.5,3,4,Annual,5,False,Expand,4138359.68
CLT0372,2023-09,Enterprise,UK & Ireland,Technology & SaaS,50,4,Email|Verification|Voice|SMS,347825.8,162438.46,0.467,19265683,0.0501,8.5,5,9,Annual,8,False,Expand,4383022.47
CLT0372,2023-10,Enterprise,UK & Ireland,Technology & SaaS,50,4,Email|Verification|Voice|SMS,358306.97,142044.02,0.396,20252568,0.0301,8.5,2,31,Annual,8,False,Expand,4429104.12
CLT0372,2023-11,Enterprise,UK & Ireland,Technology & SaaS,50,4,Email|Verification|Voice|SMS,390871.02,161092.58,0.412,22309278,0.0909,8.5,1,19,Annual,3,False,Expand,5116814.35
CLT0373,2023-01,Mid-Market,Southern Europe,Retail & E-commerce,33,4,Email|SMS|Voice|WhatsApp Business,446752.37,207968.3,0.466,3498433,0.0,7.2,2,31,Annual,5,False,Nurture,5361028.44
CLT0373,2023-03,Mid-Market,Southern Europe,Retail & E-commerce,33,4,Email|SMS|Voice|WhatsApp Business,238714.8,130723.1,0.548,1826082,-0.4657,7.2,5,18,Annual,7,False,Retain,2864577.6
CLT0373,2023-04,Mid-Market,Southern Europe,Retail & E-commerce,33,4,Email|SMS|Voice|WhatsApp Business,252323.11,136687.95,0.542,1927666,0.057,7.2,5,90,Annual,8,False,Retain,3200466.33
CLT0373,2023-05,Mid-Market,Southern Europe,Retail & E-commerce,33,4,Email|SMS|Voice|WhatsApp Business,531117.13,244505.27,0.46,4112825,1.1049,7.2,3,65,Annual,8,False,Nurture,13415381.36
CLT0373,2023-06,Mid-Market,Southern Europe,Retail & E-commerce,33,4,Email|SMS|Voice|WhatsApp Business,296398.27,168939.96,0.57,2301987,-0.4419,7.2,2,6,Annual,12,False,Retain,3556779.24
CLT0373,2023-07,Mid-Market,Southern Europe,Retail & E-commerce,33,4,Email|SMS|Voice|WhatsApp Business,306297.08,165113.53,0.539,2547576,0.0334,7.2,6,26,Annual,11,False,Retain,3798328.83
CLT0373,2023-08,Mid-Market,Southern Europe,Retail & E-commerce,33,4,Email|SMS|Voice|WhatsApp Business,323957.36,185992.18,0.574,2644687,0.0577,7.2,3,23,Annual,4,False,Nurture,4111796.4
CLT0373,2023-09,Mid-Market,Southern Europe,Retail & E-commerce,33,4,Email|SMS|Voice|WhatsApp Business,348266.5,147516.68,0.424,2759645,0.075,7.2,1,82,Annual,9,False,Nurture,4492637.85
CLT0373,2023-10,Mid-Market,Southern Europe,Retail & E-commerce,33,4,Email|SMS|Voice|WhatsApp Business,361638.9,167007.83,0.462,2868584,0.0384,7.2,3,15,Annual,3,False,Nurture,4506310.01
CLT0373,2023-11,Mid-Market,Southern Europe,Retail & E-commerce,33,4,Email|SMS|Voice|WhatsApp Business,384978.13,211059.65,0.548,2986133,0.0645,7.2,1,67,Annual,2,False,Nurture,4917710.63
CLT0374,2023-01,Mid-Market,Southern Europe,Logistics,30,2,Voice|SMS,193535.88,99129.44,0.512,4231249,0.0,7.7,3,57,Multi-year,2,False,Nurture,2322430.56
CLT0374,2023-03,Mid-Market,Southern Europe,Logistics,30,2,Voice|SMS,99896.36,42832.84,0.429,2180083,-0.4838,7.7,1,68,Multi-year,10,False,Retain,1198756.32
CLT0374,2023-04,Mid-Market,Southern Europe,Logistics,30,2,Voice|SMS,100681.04,43397.88,0.431,2189088,0.0079,7.7,4,84,Multi-year,12,False,Nurture,1217717.04
CLT0374,2023-05,Mid-Market,Southern Europe,Logistics,30,2,Voice|SMS,214031.16,100838.44,0.471,4667043,1.1258,7.7,1,73,Multi-year,4,False,Upsell,5459849.28
CLT0374,2023-06,Mid-Market,Southern Europe,Logistics,30,2,Voice|SMS,107595.08,44009.0,0.409,2311709,-0.4973,7.7,0,46,Multi-year,5,False,Retain,1291140.96
CLT0374,2023-07,Mid-Market,Southern Europe,Logistics,30,2,Voice|SMS,108468.96,51366.79,0.474,2287410,0.0081,7.7,3,87,Multi-year,8,False,Nurture,1312170.7
CLT0374,2023-08,Mid-Market,Southern Europe,Logistics,30,2,Voice|SMS,113612.92,61368.39,0.54,2374823,0.0474,7.7,1,88,Multi-year,12,False,Upsell,1427978.07
CLT0374,2023-09,Mid-Market,Southern Europe,Logistics,30,2,Voice|SMS,120642.52,46817.38,0.388,2499933,0.0619,7.7,0,41,Multi-year,3,False,Upsell,1537323.5
CLT0374,2023-10,Mid-Market,Southern Europe,Logistics,30,2,Voice|SMS,124430.0,63856.13,0.513,2571828,0.0314,7.7,3,16,Multi-year,2,False,Upsell,1540045.22
CLT0374,2023-11,Mid-Market,Southern Europe,Logistics,30,2,Voice|SMS,132921.44,60477.68,0.455,2766602,0.0682,7.7,1,21,Multi-year,8,False,Upsell,1703840.19
CLT0375,2023-01,Mid-Market,Nordics,Technology & SaaS,12,2,SMS|Email,89510.58,43962.7,0.491,11175880,0.0,6.7,1,41,Multi-year,10,False,Nurture,1074126.96
CLT0375,2023-03,Mid-Market,Nordics,Technology & SaaS,12,2,SMS|Email,47294.83,24163.01,0.511,5999364,-0.4716,6.7,2,55,Multi-year,4,False,Retain,567537.96
CLT0375,2023-04,Mid-Market,Nordics,Technology & SaaS,12,2,SMS|Email,48148.15,20592.02,0.428,6226650,0.018,6.7,2,64,Multi-year,4,False,Nurture,588177.8
CLT0375,2023-05,Mid-Market,Nordics,Technology & SaaS,12,2,SMS|Email,95636.93,41344.98,0.432,11951882,0.9863,6.7,3,10,Multi-year,2,False,Nurture,2279563.61
CLT0375,2023-06,Mid-Market,Nordics,Technology & SaaS,12,2,SMS|Email,50311.87,20397.3,0.405,5955790,-0.4739,6.7,1,40,Multi-year,10,False,Retain,603742.44
CLT0375,2023-07,Mid-Market,Nordics,Technology & SaaS,12,2,SMS|Email,52325.48,20841.32,0.398,6141965,0.04,6.7,1,27,Multi-year,4,False,Nurture,653021.99
CLT0375,2023-08,Mid-Market,Nordics,Technology & SaaS,12,2,SMS|Email,54271.59,28956.11,0.534,6173312,0.0372,6.7,3,14,Multi-year,1,False,Nurture,675485.92
CLT0375,2023-09,Mid-Market,Nordics,Technology & SaaS,12,2,SMS|Email,56005.06,23714.13,0.423,6397269,0.0319,6.7,3,69,Multi-year,9,False,Nurture,693499.46
CLT0375,2023-10,Mid-Market,Nordics,Technology & SaaS,12,2,SMS|Email,59163.73,25492.44,0.431,6736248,0.0564,6.7,1,52,Multi-year,3,False,Nurture,750006.77
CLT0375,2023-11,Mid-Market,Nordics,Technology & SaaS,12,2,SMS|Email,62932.77,25203.14,0.4,7138566,0.0637,6.7,2,31,Multi-year,1,False,Nurture,803299.05
CLT0376,2023-01,SMB,Nordics,Gaming & Entertainment,4,2,Verification|SMS,71448.6,38100.34,0.533,1622613,0.0,6.2,2,140,Annual,12,True,Retain,857383.2
CLT0376,2023-03,SMB,Nordics,Gaming & Entertainment,4,2,Verification|SMS,33358.84,11981.56,0.359,760445,-0.5331,6.2,2,115,Annual,10,True,Retain,400306.08
CLT0376,2023-04,SMB,Nordics,Gaming & Entertainment,4,2,Verification|SMS,31177.16,12605.71,0.404,707310,-0.0654,6.2,3,96,Annual,11,True,Retain,374125.92
CLT0376,2023-05,SMB,Nordics,Gaming & Entertainment,4,2,Verification|SMS,58746.68,32298.92,0.55,1329301,0.8843,6.2,3,36,Annual,1,True,Retain,1328356.43
CLT0376,2023-06,SMB,Nordics,Gaming & Entertainment,4,2,Verification|SMS,25868.16,11611.64,0.449,581787,-0.5597,6.2,7,90,Annual,9,True,Retain,310417.92
CLT0376,2023-07,SMB,Nordics,Gaming & Entertainment,4,2,Verification|SMS,24982.76,11648.25,0.466,563231,-0.0342,6.2,4,54,Annual,9,True,Retain,299793.12
CLT0376,2023-08,SMB,Nordics,Gaming & Entertainment,4,2,Verification|SMS,24952.6,14563.98,0.584,566842,-0.0012,6.2,3,34,Annual,4,True,Retain,299431.2
CLT0376,2023-09,SMB,Nordics,Gaming & Entertainment,4,2,Verification|SMS,24933.84,13814.25,0.554,567017,-0.0008,6.2,3,136,Annual,5,True,Retain,299206.08
CLT0376,2023-10,SMB,Nordics,Gaming & Entertainment,4,2,Verification|SMS,23742.44,9734.79,0.41,541673,-0.0478,6.2,4,170,Annual,6,True,Retain,284909.28
CLT0376,2023-11,SMB,Nordics,Gaming & Entertainment,4,2,Verification|SMS,23332.84,10206.0,0.437,531850,-0.0173,6.2,4,53,Annual,11,True,Retain,279994.08
CLT0377,2023-01,SMB,Nordics,Fintech,2,2,SMS|Verification,57503.08,28237.04,0.491,1381886,0.0,6.2,1,5,Monthly,1,False,Nurture,690036.96
CLT0377,2023-03,SMB,Nordics,Fintech,2,2,SMS|Verification,31067.92,14478.23,0.466,746824,-0.4597,6.2,2,17,Monthly,2,False,Retain,372815.04
CLT0377,2023-04,SMB,Nordics,Fintech,2,2,SMS|Verification,32482.72,16983.29,0.523,782245,0.0455,6.2,0,65,Monthly,3,False,Nurture,407528.21
CLT0377,2023-05,SMB,Nordics,Fintech,2,2,SMS|Verification,66692.44,30381.79,0.456,1606346,1.0532,6.2,2,39,Monthly,2,False,Nurture,1643195.01
CLT0377,2023-06,SMB,Nordics,Fintech,2,2,SMS|Verification,34614.36,13712.39,0.396,832949,-0.481,6.2,1,33,Monthly,1,False,Retain,415372.32
CLT0377,2023-07,SMB,Nordics,Fintech,2,2,SMS|Verification,32702.64,16697.95,0.511,786342,-0.0552,6.2,0,70,Monthly,2,False,Retain,392431.68
CLT0377,2023-08,SMB,Nordics,Fintech,2,2,SMS|Verification,32858.52,15190.82,0.462,788533,0.0048,6.2,3,58,Monthly,1,False,Nurture,396194.89
CLT0377,2023-09,SMB,Nordics,Fintech,2,2,SMS|Verification,34066.08,12421.35,0.365,816505,0.0368,6.2,5,18,Monthly,9,False,Retain,423836.54
CLT0377,2023-10,SMB,Nordics,Fintech,2,2,SMS|Verification,35420.96,15639.69,0.442,849206,0.0398,6.2,0,34,Monthly,7,False,Nurture,441968.57
CLT0377,2023-11,SMB,Nordics,Fintech,2,2,SMS|Verification,37023.08,13058.81,0.353,884487,0.0452,6.2,1,9,Monthly,7,False,Nurture,464358.28
CLT0378,2023-01,Mid-Market,DACH,Technology & SaaS,24,3,Verification|Email|SMS,393990.96,171981.23,0.437,19272663,0.0,7.2,0,82,Monthly,9,False,Nurture,4727891.52
CLT0378,2023-03,Mid-Market,DACH,Technology & SaaS,24,3,Verification|Email|SMS,198089.29,77297.01,0.39,10041835,-0.4972,7.2,1,61,Monthly,9,False,Retain,2377071.48
CLT0378,2023-04,Mid-Market,DACH,Technology & SaaS,24,3,Verification|Email|SMS,195383.05,108609.44,0.556,9905622,-0.0137,7.2,3,58,Monthly,11,False,Nurture,2344596.6
CLT0378,2023-05,Mid-Market,DACH,Technology & SaaS,24,3,Verification|Email|SMS,394005.26,195860.63,0.497,19119589,1.0166,7.2,0,81,Monthly,4,False,Upsell,9534612.09
CLT0378,2023-06,Mid-Market,DACH,Technology & SaaS,24,3,Verification|Email|SMS,197201.82,83013.56,0.421,9692418,-0.4995,7.2,1,24,Monthly,2,False,Retain,2366421.84
CLT0378,2023-07,Mid-Market,DACH,Technology & SaaS,24,3,Verification|Email|SMS,202532.79,75959.39,0.375,9962829,0.027,7.2,3,37,Monthly,10,False,Nurture,2496014.1
CLT0378,2023-08,Mid-Market,DACH,Technology & SaaS,24,3,Verification|Email|SMS,214458.81,100880.45,0.47,10122126,0.0589,7.2,1,78,Monthly,10,False,Upsell,2725085.21
CLT0378,2023-09,Mid-Market,DACH,Technology & SaaS,24,3,Verification|Email|SMS,227304.86,119643.82,0.526,10461804,0.0599,7.2,1,62,Monthly,1,False,Upsell,2891045.05
CLT0378,2023-10,Mid-Market,DACH,Technology & SaaS,24,3,Verification|Email|SMS,232160.73,117794.94,0.507,9905340,0.0214,7.2,3,27,Monthly,11,False,Nurture,2845547.64
CLT0378,2023-11,Mid-Market,DACH,Technology & SaaS,24,3,Verification|Email|SMS,232912.44,114370.53,0.491,9954665,0.0032,7.2,1,17,Monthly,1,False,Nurture,2803893.12
CLT0379,2023-01,Mid-Market,DACH,Retail & E-commerce,15,3,Email|SMS|WhatsApp Business,241645.45,117370.49,0.486,11253457,0.0,7.1,2,36,Annual,4,False,Nurture,2899745.4
CLT0379,2023-03,Mid-Market,DACH,Retail & E-commerce,15,3,Email|SMS|WhatsApp Business,120244.88,64682.96,0.538,5577249,-0.5024,7.1,3,83,Annual,5,False,Retain,1442938.56
CLT0379,2023-04,Mid-Market,DACH,Retail & E-commerce,15,3,Email|SMS|WhatsApp Business,124062.17,56285.51,0.454,5529342,0.0317,7.1,3,86,Annual,8,False,Upsell,1535939.29
CLT0379,2023-05,Mid-Market,DACH,Retail & E-commerce,15,3,Email|SMS|WhatsApp Business,247670.53,114108.44,0.461,11029612,0.9963,7.1,2,33,Annual,4,False,Upsell,5933096.15
CLT0379,2023-06,Mid-Market,DACH,Retail & E-commerce,15,3,Email|SMS|WhatsApp Business,128939.3,67095.16,0.52,5719412,-0.4794,7.1,4,27,Annual,5,False,Retain,1547271.6
CLT0379,2023-07,Mid-Market,DACH,Retail & E-commerce,15,3,Email|SMS|WhatsApp Business,130702.78,72629.32,0.556,5742487,0.0137,7.1,1,40,Annual,3,False,Nurture,1589920.9
CLT0379,2023-08,Mid-Market,DACH,Retail & E-commerce,15,3,Email|SMS|WhatsApp Business,134287.47,66659.23,0.496,5800326,0.0274,7.1,0,14,Annual,1,False,Nurture,1655603.36
CLT0379,2023-09,Mid-Market,DACH,Retail & E-commerce,15,3,Email|SMS|WhatsApp Business,141034.15,55673.62,0.395,6009104,0.0502,7.1,3,53,Annual,6,False,Upsell,1777368.77
CLT0379,2023-10,Mid-Market,DACH,Retail & E-commerce,15,3,Email|SMS|WhatsApp Business,145848.9,79660.12,0.546,6142502,0.0341,7.1,2,9,Annual,1,False,Upsell,1809868.17
CLT0379,2023-11,Mid-Market,DACH,Retail & E-commerce,15,3,Email|SMS|WhatsApp Business,145863.07,67804.7,0.465,6162072,0.0001,7.1,4,3,Annual,5,False,Nurture,1750531.88
CLT0380,2023-01,SMB,LATAM,Retail & E-commerce,10,2,SMS|Email,81738.41,45700.45,0.559,3869886,0.0,6.3,3,131,Annual,1,True,Retain,980860.92
CLT0380,2023-03,SMB,LATAM,Retail & E-commerce,10,2,SMS|Email,38836.9,17034.67,0.439,1839472,-0.5249,6.3,4,46,Annual,1,True,Retain,466042.8
CLT0380,2023-04,SMB,LATAM,Retail & E-commerce,10,2,SMS|Email,36509.14,17169.72,0.47,1739635,-0.0599,6.3,6,104,Annual,2,True,Retain,438109.68
CLT0380,2023-05,SMB,LATAM,Retail & E-commerce,10,2,SMS|Email,63144.74,28820.97,0.456,3102466,0.7296,6.3,5,81,Annual,2,True,Retain,1310581.71
CLT0380,2023-06,SMB,LATAM,Retail & E-commerce,10,2,SMS|Email,27370.19,14843.42,0.542,1350296,-0.5665,6.3,4,90,Annual,6,True,Retain,328442.28
CLT0380,2023-07,SMB,LATAM,Retail & E-commerce,10,2,SMS|Email,27989.94,14051.68,0.502,1317544,0.0226,6.3,1,123,Annual,6,True,Retain,343470.15
CLT0380,2023-08,SMB,LATAM,Retail & E-commerce,10,2,SMS|Email,25609.56,12517.07,0.489,1218123,-0.085,6.3,4,146,Annual,10,True,Retain,307314.72
CLT0380,2023-09,SMB,LATAM,Retail & E-commerce,10,2,SMS|Email,24285.92,9516.06,0.392,1171396,-0.0517,6.3,4,107,Annual,3,True,Retain,291431.04
CLT0380,2023-10,SMB,LATAM,Retail & E-commerce,10,2,SMS|Email,23181.62,11467.08,0.495,1094429,-0.0455,6.3,5,42,Annual,12,True,Retain,278179.44
CLT0380,2023-11,SMB,LATAM,Retail & E-commerce,10,2,SMS|Email,21669.62,10935.35,0.505,1007783,-0.0652,6.3,5,150,Annual,3,True,Retain,260035.44
CLT0381,2023-01,Mid-Market,Southern Europe,Fintech,32,2,WhatsApp Business|Verification,410464.4,209695.84,0.511,1880614,0.0,7.1,4,88,Annual,11,False,Nurture,4925572.8
CLT0381,2023-03,Mid-Market,Southern Europe,Fintech,32,2,WhatsApp Business|Verification,206179.92,115001.86,0.558,945174,-0.4977,7.1,1,17,Annual,11,False,Retain,2474159.04
CLT0381,2023-04,Mid-Market,Southern Europe,Fintech,32,2,WhatsApp Business|Verification,209084.98,112291.83,0.537,935674,0.0141,7.1,2,30,Annual,10,False,Nurture,2544396.94
CLT0381,2023-05,Mid-Market,Southern Europe,Fintech,32,2,WhatsApp Business|Verification,433205.07,218509.39,0.504,1943990,1.0719,7.1,1,46,Annual,7,False,Upsell,10770691.01
CLT0381,2023-06,Mid-Market,Southern Europe,Fintech,32,2,WhatsApp Business|Verification,224979.05,114876.69,0.511,1029675,-0.4807,7.1,6,89,Annual,8,False,Retain,2699748.6
CLT0381,2023-07,Mid-Market,Southern Europe,Fintech,32,2,WhatsApp Business|Verification,233213.92,104595.02,0.448,1082691,0.0366,7.1,0,17,Annual,11,False,Upsell,2900994.59
CLT0381,2023-08,Mid-Market,Southern Europe,Fintech,32,2,WhatsApp Business|Verification,242446.57,106522.32,0.439,1115338,0.0396,7.1,2,11,Annual,8,False,Upsell,3024569.45
CLT0381,2023-09,Mid-Market,Southern Europe,Fintech,32,2,WhatsApp Business|Verification,257211.71,115695.19,0.45,1132171,0.0609,7.1,3,49,Annual,2,False,Upsell,3274510.84
CLT0381,2023-10,Mid-Market,Southern Europe,Fintech,32,2,WhatsApp Business|Verification,266878.33,122034.88,0.457,1184231,0.0376,7.1,1,67,Annual,10,False,Upsell,3322955.46
CLT0381,2023-11,Mid-Market,Southern Europe,Fintech,32,2,WhatsApp Business|Verification,280551.91,130603.23,0.466,1202624,0.0512,7.1,3,72,Annual,10,False,Upsell,3538994.01
CLT0382,2023-01,SMB,LATAM,Retail & E-commerce,9,1,Email,8226.33,4146.63,0.504,1645265,0.0,6.2,1,71,Annual,8,False,Nurture,98715.96
CLT0382,2023-03,SMB,LATAM,Retail & E-commerce,9,1,Email,4171.89,1853.64,0.444,834377,-0.4929,6.2,1,71,Annual,8,False,Retain,50062.68
CLT0382,2023-04,SMB,LATAM,Retail & E-commerce,9,1,Email,4477.24,2381.77,0.532,895449,0.0732,6.2,2,63,Annual,7,False,Nurture,57659.69
CLT0382,2023-05,SMB,LATAM,Retail & E-commerce,9,1,Email,9228.75,4163.35,0.451,1845750,1.0613,6.2,1,61,Annual,12,False,Nurture,228278.67
CLT0382,2023-06,SMB,LATAM,Retail & E-commerce,9,1,Email,4473.74,1834.9,0.41,894749,-0.5152,6.2,3,57,Annual,6,False,Retain,53684.88
CLT0382,2023-07,SMB,LATAM,Retail & E-commerce,9,1,Email,4690.6,2172.15,0.463,938119,0.0485,6.2,2,9,Annual,4,False,Nurture,59017.13
CLT0382,2023-08,SMB,LATAM,Retail & E-commerce,9,1,Email,4667.94,1952.8,0.418,933589,-0.0048,6.2,2,65,Annual,8,False,Nurture,56015.28
CLT0382,2023-09,SMB,LATAM,Retail & E-commerce,9,1,Email,4813.06,2218.88,0.461,962612,0.0311,6.2,0,60,Annual,11,False,Nurture,59552.95
CLT0382,2023-10,SMB,LATAM,Retail & E-commerce,9,1,Email,4871.86,1757.81,0.361,974373,0.0122,6.2,2,10,Annual,3,False,Nurture,59175.56
CLT0382,2023-11,SMB,LATAM,Retail & E-commerce,9,1,Email,5163.76,2322.5,0.45,1032752,0.0599,6.2,4,28,Annual,10,False,Nurture,65676.83
CLT0383,2023-01,Mid-Market,DACH,Retail & E-commerce,16,2,WhatsApp Business|Email,94703.46,39161.81,0.414,4631171,0.0,7.3,2,69,Multi-year,2,False,Nurture,1136441.52
CLT0383,2023-03,Mid-Market,DACH,Retail & E-commerce,16,2,WhatsApp Business|Email,50398.55,24872.4,0.494,2566013,-0.4678,7.3,2,69,Multi-year,10,False,Retain,604782.6
CLT0383,2023-04,Mid-Market,DACH,Retail & E-commerce,16,2,WhatsApp Business|Email,54838.06,22418.99,0.409,2662247,0.0881,7.3,2,29,Multi-year,10,False,Upsell,716031.52
CLT0383,2023-05,Mid-Market,DACH,Retail & E-commerce,16,2,WhatsApp Business|Email,116266.15,58164.64,0.5,5548144,1.1202,7.3,3,59,Multi-year,11,False,Upsell,2958089.89
CLT0383,2023-06,Mid-Market,DACH,Retail & E-commerce,16,2,WhatsApp Business|Email,60179.01,23817.55,0.396,2916862,-0.4824,7.3,4,82,Multi-year,3,False,Retain,722148.12
CLT0383,2023-07,Mid-Market,DACH,Retail & E-commerce,16,2,WhatsApp Business|Email,61293.09,27330.04,0.446,3138806,0.0185,7.3,4,6,Multi-year,5,False,Nurture,749124.15
CLT0383,2023-08,Mid-Market,DACH,Retail & E-commerce,16,2,WhatsApp Business|Email,60616.94,21482.9,0.354,3157811,-0.011,7.3,1,65,Multi-year,8,False,Nurture,727403.28
CLT0383,2023-09,Mid-Market,DACH,Retail & E-commerce,16,2,WhatsApp Business|Email,60162.84,25279.81,0.42,3076146,-0.0075,7.3,2,29,Multi-year,1,False,Nurture,721954.08
CLT0383,2023-10,Mid-Market,DACH,Retail & E-commerce,16,2,WhatsApp Business|Email,60662.28,27322.33,0.45,3263779,0.0083,7.3,6,36,Multi-year,6,False,Retain,733989.32
CLT0383,2023-11,Mid-Market,DACH,Retail & E-commerce,16,2,WhatsApp Business|Email,63535.73,30006.74,0.472,3419692,0.0474,7.3,6,15,Multi-year,10,False,Upsell,798567.88
CLT0384,2023-01,Mid-Market,DACH,Logistics,6,2,SMS|Voice,289407.76,131625.19,0.455,6105334,0.0,7.1,2,33,Annual,6,False,Nurture,3472893.12
CLT0384,2023-03,Mid-Market,DACH,Logistics,6,2,SMS|Voice,140735.52,77611.41,0.551,2950248,-0.5137,7.1,4,44,Annual,12,False,Retain,1688826.24
CLT0384,2023-04,Mid-Market,DACH,Logistics,6,2,SMS|Voice,139685.76,59429.03,0.425,2903384,-0.0075,7.1,2,65,Annual,7,False,Nurture,1676229.12
CLT0384,2023-05,Mid-Market,DACH,Logistics,6,2,SMS|Voice,275864.76,123640.31,0.448,5753319,0.9749,7.1,0,66,Annual,2,False,Upsell,6537663.77
CLT0384,2023-06,Mid-Market,DACH,Logistics,6,2,SMS|Voice,135432.56,53417.91,0.394,2821230,-0.5091,7.1,0,83,Annual,12,False,Retain,1625190.72
CLT0384,2023-07,Mid-Market,DACH,Logistics,6,2,SMS|Voice,133516.64,56332.41,0.422,2766690,-0.0141,7.1,5,59,Annual,12,False,Retain,1602199.68
CLT0384,2023-08,Mid-Market,DACH,Logistics,6,2,SMS|Voice,132232.4,53753.44,0.407,2753318,-0.0096,7.1,1,29,Annual,5,False,Nurture,1586788.8
CLT0384,2023-09,Mid-Market,DACH,Logistics,6,2,SMS|Voice,132119.68,71752.5,0.543,2775902,-0.0009,7.1,2,15,Annual,9,False,Nurture,1585436.16
CLT0384,2023-10,Mid-Market,DACH,Logistics,6,2,SMS|Voice,131876.64,63069.77,0.478,2765310,-0.0018,7.1,0,72,Annual,11,False,Nurture,1582519.68
CLT0384,2023-11,Mid-Market,DACH,Logistics,6,2,SMS|Voice,137351.56,62803.45,0.457,2900723,0.0415,7.1,1,4,Annual,8,False,Upsell,1716619.8
CLT0385,2023-01,SMB,DACH,Retail & E-commerce,2,2,Email|SMS,113899.97,53994.81,0.474,4978531,0.0,5.7,2,75,Annual,11,False,Retain,1366799.64
CLT0385,2023-03,SMB,DACH,Retail & E-commerce,2,2,Email|SMS,62707.69,35664.55,0.569,2641550,-0.4494,5.7,0,52,Annual,5,False,Retain,752492.28
CLT0385,2023-04,SMB,DACH,Retail & E-commerce,2,2,Email|SMS,65425.2,33669.53,0.515,2729470,0.0433,5.7,4,87,Annual,1,False,Retain,819097.33
CLT0385,2023-05,SMB,DACH,Retail & E-commerce,2,2,Email|SMS,131624.49,64450.57,0.49,5629167,1.0118,5.7,1,32,Annual,11,False,Retain,3177625.79
CLT0385,2023-06,SMB,DACH,Retail & E-commerce,2,2,Email|SMS,69407.97,26379.11,0.38,2880702,-0.4727,5.7,2,82,Annual,2,False,Retain,832895.64
CLT0385,2023-07,SMB,DACH,Retail & E-commerce,2,2,Email|SMS,71551.41,30732.02,0.43,2953868,0.0309,5.7,1,45,Annual,8,False,Retain,885148.18
CLT0385,2023-08,SMB,DACH,Retail & E-commerce,2,2,Email|SMS,74368.15,30027.54,0.404,3016357,0.0394,5.7,2,41,Annual,9,False,Retain,927579.06
CLT0385,2023-09,SMB,DACH,Retail & E-commerce,2,2,Email|SMS,82298.09,32329.57,0.393,3268629,0.1066,5.7,2,43,Annual,10,False,Retain,1092852.8
CLT0385,2023-10,SMB,DACH,Retail & E-commerce,2,2,Email|SMS,84143.04,32379.21,0.385,3373803,0.0224,5.7,3,25,Annual,10,False,Retain,1032334.13
CLT0385,2023-11,SMB,DACH,Retail & E-commerce,2,2,Email|SMS,87795.27,37318.07,0.425,3426557,0.0434,5.7,1,14,Annual,9,False,Retain,1099267.02
CLT0386,2023-01,SMB,DACH,Retail & E-commerce,24,2,Email|SMS,113400.38,45686.54,0.403,6886319,0.0,5.9,2,82,Monthly,6,False,Retain,1360804.56
CLT0386,2023-03,SMB,DACH,Retail & E-commerce,24,2,Email|SMS,60097.61,31611.12,0.526,3475245,-0.47,5.9,0,31,Monthly,11,False,Retain,721171.32
CLT0386,2023-04,SMB,DACH,Retail & E-commerce,24,2,Email|SMS,61063.65,30612.1,0.501,3583627,0.0161,5.9,1,51,Monthly,12,False,Retain,744561.3
CLT0386,2023-05,SMB,DACH,Retail & E-commerce,24,2,Email|SMS,122531.04,57257.04,0.467,7236549,1.0066,5.9,0,18,Monthly,1,False,Retain,2950449.42
CLT0386,2023-06,SMB,DACH,Retail & E-commerce,24,2,Email|SMS,64039.96,33687.7,0.526,3744090,-0.4774,5.9,4,47,Monthly,5,False,Retain,768479.52
CLT0386,2023-07,SMB,DACH,Retail & E-commerce,24,2,Email|SMS,67295.39,35234.93,0.524,4128211,0.0508,5.9,2,40,Monthly,10,False,Retain,848567.95
CLT0386,2023-08,SMB,DACH,Retail & E-commerce,24,2,Email|SMS,69842.76,27791.71,0.398,4390437,0.0379,5.9,1,25,Monthly,4,False,Retain,869877.61
CLT0386,2023-09,SMB,DACH,Retail & E-commerce,24,2,Email|SMS,72254.52,30576.63,0.423,4425917,0.0345,5.9,5,75,Monthly,3,False,Retain,896967.61
CLT0386,2023-10,SMB,DACH,Retail & E-commerce,24,2,Email|SMS,68753.66,31164.94,0.453,4399382,-0.0485,5.9,1,58,Monthly,2,False,Retain,825043.92
CLT0386,2023-11,SMB,DACH,Retail & E-commerce,24,2,Email|SMS,71015.84,38044.81,0.536,4597004,0.0329,5.9,3,87,Monthly,10,False,Retain,880227.13
CLT0387,2023-01,Enterprise,APAC,Technology & SaaS,20,3,Email|SMS|Verification,264756.06,130587.55,0.493,8163285,0.0,6.5,4,110,Annual,5,True,Retain,3177072.72
CLT0387,2023-03,Enterprise,APAC,Technology & SaaS,20,3,Email|SMS|Verification,113086.33,59432.27,0.526,3442174,-0.5729,6.5,1,37,Annual,7,True,Retain,1357035.96
CLT0387,2023-04,Enterprise,APAC,Technology & SaaS,20,3,Email|SMS|Verification,108035.98,51494.45,0.477,3318511,-0.0447,6.5,6,88,Annual,9,True,Retain,1296431.76
CLT0387,2023-05,Enterprise,APAC,Technology & SaaS,20,3,Email|SMS|Verification,193693.98,86526.25,0.447,5948106,0.7929,6.5,2,110,Annual,7,True,Retain,4167287.24
CLT0387,2023-06,Enterprise,APAC,Technology & SaaS,20,3,Email|SMS|Verification,85302.09,41360.65,0.485,2718208,-0.5596,6.5,2,146,Annual,1,True,Retain,1023625.08
CLT0387,2023-07,Enterprise,APAC,Technology & SaaS,20,3,Email|SMS|Verification,76222.65,41998.58,0.551,2469167,-0.1064,6.5,5,65,Annual,1,True,Retain,914671.8
CLT0387,2023-08,Enterprise,APAC,Technology & SaaS,20,3,Email|SMS|Verification,74290.29,32333.99,0.435,2394140,-0.0254,6.5,4,149,Annual,11,True,Retain,891483.48
CLT0387,2023-09,Enterprise,APAC,Technology & SaaS,20,3,Email|SMS|Verification,69936.03,38245.91,0.547,2239429,-0.0586,6.5,5,49,Annual,6,True,Retain,839232.36
CLT0387,2023-10,Enterprise,APAC,Technology & SaaS,20,3,Email|SMS|Verification,65001.31,31992.53,0.492,2059320,-0.0706,6.5,4,80,Annual,8,True,Retain,780015.72
CLT0387,2023-11,Enterprise,APAC,Technology & SaaS,20,3,Email|SMS|Verification,60328.68,27375.88,0.454,1890405,-0.0719,6.5,7,173,Annual,11,True,Retain,723944.16
CLT0388,2023-01,Enterprise,Southern Europe,Technology & SaaS,38,3,Verification|Email|Voice,604000.93,261052.61,0.432,30881232,0.0,9.5,1,36,Multi-year,3,False,Expand,7248011.16
CLT0388,2023-03,Enterprise,Southern Europe,Technology & SaaS,38,3,Verification|Email|Voice,308369.26,145598.85,0.472,16519813,-0.4895,9.5,0,8,Multi-year,11,False,Retain,3700431.12
CLT0388,2023-04,Enterprise,Southern Europe,Technology & SaaS,38,3,Verification|Email|Voice,322932.77,144960.45,0.449,17427914,0.0472,9.5,2,45,Multi-year,6,False,Upsell,4058102.36
CLT0388,2023-05,Enterprise,Southern Europe,Technology & SaaS,38,3,Verification|Email|Voice,660934.09,307292.8,0.465,36312323,1.0467,9.5,3,88,Multi-year,11,False,Upsell,16232805.62
CLT0388,2023-06,Enterprise,Southern Europe,Technology & SaaS,38,3,Verification|Email|Voice,354486.21,177808.22,0.502,19374758,-0.4637,9.5,1,45,Multi-year,12,False,Retain,4253834.52
CLT0388,2023-07,Enterprise,Southern Europe,Technology & SaaS,38,3,Verification|Email|Voice,369691.03,177509.56,0.48,20039090,0.0429,9.5,2,44,Multi-year,4,False,Upsell,4626609.3
CLT0388,2023-08,Enterprise,Southern Europe,Technology & SaaS,38,3,Verification|Email|Voice,391109.93,176974.8,0.452,21278545,0.0579,9.5,5,87,Multi-year,6,False,Upsell,4965062.34
CLT0388,2023-09,Enterprise,Southern Europe,Technology & SaaS,38,3,Verification|Email|Voice,412425.72,214871.66,0.521,22287601,0.0545,9.5,5,35,Multi-year,5,False,Upsell,5218835.06
CLT0388,2023-10,Enterprise,Southern Europe,Technology & SaaS,38,3,Verification|Email|Voice,439060.21,196401.71,0.447,23980982,0.0646,9.5,3,5,Multi-year,8,False,Upsell,5609081.99
CLT0388,2023-11,Enterprise,Southern Europe,Technology & SaaS,38,3,Verification|Email|Voice,452445.2,187121.92,0.414,23982449,0.0305,9.5,4,67,Multi-year,12,False,Upsell,5594937.34
CLT0389,2023-01,Enterprise,LATAM,Logistics,23,3,Voice|WhatsApp Business|SMS,570069.92,261979.97,0.46,5202874,0.0,6.9,3,76,Annual,11,False,Expand,6840839.04
CLT0389,2023-03,Enterprise,LATAM,Logistics,23,3,Voice|WhatsApp Business|SMS,312103.78,138135.72,0.443,2872394,-0.4525,6.9,4,53,Annual,8,False,Retain,3745245.36
CLT0389,2023-04,Enterprise,LATAM,Logistics,23,3,Voice|WhatsApp Business|SMS,329190.37,126473.48,0.384,3063187,0.0547,6.9,4,60,Annual,12,False,Expand,4166365.0
CLT0389,2023-05,Enterprise,LATAM,Logistics,23,3,Voice|WhatsApp Business|SMS,653885.69,319682.29,0.489,6259027,0.9863,6.9,7,65,Annual,9,False,Expand,15585757.75
CLT0389,2023-06,Enterprise,LATAM,Logistics,23,3,Voice|WhatsApp Business|SMS,345334.92,146810.68,0.425,3328334,-0.4719,6.9,1,69,Annual,10,False,Retain,4144019.04
CLT0389,2023-07,Enterprise,LATAM,Logistics,23,3,Voice|WhatsApp Business|SMS,363067.83,150737.79,0.415,3514886,0.0513,6.9,2,22,Annual,11,False,Expand,4580318.52
CLT0389,2023-08,Enterprise,LATAM,Logistics,23,3,Voice|WhatsApp Business|SMS,367371.34,187325.18,0.51,3615115,0.0119,6.9,3,18,Annual,2,False,Expand,4460916.71
CLT0389,2023-09,Enterprise,LATAM,Logistics,23,3,Voice|WhatsApp Business|SMS,375225.09,158373.66,0.422,3731723,0.0214,6.9,0,5,Annual,12,False,Expand,4599058.88
CLT0389,2023-10,Enterprise,LATAM,Logistics,23,3,Voice|WhatsApp Business|SMS,389466.52,204858.79,0.526,3831436,0.038,6.9,3,5,Annual,8,False,Expand,4851194.97
CLT0389,2023-11,Enterprise,LATAM,Logistics,23,3,Voice|WhatsApp Business|SMS,403328.89,208322.36,0.517,3810355,0.0356,6.9,2,18,Annual,11,False,Expand,5012248.78
CLT0390,2023-01,SMB,LATAM,Logistics,4,2,SMS|Voice,28523.0,13304.84,0.466,527599,0.0,5.6,2,86,Monthly,1,False,Retain,342276.0
CLT0390,2023-03,SMB,LATAM,Logistics,4,2,SMS|Voice,14056.64,6629.04,0.472,264070,-0.5072,5.6,1,36,Monthly,1,False,Retain,168679.68
CLT0390,2023-04,SMB,LATAM,Logistics,4,2,SMS|Voice,14882.92,7491.09,0.503,278221,0.0588,5.6,0,80,Monthly,5,False,Retain,189096.43
CLT0390,2023-05,SMB,LATAM,Logistics,4,2,SMS|Voice,30311.56,15237.32,0.503,575791,1.0367,5.6,2,64,Monthly,2,False,Retain,740826.65
CLT0390,2023-06,SMB,LATAM,Logistics,4,2,SMS|Voice,16025.28,7509.81,0.469,313722,-0.4713,5.6,2,16,Monthly,3,False,Retain,192303.36
CLT0390,2023-07,SMB,LATAM,Logistics,4,2,SMS|Voice,16913.68,7305.36,0.432,338742,0.0554,5.6,2,38,Monthly,7,False,Retain,214208.37
CLT0390,2023-08,SMB,LATAM,Logistics,4,2,SMS|Voice,18411.32,7264.96,0.395,369133,0.0885,5.6,2,14,Monthly,12,False,Retain,240488.66
CLT0390,2023-09,SMB,LATAM,Logistics,4,2,SMS|Voice,19170.04,11263.65,0.588,385321,0.0412,5.6,2,57,Monthly,6,False,Retain,239518.15
CLT0390,2023-10,SMB,LATAM,Logistics,4,2,SMS|Voice,19591.96,11218.9,0.573,402359,0.022,5.6,4,86,Monthly,8,False,Retain,240275.8
CLT0390,2023-11,SMB,LATAM,Logistics,4,2,SMS|Voice,20935.8,12073.27,0.577,431317,0.0686,5.6,2,69,Monthly,12,False,Retain,268463.95
CLT0391,2023-01,Mid-Market,APAC,Fintech,10,2,SMS|Verification,226210.48,94290.31,0.417,4104067,0.0,7.6,3,2,Annual,5,False,Nurture,2714525.76
CLT0391,2023-03,Mid-Market,APAC,Fintech,10,2,SMS|Verification,119072.08,50235.76,0.422,2125467,-0.4736,7.6,2,13,Annual,1,False,Retain,1428864.96
CLT0391,2023-04,Mid-Market,APAC,Fintech,10,2,SMS|Verification,120490.8,61549.25,0.511,2139286,0.0119,7.6,3,89,Annual,5,False,Nurture,1463095.69
CLT0391,2023-05,Mid-Market,APAC,Fintech,10,2,SMS|Verification,261418.96,124286.6,0.475,4601514,1.1696,7.6,1,71,Annual,7,False,Upsell,6806094.91
CLT0391,2023-06,Mid-Market,APAC,Fintech,10,2,SMS|Verification,139806.32,64821.91,0.464,2401951,-0.4652,7.6,5,53,Annual,8,False,Retain,1677675.84
CLT0391,2023-07,Mid-Market,APAC,Fintech,10,2,SMS|Verification,148492.36,81357.0,0.548,2495690,0.0621,7.6,2,11,Annual,9,False,Upsell,1892564.83
CLT0391,2023-08,Mid-Market,APAC,Fintech,10,2,SMS|Verification,148677.48,77330.72,0.52,2457797,0.0012,7.6,1,54,Annual,5,False,Nurture,1786270.72
CLT0391,2023-09,Mid-Market,APAC,Fintech,10,2,SMS|Verification,158808.56,61250.38,0.386,2633651,0.0681,7.6,5,35,Annual,3,False,Upsell,2035481.08
CLT0391,2023-10,Mid-Market,APAC,Fintech,10,2,SMS|Verification,163099.72,80104.33,0.491,2653041,0.027,7.6,3,56,Annual,3,False,Nurture,2010040.95
CLT0391,2023-11,Mid-Market,APAC,Fintech,10,2,SMS|Verification,172740.2,69477.01,0.402,2775548,0.0591,7.6,2,38,Annual,5,False,Upsell,2195389.75
CLT0392,2023-01,Mid-Market,UK & Ireland,Healthcare,29,2,WhatsApp Business|Verification,181269.79,83217.58,0.459,2140353,0.0,6.2,2,64,Annual,1,False,Nurture,2175237.48
CLT0392,2023-03,Mid-Market,UK & Ireland,Healthcare,29,2,WhatsApp Business|Verification,97987.1,42281.51,0.432,1157053,-0.4594,6.2,2,90,Annual,5,False,Retain,1175845.2
CLT0392,2023-04,Mid-Market,UK & Ireland,Healthcare,29,2,WhatsApp Business|Verification,95620.14,34596.37,0.362,1123283,-0.0242,6.2,2,73,Annual,9,False,Nurture,1147441.68
CLT0392,2023-05,Mid-Market,UK & Ireland,Healthcare,29,2,WhatsApp Business|Verification,200260.8,101683.73,0.508,2337021,1.0943,6.2,3,54,Annual,8,False,Nurture,5032874.32
CLT0392,2023-06,Mid-Market,UK & Ireland,Healthcare,29,2,WhatsApp Business|Verification,101894.85,41969.04,0.412,1179903,-0.4912,6.2,1,11,Annual,2,False,Retain,1222738.2
CLT0392,2023-07,Mid-Market,UK & Ireland,Healthcare,29,2,WhatsApp Business|Verification,108450.16,61255.3,0.565,1253778,0.0643,6.2,1,3,Annual,2,False,Nurture,1385082.06
CLT0392,2023-08,Mid-Market,UK & Ireland,Healthcare,29,2,WhatsApp Business|Verification,112138.21,63539.29,0.567,1294691,0.034,6.2,2,65,Annual,8,False,Nurture,1391410.91
CLT0392,2023-09,Mid-Market,UK & Ireland,Healthcare,29,2,WhatsApp Business|Verification,107025.17,41267.82,0.386,1223305,-0.0456,6.2,2,60,Annual,1,False,Nurture,1284302.04
CLT0392,2023-10,Mid-Market,UK & Ireland,Healthcare,29,2,WhatsApp Business|Verification,105764.99,52711.28,0.498,1205990,-0.0118,6.2,0,30,Annual,4,False,Nurture,1269179.88
CLT0392,2023-11,Mid-Market,UK & Ireland,Healthcare,29,2,WhatsApp Business|Verification,112959.37,49769.94,0.441,1283406,0.068,6.2,3,21,Annual,6,False,Nurture,1447687.29
CLT0393,2023-01,Mid-Market,North America,Healthcare,18,3,SMS|Verification|Voice,445250.84,202585.76,0.455,8329661,0.0,5.7,0,60,Monthly,1,False,Retain,5343010.08
CLT0393,2023-03,Mid-Market,North America,Healthcare,18,3,SMS|Verification|Voice,248511.76,115335.08,0.464,4753542,-0.4419,5.7,0,89,Monthly,5,False,Retain,2982141.12
CLT0393,2023-04,Mid-Market,North America,Healthcare,18,3,SMS|Verification|Voice,254945.96,111373.17,0.437,4881197,0.0259,5.7,2,85,Monthly,5,False,Retain,3138588.72
CLT0393,2023-05,Mid-Market,North America,Healthcare,18,3,SMS|Verification|Voice,571967.44,287166.11,0.502,11181205,1.2435,5.7,3,29,Monthly,1,False,Retain,15398507.42
CLT0393,2023-06,Mid-Market,North America,Healthcare,18,3,SMS|Verification|Voice,301402.44,173289.25,0.575,5819867,-0.473,5.7,0,60,Monthly,4,False,Retain,3616829.28
CLT0393,2023-07,Mid-Market,North America,Healthcare,18,3,SMS|Verification|Voice,308909.6,157813.32,0.511,5958364,0.0249,5.7,1,18,Monthly,5,False,Retain,3799217.39
CLT0393,2023-08,Mid-Market,North America,Healthcare,18,3,SMS|Verification|Voice,309768.92,164314.88,0.53,5853587,0.0028,5.7,3,49,Monthly,11,False,Retain,3727635.28
CLT0393,2023-09,Mid-Market,North America,Healthcare,18,3,SMS|Verification|Voice,335815.96,173783.06,0.517,6409122,0.0841,5.7,1,55,Monthly,9,False,Retain,4368696.99
CLT0393,2023-10,Mid-Market,North America,Healthcare,18,3,SMS|Verification|Voice,362552.0,180003.1,0.496,7010621,0.0796,5.7,3,73,Monthly,10,False,Retain,4696933.67
CLT0393,2023-11,Mid-Market,North America,Healthcare,18,3,SMS|Verification|Voice,373373.8,149584.94,0.401,7144335,0.0298,5.7,1,62,Monthly,11,False,Retain,4614004.07
CLT0394,2023-01,Mid-Market,Southern Europe,Logistics,12,2,Voice|SMS,223284.88,107830.57,0.483,2610864,0.0,6.6,1,33,Annual,10,False,Nurture,2679418.56
CLT0394,2023-03,Mid-Market,Southern Europe,Logistics,12,2,Voice|SMS,114055.12,45795.73,0.402,1344556,-0.4892,6.6,2,87,Annual,1,False,Retain,1368661.44
CLT0394,2023-04,Mid-Market,Southern Europe,Logistics,12,2,Voice|SMS,111791.92,43756.46,0.391,1327722,-0.0198,6.6,3,28,Annual,11,False,Nurture,1341503.04
CLT0394,2023-05,Mid-Market,Southern Europe,Logistics,12,2,Voice|SMS,236569.68,122936.62,0.52,2832406,1.1162,6.6,0,8,Annual,5,False,Nurture,6007545.08
CLT0394,2023-06,Mid-Market,Southern Europe,Logistics,12,2,Voice|SMS,123093.48,65020.94,0.528,1526411,-0.4797,6.6,1,30,Annual,9,False,Retain,1477121.76
CLT0394,2023-07,Mid-Market,Southern Europe,Logistics,12,2,Voice|SMS,131442.72,72824.06,0.554,1622668,0.0678,6.6,3,13,Annual,8,False,Nurture,1684254.44
CLT0394,2023-08,Mid-Market,Southern Europe,Logistics,12,2,Voice|SMS,139119.68,70733.36,0.508,1752240,0.0584,6.6,1,57,Annual,10,False,Nurture,1766931.23
CLT0394,2023-09,Mid-Market,Southern Europe,Logistics,12,2,Voice|SMS,136652.52,65886.22,0.482,1734653,-0.0177,6.6,5,77,Annual,12,False,Retain,1639830.24
CLT0394,2023-10,Mid-Market,Southern Europe,Logistics,12,2,Voice|SMS,133938.24,53820.09,0.402,1705420,-0.0199,6.6,1,65,Annual,10,False,Nurture,1607258.88
CLT0394,2023-11,Mid-Market,Southern Europe,Logistics,12,2,Voice|SMS,133561.32,56137.25,0.42,1706419,-0.0028,6.6,1,74,Annual,3,False,Nurture,1602735.84
CLT0395,2023-01,SMB,DACH,Fintech,2,2,Verification|SMS,96919.12,40515.59,0.418,2117347,0.0,7.0,5,34,Annual,7,False,Retain,1163029.44
CLT0395,2023-03,SMB,DACH,Fintech,2,2,Verification|SMS,47446.92,23943.23,0.505,1032134,-0.5104,7.0,2,74,Annual,3,False,Retain,569363.04
CLT0395,2023-04,SMB,DACH,Fintech,2,2,Verification|SMS,47839.76,23906.57,0.5,1044128,0.0083,7.0,1,37,Annual,8,False,Nurture,578841.96
CLT0395,2023-05,SMB,DACH,Fintech,2,2,Verification|SMS,95496.44,42218.95,0.442,2106479,0.9962,7.0,2,3,Annual,5,False,Upsell,2287559.92
CLT0395,2023-06,SMB,DACH,Fintech,2,2,Verification|SMS,48794.24,26152.92,0.536,1079866,-0.489,7.0,1,68,Annual,2,False,Retain,585530.88
CLT0395,2023-07,SMB,DACH,Fintech,2,2,Verification|SMS,47410.76,20566.11,0.434,1043426,-0.0284,7.0,1,14,Annual,11,False,Nurture,568929.12
CLT0395,2023-08,SMB,DACH,Fintech,2,2,Verification|SMS,47910.76,23440.92,0.489,1055254,0.0105,7.0,3,25,Annual,1,False,Nurture,580965.88
CLT0395,2023-09,SMB,DACH,Fintech,2,2,Verification|SMS,47651.12,21185.84,0.445,1056129,-0.0054,7.0,3,12,Annual,9,False,Nurture,571813.44
CLT0395,2023-10,SMB,DACH,Fintech,2,2,Verification|SMS,48913.4,23127.65,0.473,1078237,0.0265,7.0,3,55,Annual,5,False,Nurture,602515.26
CLT0395,2023-11,SMB,DACH,Fintech,2,2,Verification|SMS,49005.76,24312.9,0.496,1082833,0.0019,7.0,1,32,Annual,3,False,Nurture,589186.45
CLT0396,2023-01,Mid-Market,UK & Ireland,Healthcare,7,2,SMS|Verification,288507.92,131706.48,0.457,6074989,0.0,6.9,2,32,Monthly,2,False,Nurture,3462095.04
CLT0396,2023-03,Mid-Market,UK & Ireland,Healthcare,7,2,SMS|Verification,133104.28,70500.4,0.53,2746948,-0.5386,6.9,3,34,Monthly,6,False,Retain,1597251.36
CLT0396,2023-04,Mid-Market,UK & Ireland,Healthcare,7,2,SMS|Verification,134683.48,72298.91,0.537,2795219,0.0119,6.9,2,89,Monthly,7,False,Nurture,1635434.56
CLT0396,2023-05,Mid-Market,UK & Ireland,Healthcare,7,2,SMS|Verification,280845.4,132056.84,0.47,5824638,1.0852,6.9,0,48,Monthly,2,False,Nurture,7027425.94
CLT0396,2023-06,Mid-Market,UK & Ireland,Healthcare,7,2,SMS|Verification,140022.4,60257.21,0.43,2929874,-0.5014,6.9,1,66,Monthly,2,False,Retain,1680268.8
CLT0396,2023-07,Mid-Market,UK & Ireland,Healthcare,7,2,SMS|Verification,130438.16,47268.53,0.362,2701920,-0.0684,6.9,1,22,Monthly,8,False,Retain,1565257.92
CLT0396,2023-08,Mid-Market,UK & Ireland,Healthcare,7,2,SMS|Verification,126215.6,68109.34,0.54,2598321,-0.0324,6.9,1,48,Monthly,10,False,Nurture,1514587.2
CLT0396,2023-09,Mid-Market,UK & Ireland,Healthcare,7,2,SMS|Verification,128489.32,71731.89,0.558,2627208,0.018,6.9,3,11,Monthly,8,False,Nurture,1569625.53
CLT0396,2023-10,Mid-Market,UK & Ireland,Healthcare,7,2,SMS|Verification,128821.28,51917.16,0.403,2630398,0.0026,6.9,1,8,Monthly,1,False,Nurture,1549874.58
CLT0396,2023-11,Mid-Market,UK & Ireland,Healthcare,7,2,SMS|Verification,127715.64,55841.12,0.437,2601000,-0.0086,6.9,0,32,Monthly,5,False,Nurture,1532587.68
CLT0397,2023-01,Enterprise,North America,Gaming & Entertainment,44,4,Voice|SMS|Email|Verification,579865.29,237074.34,0.409,30468444,0.0,10.0,3,31,Multi-year,8,False,Expand,6958383.48
CLT0397,2023-03,Enterprise,North America,Gaming & Entertainment,44,4,Voice|SMS|Email|Verification,294209.39,123413.67,0.419,15762143,-0.4926,10.0,2,35,Multi-year,4,False,Retain,3530512.68
CLT0397,2023-04,Enterprise,North America,Gaming & Entertainment,44,4,Voice|SMS|Email|Verification,303248.39,149395.13,0.493,16512015,0.0307,10.0,3,20,Multi-year,6,False,Expand,3750697.39
CLT0397,2023-05,Enterprise,North America,Gaming & Entertainment,44,4,Voice|SMS|Email|Verification,638704.8,279054.7,0.437,36898282,1.1062,10.0,2,49,Multi-year,11,False,Expand,16142880.6
CLT0397,2023-06,Enterprise,North America,Gaming & Entertainment,44,4,Voice|SMS|Email|Verification,316813.17,178512.64,0.563,18763372,-0.504,10.0,2,61,Multi-year,5,False,Retain,3801758.04
CLT0397,2023-07,Enterprise,North America,Gaming & Entertainment,44,4,Voice|SMS|Email|Verification,306113.96,132801.43,0.434,18072621,-0.0338,10.0,2,4,Multi-year,12,False,Nurture,3673367.52
CLT0397,2023-08,Enterprise,North America,Gaming & Entertainment,44,4,Voice|SMS|Email|Verification,304716.75,148694.1,0.488,18334205,-0.0046,10.0,5,43,Multi-year,4,False,Retain,3656601.0
CLT0397,2023-09,Enterprise,North America,Gaming & Entertainment,44,4,Voice|SMS|Email|Verification,303850.84,159240.07,0.524,18680995,-0.0028,10.0,0,49,Multi-year,3,False,Nurture,3646210.08
CLT0397,2023-10,Enterprise,North America,Gaming & Entertainment,44,4,Voice|SMS|Email|Verification,309647.68,147492.14,0.476,20016122,0.0191,10.0,2,41,Multi-year,2,False,Expand,3786743.41
CLT0397,2023-11,Enterprise,North America,Gaming & Entertainment,44,4,Voice|SMS|Email|Verification,318287.66,156598.45,0.492,20922494,0.0279,10.0,2,84,Multi-year,11,False,Expand,3926014.63
CLT0398,2023-01,Enterprise,Southern Europe,Fintech,30,4,Voice|Verification|SMS|WhatsApp Business,937748.05,443238.33,0.473,11574772,0.0,8.5,2,20,Annual,4,False,Expand,11252976.6
CLT0398,2023-03,Enterprise,Southern Europe,Fintech,30,4,Voice|Verification|SMS|WhatsApp Business,495044.26,228741.23,0.462,6106191,-0.4721,8.5,2,16,Annual,2,False,Retain,5940531.12
CLT0398,2023-04,Enterprise,Southern Europe,Fintech,30,4,Voice|Verification|SMS|WhatsApp Business,504456.48,227666.02,0.451,6350921,0.019,8.5,0,44,Annual,5,False,Expand,6168493.84
CLT0398,2023-05,Enterprise,Southern Europe,Fintech,30,4,Voice|Verification|SMS|WhatsApp Business,1037713.43,512503.46,0.494,13507983,1.0571,8.5,3,14,Annual,11,False,Expand,25616163.56
CLT0398,2023-06,Enterprise,Southern Europe,Fintech,30,4,Voice|Verification|SMS|WhatsApp Business,540345.11,289357.56,0.536,7184557,-0.4793,8.5,1,9,Annual,2,False,Retain,6484141.32
CLT0398,2023-07,Enterprise,Southern Europe,Fintech,30,4,Voice|Verification|SMS|WhatsApp Business,533965.38,241508.01,0.452,7084004,-0.0118,8.5,0,76,Annual,1,False,Nurture,6407584.56
CLT0398,2023-08,Enterprise,Southern Europe,Fintech,30,4,Voice|Verification|SMS|WhatsApp Business,557002.33,289240.32,0.519,7440053,0.0431,8.5,3,82,Annual,3,False,Expand,6972109.57
CLT0398,2023-09,Enterprise,Southern Europe,Fintech,30,4,Voice|Verification|SMS|WhatsApp Business,549555.87,253906.51,0.462,7374296,-0.0134,8.5,1,4,Annual,7,False,Nurture,6594670.44
CLT0398,2023-10,Enterprise,Southern Europe,Fintech,30,4,Voice|Verification|SMS|WhatsApp Business,553912.27,233628.68,0.422,7352454,0.0079,8.5,1,2,Annual,8,False,Expand,6699458.12
CLT0398,2023-11,Enterprise,Southern Europe,Fintech,30,4,Voice|Verification|SMS|WhatsApp Business,565640.79,235886.17,0.417,7591723,0.0212,8.5,4,14,Annual,4,False,Expand,6931588.5
CLT0399,2023-01,Mid-Market,Nordics,Logistics,11,2,Voice|SMS,394443.76,195010.4,0.494,7241640,0.0,6.0,1,52,Annual,11,False,Nurture,4733325.12
CLT0399,2023-03,Mid-Market,Nordics,Logistics,11,2,Voice|SMS,207195.84,103126.3,0.498,3810188,-0.4747,6.0,4,75,Annual,4,False,Retain,2486350.08
CLT0399,2023-04,Mid-Market,Nordics,Logistics,11,2,Voice|SMS,209891.12,117353.46,0.559,3852076,0.013,6.0,2,7,Annual,1,False,Nurture,2551436.45
CLT0399,2023-05,Mid-Market,Nordics,Logistics,11,2,Voice|SMS,450312.28,225673.66,0.501,8199037,1.1455,6.0,2,47,Annual,3,False,Nurture,11593739.96
CLT0399,2023-06,Mid-Market,Nordics,Logistics,11,2,Voice|SMS,223673.88,105562.14,0.472,4008633,-0.5033,6.0,1,23,Annual,2,False,Retain,2684086.56
CLT0399,2023-07,Mid-Market,Nordics,Logistics,11,2,Voice|SMS,242329.24,132154.31,0.545,4378749,0.0834,6.0,2,87,Annual,5,False,Nurture,3150473.98
CLT0399,2023-08,Mid-Market,Nordics,Logistics,11,2,Voice|SMS,239371.88,131867.03,0.551,4346353,-0.0122,6.0,0,34,Annual,3,False,Nurture,2872462.56
CLT0399,2023-09,Mid-Market,Nordics,Logistics,11,2,Voice|SMS,235509.4,121686.36,0.517,4245021,-0.0161,6.0,1,83,Annual,7,False,Nurture,2826112.8
CLT0399,2023-10,Mid-Market,Nordics,Logistics,11,2,Voice|SMS,232450.48,111576.24,0.48,4113056,-0.013,6.0,7,57,Annual,11,False,Retain,2789405.76
CLT0399,2023-11,Mid-Market,Nordics,Logistics,11,2,Voice|SMS,241504.28,141020.9,0.584,4332199,0.0389,6.0,4,32,Annual,12,False,Nurture,3010785.56
CLT0400,2023-01,Mid-Market,APAC,Gaming & Entertainment,19,3,Verification|Email|SMS,171021.76,90205.96,0.527,5288098,0.0,7.2,2,47,Annual,4,False,Nurture,2052261.12
CLT0400,2023-03,Mid-Market,APAC,Gaming & Entertainment,19,3,Verification|Email|SMS,80536.01,40343.71,0.501,2570804,-0.5291,7.2,0,72,Annual,5,False,Retain,966432.12
CLT0400,2023-04,Mid-Market,APAC,Gaming & Entertainment,19,3,Verification|Email|SMS,85048.23,40280.18,0.474,2749849,0.056,7.2,4,86,Annual,3,False,Upsell,1077731.17
CLT0400,2023-05,Mid-Market,APAC,Gaming & Entertainment,19,3,Verification|Email|SMS,179586.08,80858.01,0.45,6017561,1.1116,7.2,2,41,Annual,7,False,Upsell,4550567.6
CLT0400,2023-06,Mid-Market,APAC,Gaming & Entertainment,19,3,Verification|Email|SMS,91686.42,45982.76,0.502,3209650,-0.4895,7.2,2,16,Annual,2,False,Retain,1100237.04
CLT0400,2023-07,Mid-Market,APAC,Gaming & Entertainment,19,3,Verification|Email|SMS,91197.7,34275.91,0.376,3214077,-0.0053,7.2,1,53,Annual,2,False,Nurture,1094372.4
CLT0400,2023-08,Mid-Market,APAC,Gaming & Entertainment,19,3,Verification|Email|SMS,92811.32,42659.83,0.46,3336321,0.0177,7.2,3,88,Annual,6,False,Nurture,1133448.96
CLT0400,2023-09,Mid-Market,APAC,Gaming & Entertainment,19,3,Verification|Email|SMS,97412.15,46444.06,0.477,3580368,0.0496,7.2,3,86,Annual,10,False,Upsell,1226925.51
CLT0400,2023-10,Mid-Market,APAC,Gaming & Entertainment,19,3,Verification|Email|SMS,97438.38,46007.25,0.472,3604012,0.0003,7.2,1,74,Annual,12,False,Nurture,1169611.34
CLT0400,2023-11,Mid-Market,APAC,Gaming & Entertainment,19,3,Verification|Email|SMS,103727.66,45512.26,0.439,3798562,0.0645,7.2,2,79,Annual,5,False,Upsell,1325017.13
CLT0401,2023-01,Mid-Market,Southern Europe,Technology & SaaS,6,2,SMS|Email,216701.9,102416.62,0.473,12342040,0.0,5.6,2,99,Annual,12,True,Retain,2600422.8
CLT0401,2023-03,Mid-Market,Southern Europe,Technology & SaaS,6,2,SMS|Email,98829.08,52414.22,0.53,5711483,-0.5439,5.6,4,66,Annual,7,True,Retain,1185948.96
CLT0401,2023-04,Mid-Market,Southern Europe,Technology & SaaS,6,2,SMS|Email,90273.97,39316.78,0.436,5350949,-0.0866,5.6,5,51,Annual,9,True,Retain,1083287.64
CLT0401,2023-05,Mid-Market,Southern Europe,Technology & SaaS,6,2,SMS|Email,169037.4,79843.6,0.472,10324315,0.8725,5.6,4,100,Annual,6,True,Retain,3798270.38
CLT0401,2023-06,Mid-Market,Southern Europe,Technology & SaaS,6,2,SMS|Email,81236.71,43884.76,0.54,5086501,-0.5194,5.6,4,110,Annual,4,True,Retain,974840.52
CLT0401,2023-07,Mid-Market,Southern Europe,Technology & SaaS,6,2,SMS|Email,83328.15,29982.41,0.36,5123834,0.0257,5.6,1,142,Annual,6,True,Retain,1025636.2
CLT0401,2023-08,Mid-Market,Southern Europe,Technology & SaaS,6,2,SMS|Email,80678.74,38406.38,0.476,4987597,-0.0318,5.6,3,167,Annual,3,True,Retain,968144.88
CLT0401,2023-09,Mid-Market,Southern Europe,Technology & SaaS,6,2,SMS|Email,79425.74,33905.73,0.427,4811455,-0.0155,5.6,4,132,Annual,9,True,Retain,953108.88
CLT0401,2023-10,Mid-Market,Southern Europe,Technology & SaaS,6,2,SMS|Email,76142.05,30111.84,0.395,4708859,-0.0413,5.6,3,62,Annual,12,True,Retain,913704.6
CLT0401,2023-11,Mid-Market,Southern Europe,Technology & SaaS,6,2,SMS|Email,77825.8,43947.14,0.565,4893737,0.0221,5.6,4,124,Annual,1,True,Retain,954549.0
CLT0402,2023-01,Mid-Market,LATAM,Retail & E-commerce,32,2,SMS|Voice,211192.76,94232.55,0.446,4926459,0.0,7.8,0,69,Multi-year,2,False,Nurture,2534313.12
CLT0402,2023-03,Mid-Market,LATAM,Retail & E-commerce,32,2,SMS|Voice,109360.72,50475.94,0.462,2555444,-0.4822,7.8,4,35,Multi-year,10,False,Retain,1312328.64
CLT0402,2023-04,Mid-Market,LATAM,Retail & E-commerce,32,2,SMS|Voice,106440.32,43132.13,0.405,2491792,-0.0267,7.8,0,75,Multi-year,11,False,Nurture,1277283.84
CLT0402,2023-05,Mid-Market,LATAM,Retail & E-commerce,32,2,SMS|Voice,204634.6,77048.03,0.377,4759785,0.9225,7.8,0,40,Multi-year,1,False,Upsell,4720920.22
CLT0402,2023-06,Mid-Market,LATAM,Retail & E-commerce,32,2,SMS|Voice,99926.44,46876.08,0.469,2308531,-0.5117,7.8,2,24,Multi-year,4,False,Retain,1199117.28
CLT0402,2023-07,Mid-Market,LATAM,Retail & E-commerce,32,2,SMS|Voice,97240.48,49416.97,0.508,2247850,-0.0269,7.8,3,18,Multi-year,4,False,Nurture,1166885.76
CLT0402,2023-08,Mid-Market,LATAM,Retail & E-commerce,32,2,SMS|Voice,100594.12,38341.41,0.381,2332235,0.0345,7.8,3,45,Multi-year,9,False,Upsell,1248775.41
CLT0402,2023-09,Mid-Market,LATAM,Retail & E-commerce,32,2,SMS|Voice,98018.04,54792.62,0.559,2268813,-0.0256,7.8,1,48,Multi-year,10,False,Nurture,1176216.48
CLT0402,2023-10,Mid-Market,LATAM,Retail & E-commerce,32,2,SMS|Voice,94470.0,41211.57,0.436,2179454,-0.0362,7.8,1,30,Multi-year,6,False,Nurture,1133640.0
CLT0402,2023-11,Mid-Market,LATAM,Retail & E-commerce,32,2,SMS|Voice,99490.72,52311.97,0.526,2316844,0.0531,7.8,0,66,Multi-year,1,False,Upsell,1257284.13
CLT0403,2023-01,Enterprise,UK & Ireland,Technology & SaaS,37,3,Voice|Verification|Email,383189.2,196783.5,0.514,11853469,0.0,7.7,2,89,Annual,4,False,Expand,4598270.4
CLT0403,2023-03,Enterprise,UK & Ireland,Technology & SaaS,37,3,Voice|Verification|Email,203843.56,102537.52,0.503,6084794,-0.468,7.7,2,86,Annual,12,False,Retain,2446122.72
CLT0403,2023-04,Enterprise,UK & Ireland,Technology & SaaS,37,3,Voice|Verification|Email,203359.29,104911.67,0.516,6428651,-0.0024,7.7,4,81,Annual,6,False,Nurture,2440311.48
CLT0403,2023-05,Enterprise,UK & Ireland,Technology & SaaS,37,3,Voice|Verification|Email,409026.42,187244.68,0.458,13699462,1.0113,7.7,3,83,Annual,3,False,Upsell,9872098.06
CLT0403,2023-06,Enterprise,UK & Ireland,Technology & SaaS,37,3,Voice|Verification|Email,218080.02,123505.85,0.566,7524190,-0.4668,7.7,0,66,Annual,9,False,Retain,2616960.24
CLT0403,2023-07,Enterprise,UK & Ireland,Technology & SaaS,37,3,Voice|Verification|Email,218403.05,113554.61,0.52,7770304,0.0015,7.7,2,4,Annual,6,False,Expand,2624767.85
CLT0403,2023-08,Enterprise,UK & Ireland,Technology & SaaS,37,3,Voice|Verification|Email,228696.24,84927.34,0.371,8079513,0.0471,7.7,2,4,Annual,8,False,Upsell,2873613.99
CLT0403,2023-09,Enterprise,UK & Ireland,Technology & SaaS,37,3,Voice|Verification|Email,239445.2,111676.11,0.466,8562601,0.047,7.7,1,41,Annual,1,False,Upsell,3008389.49
CLT0403,2023-10,Enterprise,UK & Ireland,Technology & SaaS,37,3,Voice|Verification|Email,253603.12,130361.75,0.514,8882071,0.0591,7.7,5,64,Annual,12,False,Upsell,3223092.77
CLT0403,2023-11,Enterprise,UK & Ireland,Technology & SaaS,37,3,Voice|Verification|Email,252970.88,112786.57,0.446,8931783,-0.0025,7.7,0,86,Annual,9,False,Nurture,3035650.56
CLT0404,2023-01,Mid-Market,APAC,Healthcare,31,3,Voice|WhatsApp Business|Verification,211900.15,110971.52,0.524,1048984,0.0,7.7,2,52,Monthly,10,True,Retain,2542801.8
CLT0404,2023-03,Mid-Market,APAC,Healthcare,31,3,Voice|WhatsApp Business|Verification,93661.35,36692.94,0.392,468408,-0.558,7.7,6,145,Monthly,4,True,Retain,1123936.2
CLT0404,2023-04,Mid-Market,APAC,Healthcare,31,3,Voice|WhatsApp Business|Verification,90800.73,46924.73,0.517,439851,-0.0305,7.7,6,122,Monthly,5,True,Retain,1089608.76
CLT0404,2023-05,Mid-Market,APAC,Healthcare,31,3,Voice|WhatsApp Business|Verification,158644.08,64838.28,0.409,790245,0.7472,7.7,10,105,Monthly,3,True,Retain,3326195.24
CLT0404,2023-06,Mid-Market,APAC,Healthcare,31,3,Voice|WhatsApp Business|Verification,69157.52,32297.8,0.467,343316,-0.5641,7.7,4,121,Monthly,3,True,Retain,829890.24
CLT0404,2023-07,Mid-Market,APAC,Healthcare,31,3,Voice|WhatsApp Business|Verification,70801.12,34496.25,0.487,357997,0.0238,7.7,7,101,Monthly,12,True,Retain,869834.24
CLT0404,2023-08,Mid-Market,APAC,Healthcare,31,3,Voice|WhatsApp Business|Verification,62981.66,36676.9,0.582,324112,-0.1104,7.7,3,151,Monthly,8,True,Retain,755779.92
CLT0404,2023-09,Mid-Market,APAC,Healthcare,31,3,Voice|WhatsApp Business|Verification,62099.35,27828.7,0.448,320617,-0.014,7.7,3,155,Monthly,8,True,Retain,745192.2
CLT0404,2023-10,Mid-Market,APAC,Healthcare,31,3,Voice|WhatsApp Business|Verification,57788.65,25118.04,0.435,296802,-0.0694,7.7,3,94,Monthly,5,True,Retain,693463.8
CLT0404,2023-11,Mid-Market,APAC,Healthcare,31,3,Voice|WhatsApp Business|Verification,54039.22,26887.19,0.498,282583,-0.0649,7.7,3,100,Monthly,10,True,Retain,648470.64
CLT0405,2023-01,Enterprise,APAC,Technology & SaaS,56,3,SMS|Voice|Verification,665364.0,331631.87,0.498,8071246,0.0,9.7,2,50,Annual,5,False,Expand,7984368.0
CLT0405,2023-03,Enterprise,APAC,Technology & SaaS,56,3,SMS|Voice|Verification,357530.56,169828.74,0.475,4345118,-0.4627,9.7,0,76,Annual,4,False,Retain,4290366.72
CLT0405,2023-04,Enterprise,APAC,Technology & SaaS,56,3,SMS|Voice|Verification,379605.6,198948.28,0.524,4682255,0.0617,9.7,2,5,Annual,5,False,Upsell,4836327.19
CLT0405,2023-05,Enterprise,APAC,Technology & SaaS,56,3,SMS|Voice|Verification,765522.52,371256.8,0.485,9552096,1.0166,9.7,3,55,Annual,5,False,Upsell,18525032.57
CLT0405,2023-06,Enterprise,APAC,Technology & SaaS,56,3,SMS|Voice|Verification,400594.84,211947.67,0.529,5065102,-0.4767,9.7,0,7,Annual,1,False,Retain,4807138.08
CLT0405,2023-07,Enterprise,APAC,Technology & SaaS,56,3,SMS|Voice|Verification,388986.84,172632.74,0.444,4958371,-0.029,9.7,1,56,Annual,1,False,Nurture,4667842.08
CLT0405,2023-08,Enterprise,APAC,Technology & SaaS,56,3,SMS|Voice|Verification,420019.2,230889.27,0.55,5386239,0.0798,9.7,2,50,Annual,10,False,Upsell,5442440.79
CLT0405,2023-09,Enterprise,APAC,Technology & SaaS,56,3,SMS|Voice|Verification,426353.56,217800.26,0.511,5527358,0.0151,9.7,1,69,Annual,9,False,Expand,5193497.99
CLT0405,2023-10,Enterprise,APAC,Technology & SaaS,56,3,SMS|Voice|Verification,447190.52,245683.46,0.549,5775995,0.0489,9.7,0,18,Annual,7,False,Upsell,5628697.64
CLT0405,2023-11,Enterprise,APAC,Technology & SaaS,56,3,SMS|Voice|Verification,483671.08,260989.31,0.54,6316883,0.0816,9.7,1,39,Annual,9,False,Upsell,6277663.68
CLT0406,2023-01,Enterprise,Nordics,Healthcare,43,2,Verification|Voice,230603.16,115809.65,0.502,1975107,0.0,9.5,1,56,Multi-year,3,False,Nurture,2767237.92
CLT0406,2023-03,Enterprise,Nordics,Healthcare,43,2,Verification|Voice,129213.52,55820.49,0.432,1105710,-0.4397,9.5,2,86,Multi-year,8,False,Retain,1550562.24
CLT0406,2023-04,Enterprise,Nordics,Healthcare,43,2,Verification|Voice,152656.08,59998.48,0.393,1300800,0.1814,9.5,1,47,Multi-year,6,False,Upsell,2164174.71
CLT0406,2023-05,Enterprise,Nordics,Healthcare,43,2,Verification|Voice,324024.96,175194.83,0.541,2761304,1.1226,9.5,5,27,Multi-year,8,False,Upsell,8253304.56
CLT0406,2023-06,Enterprise,Nordics,Healthcare,43,2,Verification|Voice,167890.68,89981.15,0.536,1432868,-0.4819,9.5,3,60,Multi-year,10,False,Retain,2014688.16
CLT0406,2023-07,Enterprise,Nordics,Healthcare,43,2,Verification|Voice,181500.44,71673.33,0.395,1549656,0.0811,9.5,1,30,Multi-year,9,False,Upsell,2354641.51
CLT0406,2023-08,Enterprise,Nordics,Healthcare,43,2,Verification|Voice,180341.64,82742.27,0.459,1541716,-0.0064,9.5,2,46,Multi-year,11,False,Nurture,2164099.68
CLT0406,2023-09,Enterprise,Nordics,Healthcare,43,2,Verification|Voice,190880.0,79097.82,0.414,1629362,0.0584,9.5,3,38,Multi-year,11,False,Upsell,2424328.7
CLT0406,2023-10,Enterprise,Nordics,Healthcare,43,2,Verification|Voice,204513.08,120127.52,0.587,1746581,0.0714,9.5,2,49,Multi-year,1,False,Upsell,2629383.77
CLT0406,2023-11,Enterprise,Nordics,Healthcare,43,2,Verification|Voice,228256.32,121403.91,0.532,1949030,0.1161,9.5,3,75,Multi-year,2,False,Upsell,3057082.55
CLT0407,2023-01,Mid-Market,North America,Healthcare,18,2,Verification|Voice,202262.24,93466.53,0.462,2128249,0.0,7.0,3,18,Annual,2,False,Nurture,2427146.88
CLT0407,2023-03,Mid-Market,North America,Healthcare,18,2,Verification|Voice,106481.8,56887.47,0.534,1104480,-0.4735,7.0,3,3,Annual,5,False,Retain,1277781.6
CLT0407,2023-04,Mid-Market,North America,Healthcare,18,2,Verification|Voice,109814.24,49222.86,0.448,1147922,0.0313,7.0,2,4,Annual,8,False,Upsell,1359017.11
CLT0407,2023-05,Mid-Market,North America,Healthcare,18,2,Verification|Voice,236347.36,105386.73,0.446,2476043,1.1522,7.0,1,21,Annual,6,False,Upsell,6104001.46
CLT0407,2023-06,Mid-Market,North America,Healthcare,18,2,Verification|Voice,120156.12,62701.41,0.522,1251414,-0.4916,7.0,2,33,Annual,6,False,Retain,1441873.44
CLT0407,2023-07,Mid-Market,North America,Healthcare,18,2,Verification|Voice,122696.36,61150.57,0.498,1273649,0.0211,7.0,0,26,Annual,10,False,Nurture,1503423.04
CLT0407,2023-08,Mid-Market,North America,Healthcare,18,2,Verification|Voice,124893.8,59727.74,0.478,1289113,0.0179,7.0,2,56,Annual,1,False,Nurture,1525552.79
CLT0407,2023-09,Mid-Market,North America,Healthcare,18,2,Verification|Voice,125168.24,68947.1,0.551,1280159,0.0022,7.0,2,12,Annual,7,False,Nurture,1505323.32
CLT0407,2023-10,Mid-Market,North America,Healthcare,18,2,Verification|Voice,135984.12,58898.75,0.433,1378641,0.0864,7.0,1,8,Annual,10,False,Upsell,1772797.78
CLT0407,2023-11,Mid-Market,North America,Healthcare,18,2,Verification|Voice,141581.68,66989.17,0.473,1426127,0.0412,7.0,2,79,Annual,4,False,Upsell,1768978.14
CLT0408,2023-01,Mid-Market,DACH,Healthcare,23,3,Voice|Verification|SMS,344229.76,182974.27,0.532,5102699,0.0,7.8,2,19,Annual,11,False,Nurture,4130757.12
CLT0408,2023-03,Mid-Market,DACH,Healthcare,23,3,Voice|Verification|SMS,186176.84,71589.05,0.385,2745633,-0.4591,7.8,2,33,Annual,8,False,Retain,2234122.08
CLT0408,2023-04,Mid-Market,DACH,Healthcare,23,3,Voice|Verification|SMS,193671.4,92407.81,0.477,2873737,0.0403,7.8,4,4,Annual,8,False,Upsell,2417716.29
CLT0408,2023-05,Mid-Market,DACH,Healthcare,23,3,Voice|Verification|SMS,410335.12,209843.2,0.511,6214014,1.1187,7.8,2,73,Annual,3,False,Upsell,10432524.22
CLT0408,2023-06,Mid-Market,DACH,Healthcare,23,3,Voice|Verification|SMS,214456.8,105954.24,0.494,3255831,-0.4774,7.8,3,51,Annual,3,False,Retain,2573481.6
CLT0408,2023-07,Mid-Market,DACH,Healthcare,23,3,Voice|Verification|SMS,225358.04,95415.15,0.423,3436724,0.0508,7.8,1,47,Annual,11,False,Upsell,2841674.74
CLT0408,2023-08,Mid-Market,DACH,Healthcare,23,3,Voice|Verification|SMS,235040.96,105138.86,0.447,3663543,0.043,7.8,3,14,Annual,12,False,Upsell,2941772.66
CLT0408,2023-09,Mid-Market,DACH,Healthcare,23,3,Voice|Verification|SMS,249122.44,109867.01,0.441,3918887,0.0599,7.8,1,62,Annual,5,False,Upsell,3168538.49
CLT0408,2023-10,Mid-Market,DACH,Healthcare,23,3,Voice|Verification|SMS,258744.96,122414.38,0.473,4120624,0.0386,7.8,2,26,Annual,2,False,Upsell,3224790.19
CLT0408,2023-11,Mid-Market,DACH,Healthcare,23,3,Voice|Verification|SMS,272338.48,137001.26,0.503,4384537,0.0525,7.8,0,88,Annual,7,False,Upsell,3439635.0
CLT0409,2023-01,Mid-Market,UK & Ireland,Fintech,17,3,Verification|Voice|SMS,226094.08,118631.3,0.525,4783983,0.0,6.8,2,8,Monthly,4,False,Nurture,2713128.96
CLT0409,2023-03,Mid-Market,UK & Ireland,Fintech,17,3,Verification|Voice|SMS,112560.44,61380.58,0.545,2339357,-0.5022,6.8,2,17,Monthly,6,False,Retain,1350725.28
CLT0409,2023-04,Mid-Market,UK & Ireland,Fintech,17,3,Verification|Voice|SMS,111892.16,49667.1,0.444,2302535,-0.0059,6.8,0,8,Monthly,11,False,Nurture,1342705.92
CLT0409,2023-05,Mid-Market,UK & Ireland,Fintech,17,3,Verification|Voice|SMS,233206.28,100450.39,0.431,4832161,1.0842,6.8,2,30,Monthly,12,False,Nurture,5832582.35
CLT0409,2023-06,Mid-Market,UK & Ireland,Fintech,17,3,Verification|Voice|SMS,120784.64,55267.07,0.458,2491491,-0.4821,6.8,0,88,Monthly,12,False,Retain,1449415.68
CLT0409,2023-07,Mid-Market,UK & Ireland,Fintech,17,3,Verification|Voice|SMS,127020.48,48086.39,0.379,2635585,0.0516,6.8,2,75,Monthly,5,False,Nurture,1602896.84
CLT0409,2023-08,Mid-Market,UK & Ireland,Fintech,17,3,Verification|Voice|SMS,120234.04,51575.07,0.429,2447394,-0.0534,6.8,5,32,Monthly,11,False,Retain,1442808.48
CLT0409,2023-09,Mid-Market,UK & Ireland,Fintech,17,3,Verification|Voice|SMS,127167.44,57079.93,0.449,2585674,0.0577,6.8,1,82,Monthly,10,False,Nurture,1614060.02
CLT0409,2023-10,Mid-Market,UK & Ireland,Fintech,17,3,Verification|Voice|SMS,128250.76,54762.97,0.427,2597744,0.0085,6.8,2,66,Monthly,9,False,Nurture,1552090.7
CLT0409,2023-11,Mid-Market,UK & Ireland,Fintech,17,3,Verification|Voice|SMS,131247.48,66574.41,0.507,2653723,0.0234,6.8,3,34,Monthly,5,False,Nurture,1611824.05
CLT0410,2023-01,SMB,DACH,Retail & E-commerce,7,1,SMS,17012.72,7340.39,0.431,425318,0.0,6.5,2,20,Monthly,8,False,Nurture,204152.64
CLT0410,2023-03,SMB,DACH,Retail & E-commerce,7,1,SMS,8717.24,3904.07,0.448,217931,-0.4876,6.5,1,72,Monthly,10,False,Retain,104606.88
CLT0410,2023-04,SMB,DACH,Retail & E-commerce,7,1,SMS,9668.92,4896.25,0.506,241723,0.1092,6.5,1,46,Monthly,3,False,Nurture,128697.19
CLT0410,2023-05,SMB,DACH,Retail & E-commerce,7,1,SMS,21036.92,9083.38,0.432,525923,1.1757,6.5,1,88,Monthly,4,False,Nurture,549240.32
CLT0410,2023-06,SMB,DACH,Retail & E-commerce,7,1,SMS,10912.92,5877.25,0.539,272823,-0.4812,6.5,0,55,Monthly,2,False,Retain,130955.04
CLT0410,2023-07,SMB,DACH,Retail & E-commerce,7,1,SMS,10801.4,3842.48,0.356,270035,-0.0102,6.5,3,64,Monthly,10,False,Nurture,129616.8
CLT0410,2023-08,SMB,DACH,Retail & E-commerce,7,1,SMS,10613.0,5469.85,0.515,265325,-0.0174,6.5,0,34,Monthly,10,False,Nurture,127356.0
CLT0410,2023-09,SMB,DACH,Retail & E-commerce,7,1,SMS,10552.08,5277.96,0.5,263802,-0.0057,6.5,1,54,Monthly,12,False,Nurture,126624.96
CLT0410,2023-10,SMB,DACH,Retail & E-commerce,7,1,SMS,9831.16,3807.69,0.387,245779,-0.0683,6.5,0,34,Monthly,6,False,Retain,117973.92
CLT0410,2023-11,SMB,DACH,Retail & E-commerce,7,1,SMS,9681.68,3827.07,0.395,242042,-0.0152,6.5,2,40,Monthly,10,False,Nurture,116180.16
CLT0411,2023-01,SMB,UK & Ireland,Retail & E-commerce,15,3,Email|SMS|WhatsApp Business,149528.17,69703.71,0.466,3281572,0.0,5.2,2,90,Monthly,12,False,Retain,1794338.04
CLT0411,2023-03,SMB,UK & Ireland,Retail & E-commerce,15,3,Email|SMS|WhatsApp Business,72438.33,31591.57,0.436,1747017,-0.5156,5.2,1,46,Monthly,12,False,Retain,869259.96
CLT0411,2023-04,SMB,UK & Ireland,Retail & E-commerce,15,3,Email|SMS|WhatsApp Business,72615.37,37692.6,0.519,1839901,0.0024,5.2,2,80,Monthly,6,False,Retain,873475.76
CLT0411,2023-05,SMB,UK & Ireland,Retail & E-commerce,15,3,Email|SMS|WhatsApp Business,144210.31,74486.68,0.517,3879382,0.9859,5.2,1,59,Monthly,12,False,Retain,3436647.06
CLT0411,2023-06,SMB,UK & Ireland,Retail & E-commerce,15,3,Email|SMS|WhatsApp Business,72631.07,37381.19,0.515,1942297,-0.4964,5.2,4,65,Monthly,2,False,Retain,871572.84
CLT0411,2023-07,SMB,UK & Ireland,Retail & E-commerce,15,3,Email|SMS|WhatsApp Business,72831.29,41527.52,0.57,1983518,0.0028,5.2,1,23,Monthly,8,False,Retain,876422.61
CLT0411,2023-08,SMB,UK & Ireland,Retail & E-commerce,15,3,Email|SMS|WhatsApp Business,72953.46,31061.05,0.426,2006502,0.0017,5.2,1,25,Monthly,12,False,Retain,876929.77
CLT0411,2023-09,SMB,UK & Ireland,Retail & E-commerce,15,3,Email|SMS|WhatsApp Business,74409.55,35531.81,0.478,2121105,0.02,5.2,3,14,Monthly,8,False,Retain,910772.89
CLT0411,2023-10,SMB,UK & Ireland,Retail & E-commerce,15,3,Email|SMS|WhatsApp Business,74824.92,36404.43,0.487,2282450,0.0056,5.2,3,37,Monthly,11,False,Retain,902927.27
CLT0411,2023-11,SMB,UK & Ireland,Retail & E-commerce,15,3,Email|SMS|WhatsApp Business,75869.93,35340.4,0.466,2474393,0.014,5.2,4,85,Monthly,3,False,Retain,923185.31
CLT0412,2023-01,Mid-Market,DACH,Healthcare,28,4,Verification|WhatsApp Business|Voice|SMS,427973.75,214555.42,0.501,6825635,0.0,6.6,2,57,Annual,12,False,Nurture,5135685.0
CLT0412,2023-03,Mid-Market,DACH,Healthcare,28,4,Verification|WhatsApp Business|Voice|SMS,220927.26,107164.78,0.485,3476948,-0.4838,6.6,1,14,Annual,9,False,Retain,2651127.12
CLT0412,2023-04,Mid-Market,DACH,Healthcare,28,4,Verification|WhatsApp Business|Voice|SMS,224457.26,108399.55,0.483,3534571,0.016,6.6,2,30,Annual,3,False,Nurture,2736582.91
CLT0412,2023-05,Mid-Market,DACH,Healthcare,28,4,Verification|WhatsApp Business|Voice|SMS,479136.58,231609.55,0.483,7640696,1.1346,6.6,4,19,Annual,11,False,Nurture,12273179.32
CLT0412,2023-06,Mid-Market,DACH,Healthcare,28,4,Verification|WhatsApp Business|Voice|SMS,250044.44,136431.1,0.546,3977370,-0.4781,6.6,0,36,Annual,1,False,Retain,3000533.28
CLT0412,2023-07,Mid-Market,DACH,Healthcare,28,4,Verification|WhatsApp Business|Voice|SMS,260280.17,134442.61,0.517,4196430,0.0409,6.6,1,21,Annual,4,False,Nurture,3251107.55
CLT0412,2023-08,Mid-Market,DACH,Healthcare,28,4,Verification|WhatsApp Business|Voice|SMS,264842.68,147534.57,0.557,4291564,0.0175,6.6,1,77,Annual,4,False,Nurture,3233729.12
CLT0412,2023-09,Mid-Market,DACH,Healthcare,28,4,Verification|WhatsApp Business|Voice|SMS,279822.8,145434.95,0.52,4490538,0.0566,6.6,2,51,Annual,11,False,Nurture,3547929.25
CLT0412,2023-10,Mid-Market,DACH,Healthcare,28,4,Verification|WhatsApp Business|Voice|SMS,296224.82,160426.1,0.542,4864247,0.0586,6.6,2,17,Annual,8,False,Nurture,3763003.13
CLT0412,2023-11,Mid-Market,DACH,Healthcare,28,4,Verification|WhatsApp Business|Voice|SMS,311253.26,135379.57,0.435,5223076,0.0507,6.6,4,50,Annual,2,False,Nurture,3924405.6
CLT0413,2023-01,Mid-Market,Nordics,Fintech,8,2,Verification|SMS,276048.16,124353.15,0.45,6765850,0.0,7.4,2,60,Multi-year,7,False,Nurture,3312577.92
CLT0413,2023-03,Mid-Market,Nordics,Fintech,8,2,Verification|SMS,155757.0,56312.95,0.362,3824384,-0.4358,7.4,1,35,Multi-year,12,False,Retain,1869084.0
CLT0413,2023-04,Mid-Market,Nordics,Fintech,8,2,Verification|SMS,164475.96,77551.39,0.472,4039413,0.056,7.4,1,4,Multi-year,11,False,Upsell,2084239.37
CLT0413,2023-05,Mid-Market,Nordics,Fintech,8,2,Verification|SMS,361396.76,169732.07,0.47,8881199,1.1973,7.4,2,36,Multi-year,1,False,Upsell,9529165.21
CLT0413,2023-06,Mid-Market,Nordics,Fintech,8,2,Verification|SMS,221117.32,126449.63,0.572,5443353,-0.3882,7.4,1,36,Multi-year,12,False,Retain,2653407.84
CLT0413,2023-07,Mid-Market,Nordics,Fintech,8,2,Verification|SMS,245696.36,137185.56,0.558,6052783,0.1112,7.4,5,50,Multi-year,6,False,Upsell,3276213.54
CLT0413,2023-08,Mid-Market,Nordics,Fintech,8,2,Verification|SMS,266408.64,132811.27,0.499,6571239,0.0843,7.4,2,85,Multi-year,6,False,Upsell,3466402.66
CLT0413,2023-09,Mid-Market,Nordics,Fintech,8,2,Verification|SMS,272882.64,113396.83,0.416,6725072,0.0243,7.4,2,13,Multi-year,2,False,Nurture,3354164.26
CLT0413,2023-10,Mid-Market,Nordics,Fintech,8,2,Verification|SMS,289511.04,157799.68,0.545,7147512,0.0609,7.4,1,21,Multi-year,9,False,Upsell,3685707.15
CLT0413,2023-11,Mid-Market,Nordics,Fintech,8,2,Verification|SMS,297540.96,129702.65,0.436,7341330,0.0277,7.4,3,49,Multi-year,4,False,Nurture,3669394.14
CLT0414,2023-01,Mid-Market,UK & Ireland,Healthcare,21,3,SMS|Verification|Voice,319553.96,141152.99,0.442,5790841,0.0,5.7,1,65,Annual,2,False,Retain,3834647.52
CLT0414,2023-03,Mid-Market,UK & Ireland,Healthcare,21,3,SMS|Verification|Voice,168354.88,73077.21,0.434,3035742,-0.4732,5.7,2,16,Annual,1,False,Retain,2020258.56
CLT0414,2023-04,Mid-Market,UK & Ireland,Healthcare,21,3,SMS|Verification|Voice,175448.68,84645.74,0.482,3195311,0.0421,5.7,0,45,Annual,1,False,Retain,2194020.83
CLT0414,2023-05,Mid-Market,UK & Ireland,Healthcare,21,3,SMS|Verification|Voice,376170.52,174286.03,0.463,6798669,1.144,5.7,0,18,Annual,12,False,Retain,9678115.14
CLT0414,2023-06,Mid-Market,UK & Ireland,Healthcare,21,3,SMS|Verification|Voice,206777.48,90605.05,0.438,3656979,-0.4503,5.7,4,17,Annual,9,False,Retain,2481329.76
CLT0414,2023-07,Mid-Market,UK & Ireland,Healthcare,21,3,SMS|Verification|Voice,216050.28,90868.9,0.421,3848129,0.0448,5.7,0,78,Annual,3,False,Retain,2708751.99
CLT0414,2023-08,Mid-Market,UK & Ireland,Healthcare,21,3,SMS|Verification|Voice,236596.56,95251.59,0.403,4198597,0.0951,5.7,0,5,Annual,8,False,Retain,3109162.71
CLT0414,2023-09,Mid-Market,UK & Ireland,Healthcare,21,3,SMS|Verification|Voice,249758.16,135340.84,0.542,4428898,0.0556,5.7,1,84,Annual,5,False,Retain,3163736.56
CLT0414,2023-10,Mid-Market,UK & Ireland,Healthcare,21,3,SMS|Verification|Voice,257846.64,102591.62,0.398,4593159,0.0324,5.7,2,87,Annual,11,False,Retain,3194410.45
CLT0414,2023-11,Mid-Market,UK & Ireland,Healthcare,21,3,SMS|Verification|Voice,276635.64,141934.59,0.513,4911389,0.0729,5.7,3,44,Annual,10,False,Retain,3561628.54
CLT0415,2023-01,Mid-Market,UK & Ireland,Retail & E-commerce,21,3,WhatsApp Business|Email|SMS,371063.22,165853.51,0.447,12073748,0.0,7.2,1,46,Annual,3,False,Nurture,4452758.64
CLT0415,2023-03,Mid-Market,UK & Ireland,Retail & E-commerce,21,3,WhatsApp Business|Email|SMS,195269.28,101964.72,0.522,6178368,-0.4738,7.2,2,68,Annual,12,False,Retain,2343231.36
CLT0415,2023-04,Mid-Market,UK & Ireland,Retail & E-commerce,21,3,WhatsApp Business|Email|SMS,201592.98,113984.87,0.565,6352684,0.0324,7.2,4,18,Annual,8,False,Upsell,2497495.11
CLT0415,2023-05,Mid-Market,UK & Ireland,Retail & E-commerce,21,3,WhatsApp Business|Email|SMS,424331.97,214588.21,0.506,13411066,1.1049,7.2,2,54,Annual,8,False,Upsell,10718116.36
CLT0415,2023-06,Mid-Market,UK & Ireland,Retail & E-commerce,21,3,WhatsApp Business|Email|SMS,227006.93,115165.34,0.507,7088410,-0.465,7.2,1,62,Annual,5,False,Retain,2724083.16
CLT0415,2023-07,Mid-Market,UK & Ireland,Retail & E-commerce,21,3,WhatsApp Business|Email|SMS,236641.16,114534.53,0.484,7488480,0.0424,7.2,1,24,Annual,4,False,Upsell,2960096.94
CLT0415,2023-08,Mid-Market,UK & Ireland,Retail & E-commerce,21,3,WhatsApp Business|Email|SMS,255796.76,113375.56,0.443,7995951,0.0809,7.2,1,80,Annual,4,False,Upsell,3317888.61
CLT0415,2023-09,Mid-Market,UK & Ireland,Retail & E-commerce,21,3,WhatsApp Business|Email|SMS,266761.44,123950.25,0.465,8079720,0.0429,7.2,2,41,Annual,12,False,Upsell,3338466.07
CLT0415,2023-10,Mid-Market,UK & Ireland,Retail & E-commerce,21,3,WhatsApp Business|Email|SMS,266180.12,125357.19,0.471,7921843,-0.0022,7.2,2,34,Annual,4,False,Nurture,3194161.44
CLT0415,2023-11,Mid-Market,UK & Ireland,Retail & E-commerce,21,3,WhatsApp Business|Email|SMS,285683.81,142532.62,0.499,8424972,0.0733,7.2,1,30,Annual,11,False,Upsell,3679493.2
CLT0416,2023-01,SMB,Southern Europe,Gaming & Entertainment,1,1,Verification,11678.8,4420.75,0.379,145985,0.0,6.4,3,146,Annual,4,True,Retain,140145.6
CLT0416,2023-03,SMB,Southern Europe,Gaming & Entertainment,1,1,Verification,5453.36,2341.48,0.429,68167,-0.5331,6.4,4,64,Annual,12,True,Retain,65440.32
CLT0416,2023-04,SMB,Southern Europe,Gaming & Entertainment,1,1,Verification,5497.68,2577.9,0.469,68721,0.0081,6.4,3,142,Annual,9,True,Retain,66506.53
CLT0416,2023-05,SMB,Southern Europe,Gaming & Entertainment,1,1,Verification,10191.44,5709.6,0.56,127393,0.8538,6.4,4,85,Annual,10,True,Retain,226714.7
CLT0416,2023-06,SMB,Southern Europe,Gaming & Entertainment,1,1,Verification,5369.12,2902.68,0.541,67114,-0.4732,6.4,1,137,Annual,12,True,Retain,64429.44
CLT0416,2023-07,SMB,Southern Europe,Gaming & Entertainment,1,1,Verification,5382.64,2889.35,0.537,67283,0.0025,6.4,4,178,Annual,3,True,Retain,64753.16
CLT0416,2023-08,SMB,Southern Europe,Gaming & Entertainment,1,1,Verification,5411.52,2923.64,0.54,67644,0.0054,6.4,3,50,Annual,6,True,Retain,65288.91
CLT0416,2023-09,SMB,Southern Europe,Gaming & Entertainment,1,1,Verification,5490.8,2275.01,0.414,68635,0.0147,6.4,5,60,Annual,1,True,Retain,66858.18
CLT0416,2023-10,SMB,Southern Europe,Gaming & Entertainment,1,1,Verification,5755.68,2160.54,0.375,71946,0.0482,6.4,6,33,Annual,3,True,Retain,72397.25
CLT0416,2023-11,SMB,Southern Europe,Gaming & Entertainment,1,1,Verification,5918.24,3185.87,0.538,73978,0.0282,6.4,7,127,Annual,1,True,Retain,73021.61
CLT0417,2023-01,Mid-Market,LATAM,Healthcare,26,3,WhatsApp Business|Verification|Voice,208650.86,97672.69,0.468,1859399,0.0,7.7,4,155,Annual,8,True,Retain,2503810.32
CLT0417,2023-03,Mid-Market,LATAM,Healthcare,26,3,WhatsApp Business|Verification|Voice,102632.19,53547.7,0.522,930037,-0.5081,7.7,3,72,Annual,2,True,Retain,1231586.28
CLT0417,2023-04,Mid-Market,LATAM,Healthcare,26,3,WhatsApp Business|Verification|Voice,100755.06,54351.09,0.539,916260,-0.0183,7.7,1,95,Annual,4,True,Retain,1209060.72
CLT0417,2023-05,Mid-Market,LATAM,Healthcare,26,3,WhatsApp Business|Verification|Voice,183001.0,83924.75,0.459,1691458,0.8163,7.7,1,94,Annual,12,True,Retain,3988616.6
CLT0417,2023-06,Mid-Market,LATAM,Healthcare,26,3,WhatsApp Business|Verification|Voice,83542.73,45273.64,0.542,782333,-0.5435,7.7,3,163,Annual,7,True,Retain,1002512.76
CLT0417,2023-07,Mid-Market,LATAM,Healthcare,26,3,WhatsApp Business|Verification|Voice,80510.59,43411.06,0.539,759159,-0.0363,7.7,4,175,Annual,11,True,Retain,966127.08
CLT0417,2023-08,Mid-Market,LATAM,Healthcare,26,3,WhatsApp Business|Verification|Voice,76851.41,38721.2,0.504,720788,-0.0454,7.7,6,127,Annual,6,True,Retain,922216.92
CLT0417,2023-09,Mid-Market,LATAM,Healthcare,26,3,WhatsApp Business|Verification|Voice,72546.54,35433.47,0.488,680259,-0.056,7.7,2,85,Annual,8,True,Retain,870558.48
CLT0417,2023-10,Mid-Market,LATAM,Healthcare,26,3,WhatsApp Business|Verification|Voice,67308.83,38717.31,0.575,627138,-0.0722,7.7,4,47,Annual,6,True,Retain,807705.96
CLT0417,2023-11,Mid-Market,LATAM,Healthcare,26,3,WhatsApp Business|Verification|Voice,61443.37,24801.3,0.404,573062,-0.0871,7.7,4,121,Annual,8,True,Retain,737320.44
CLT0418,2023-01,Enterprise,DACH,Healthcare,55,4,WhatsApp Business|SMS|Verification|Voice,1033045.24,441565.41,0.427,9764318,0.0,7.2,2,32,Multi-year,2,False,Expand,12396542.88
CLT0418,2023-03,Enterprise,DACH,Healthcare,55,4,WhatsApp Business|SMS|Verification|Voice,548515.71,249117.95,0.454,5203123,-0.469,7.2,1,4,Multi-year,6,False,Retain,6582188.52
CLT0418,2023-04,Enterprise,DACH,Healthcare,55,4,WhatsApp Business|SMS|Verification|Voice,561718.31,241051.09,0.429,5383211,0.0241,7.2,2,24,Multi-year,1,False,Expand,6903068.66
CLT0418,2023-05,Enterprise,DACH,Healthcare,55,4,WhatsApp Business|SMS|Verification|Voice,1207889.07,567911.2,0.47,11479818,1.1503,7.2,2,72,Multi-year,10,False,Expand,31167886.41
CLT0418,2023-06,Enterprise,DACH,Healthcare,55,4,WhatsApp Business|SMS|Verification|Voice,637299.12,300307.83,0.471,5872062,-0.4724,7.2,3,72,Multi-year,4,False,Retain,7647589.44
CLT0418,2023-07,Enterprise,DACH,Healthcare,55,4,WhatsApp Business|SMS|Verification|Voice,664558.24,311632.42,0.469,6063427,0.0428,7.2,1,9,Multi-year,9,False,Expand,8316015.99
CLT0418,2023-08,Enterprise,DACH,Healthcare,55,4,WhatsApp Business|SMS|Verification|Voice,703760.0,377781.91,0.537,6499799,0.059,7.2,2,59,Multi-year,4,False,Expand,8943382.08
CLT0418,2023-09,Enterprise,DACH,Healthcare,55,4,WhatsApp Business|SMS|Verification|Voice,739641.08,375431.51,0.508,6978099,0.051,7.2,1,4,Multi-year,11,False,Expand,9328353.3
CLT0418,2023-10,Enterprise,DACH,Healthcare,55,4,WhatsApp Business|SMS|Verification|Voice,778758.15,408519.47,0.525,7256505,0.0529,7.2,2,73,Multi-year,6,False,Expand,9839453.47
CLT0418,2023-11,Enterprise,DACH,Healthcare,55,4,WhatsApp Business|SMS|Verification|Voice,805770.09,359212.28,0.446,7622611,0.0347,7.2,3,7,Multi-year,8,False,Expand,10004763.75
CLT0419,2023-01,Mid-Market,APAC,Fintech,9,2,SMS|Verification,127281.04,61632.56,0.484,2144694,0.0,5.6,3,80,Multi-year,4,False,Retain,1527372.48
CLT0419,2023-03,Mid-Market,APAC,Fintech,9,2,SMS|Verification,67053.0,32361.63,0.483,1136958,-0.4732,5.6,0,30,Multi-year,8,False,Retain,804636.0
CLT0419,2023-04,Mid-Market,APAC,Fintech,9,2,SMS|Verification,68848.44,37218.25,0.541,1171059,0.0268,5.6,5,58,Multi-year,4,False,Retain,848322.94
CLT0419,2023-05,Mid-Market,APAC,Fintech,9,2,SMS|Verification,137077.04,65786.89,0.48,2383143,0.991,5.6,4,14,Multi-year,3,False,Retain,3275044.64
CLT0419,2023-06,Mid-Market,APAC,Fintech,9,2,SMS|Verification,70029.88,37406.81,0.534,1219890,-0.4891,5.6,0,79,Multi-year,8,False,Retain,840358.56
CLT0419,2023-07,Mid-Market,APAC,Fintech,9,2,SMS|Verification,70637.44,30857.87,0.437,1255447,0.0087,5.6,2,25,Multi-year,5,False,Retain,855023.83
CLT0419,2023-08,Mid-Market,APAC,Fintech,9,2,SMS|Verification,74245.44,31626.93,0.426,1300671,0.0511,5.6,3,11,Multi-year,12,False,Retain,936472.58
CLT0419,2023-09,Mid-Market,APAC,Fintech,9,2,SMS|Verification,77809.8,34993.39,0.45,1375740,0.048,5.6,1,40,Multi-year,9,False,Retain,978536.04
CLT0419,2023-10,Mid-Market,APAC,Fintech,9,2,SMS|Verification,79628.76,40986.34,0.515,1415947,0.0234,5.6,5,44,Multi-year,1,False,Retain,977904.88
CLT0419,2023-11,Mid-Market,APAC,Fintech,9,2,SMS|Verification,78314.08,43186.85,0.551,1380202,-0.0165,5.6,3,21,Multi-year,11,False,Retain,939768.96
CLT0420,2023-01,SMB,APAC,Logistics,24,1,SMS,84833.72,35743.07,0.421,2120843,0.0,7.4,1,89,Annual,8,False,Nurture,1018004.64
CLT0420,2023-03,SMB,APAC,Logistics,24,1,SMS,46077.44,19056.43,0.414,1151936,-0.4568,7.4,1,86,Annual,6,False,Retain,552929.28
CLT0420,2023-04,SMB,APAC,Logistics,24,1,SMS,47094.56,20224.71,0.429,1177364,0.0221,7.4,2,78,Annual,11,False,Nurture,577624.2
CLT0420,2023-05,SMB,APAC,Logistics,24,1,SMS,96137.56,45403.48,0.472,2403439,1.0414,7.4,4,90,Annual,1,False,Upsell,2355062.58
CLT0420,2023-06,SMB,APAC,Logistics,24,1,SMS,46518.72,16349.92,0.351,1162968,-0.5161,7.4,2,68,Annual,3,False,Retain,558224.64
CLT0420,2023-07,SMB,APAC,Logistics,24,1,SMS,49562.04,26963.16,0.544,1239051,0.0654,7.4,1,53,Annual,9,False,Upsell,633640.77
CLT0420,2023-08,SMB,APAC,Logistics,24,1,SMS,52344.36,23257.69,0.444,1308609,0.0561,7.4,2,3,Annual,1,False,Upsell,663370.54
CLT0420,2023-09,SMB,APAC,Logistics,24,1,SMS,58163.2,32090.33,0.552,1454080,0.1112,7.4,3,78,Annual,1,False,Upsell,775571.37
CLT0420,2023-10,SMB,APAC,Logistics,24,1,SMS,63674.04,26170.6,0.411,1591851,0.0947,7.4,1,61,Annual,3,False,Upsell,836447.66
CLT0420,2023-11,SMB,APAC,Logistics,24,1,SMS,65698.92,31114.47,0.474,1642473,0.0318,7.4,2,23,Annual,1,False,Upsell,813457.75
CLT0421,2023-01,Enterprise,Nordics,Healthcare,40,4,SMS|Voice|Verification|WhatsApp Business,1471099.06,657420.62,0.447,14006545,0.0,8.3,5,72,Annual,11,False,Expand,17653188.72
CLT0421,2023-03,Enterprise,Nordics,Healthcare,40,4,SMS|Voice|Verification|WhatsApp Business,794915.11,342784.39,0.431,7456553,-0.4596,8.3,0,81,Annual,8,False,Retain,9538981.32
CLT0421,2023-04,Enterprise,Nordics,Healthcare,40,4,SMS|Voice|Verification|WhatsApp Business,828009.99,431579.8,0.521,7846391,0.0416,8.3,2,11,Annual,3,False,Expand,10349462.47
CLT0421,2023-05,Enterprise,Nordics,Healthcare,40,4,SMS|Voice|Verification|WhatsApp Business,1733493.47,747207.05,0.431,16310097,1.0936,8.3,0,16,Annual,9,False,Expand,43550903.15
CLT0421,2023-06,Enterprise,Nordics,Healthcare,40,4,SMS|Voice|Verification|WhatsApp Business,953364.48,495190.69,0.519,8883201,-0.45,8.3,0,75,Annual,5,False,Retain,11440373.76
CLT0421,2023-07,Enterprise,Nordics,Healthcare,40,4,SMS|Voice|Verification|WhatsApp Business,1002756.28,469322.76,0.468,9219825,0.0518,8.3,0,45,Annual,3,False,Expand,12656388.66
CLT0421,2023-08,Enterprise,Nordics,Healthcare,40,4,SMS|Voice|Verification|WhatsApp Business,1026939.98,490606.14,0.478,9658316,0.0241,8.3,2,32,Annual,10,False,Expand,12620270.8
CLT0421,2023-09,Enterprise,Nordics,Healthcare,40,4,SMS|Voice|Verification|WhatsApp Business,1059782.75,527061.94,0.497,9535901,0.032,8.3,1,83,Annual,12,False,Expand,13124349.58
CLT0421,2023-10,Enterprise,Nordics,Healthcare,40,4,SMS|Voice|Verification|WhatsApp Business,1073210.63,454789.67,0.424,9689000,0.0127,8.3,3,42,Annual,10,False,Expand,13042084.86
CLT0421,2023-11,Enterprise,Nordics,Healthcare,40,4,SMS|Voice|Verification|WhatsApp Business,1079214.02,415981.0,0.385,9783962,0.0056,8.3,2,53,Annual,1,False,Expand,13023091.42
CLT0422,2023-01,Enterprise,Nordics,Fintech,44,2,Verification|Voice,192866.8,78161.07,0.405,1663707,0.0,8.0,2,17,Annual,4,False,Nurture,2314401.6
CLT0422,2023-03,Enterprise,Nordics,Fintech,44,2,Verification|Voice,96003.2,35549.08,0.37,828701,-0.5022,8.0,2,27,Annual,2,False,Retain,1152038.4
CLT0422,2023-04,Enterprise,Nordics,Fintech,44,2,Verification|Voice,99550.12,52666.75,0.529,859770,0.0369,8.0,5,42,Annual,10,False,Upsell,1238682.23
CLT0422,2023-05,Enterprise,Nordics,Fintech,44,2,Verification|Voice,193668.88,72442.39,0.374,1671713,0.9454,8.0,4,80,Annual,9,False,Upsell,4521161.27
CLT0422,2023-06,Enterprise,Nordics,Fintech,44,2,Verification|Voice,98397.72,45939.4,0.467,847999,-0.4919,8.0,4,60,Annual,6,False,Retain,1180772.64
CLT0422,2023-07,Enterprise,Nordics,Fintech,44,2,Verification|Voice,96433.48,33971.3,0.352,832521,-0.02,8.0,1,15,Annual,8,False,Nurture,1157201.76
CLT0422,2023-08,Enterprise,Nordics,Fintech,44,2,Verification|Voice,94942.56,37020.26,0.39,819568,-0.0155,8.0,0,47,Annual,8,False,Nurture,1139310.72
CLT0422,2023-09,Enterprise,Nordics,Fintech,44,2,Verification|Voice,103106.6,42887.55,0.416,886596,0.086,8.0,2,80,Annual,1,False,Upsell,1343685.21
CLT0422,2023-10,Enterprise,Nordics,Fintech,44,2,Verification|Voice,100922.48,49033.95,0.486,869452,-0.0212,8.0,7,26,Annual,3,False,Retain,1211069.76
CLT0422,2023-11,Enterprise,Nordics,Fintech,44,2,Verification|Voice,103873.32,58337.32,0.562,893563,0.0292,8.0,1,26,Annual,1,False,Nurture,1282877.05
CLT0423,2023-01,Mid-Market,UK & Ireland,Technology & SaaS,33,2,Verification|SMS,93891.08,49181.9,0.524,2185713,0.0,6.1,1,71,Monthly,9,False,Nurture,1126692.96
CLT0423,2023-03,Mid-Market,UK & Ireland,Technology & SaaS,33,2,Verification|SMS,46764.12,21625.54,0.462,1081190,-0.5019,6.1,2,69,Monthly,1,False,Retain,561169.44
CLT0423,2023-04,Mid-Market,UK & Ireland,Technology & SaaS,33,2,Verification|SMS,46224.44,22492.67,0.487,1062365,-0.0115,6.1,1,56,Monthly,1,False,Nurture,554693.28
CLT0423,2023-05,Mid-Market,UK & Ireland,Technology & SaaS,33,2,Verification|SMS,91239.4,40807.9,0.447,2079671,0.9738,6.1,1,78,Monthly,5,False,Nurture,2161059.93
CLT0423,2023-06,Mid-Market,UK & Ireland,Technology & SaaS,33,2,Verification|SMS,45867.48,17293.76,0.377,1032983,-0.4973,6.1,0,9,Monthly,8,False,Retain,550409.76
CLT0423,2023-07,Mid-Market,UK & Ireland,Technology & SaaS,33,2,Verification|SMS,45490.76,17866.33,0.393,1024349,-0.0082,6.1,1,44,Monthly,1,False,Nurture,545889.12
CLT0423,2023-08,Mid-Market,UK & Ireland,Technology & SaaS,33,2,Verification|SMS,43363.44,20681.64,0.477,961402,-0.0468,6.1,0,22,Monthly,12,False,Nurture,520361.28
CLT0423,2023-09,Mid-Market,UK & Ireland,Technology & SaaS,33,2,Verification|SMS,45587.76,18634.35,0.409,1007379,0.0513,6.1,2,36,Monthly,2,False,Nurture,575116.95
CLT0423,2023-10,Mid-Market,UK & Ireland,Technology & SaaS,33,2,Verification|SMS,50011.36,23515.06,0.47,1108238,0.097,6.1,6,29,Monthly,1,False,Retain,658349.54
CLT0423,2023-11,Mid-Market,UK & Ireland,Technology & SaaS,33,2,Verification|SMS,52566.84,28247.98,0.537,1159300,0.0511,6.1,1,7,Monthly,8,False,Nurture,663036.07
CLT0424,2023-01,SMB,North America,Retail & E-commerce,20,1,Email,6768.59,3361.55,0.497,1353719,0.0,6.2,7,66,Monthly,11,False,Retain,81223.08
CLT0424,2023-03,SMB,North America,Retail & E-commerce,20,1,Email,3517.55,1890.76,0.538,703510,-0.4803,6.2,1,70,Monthly,7,False,Retain,42210.6
CLT0424,2023-04,SMB,North America,Retail & E-commerce,20,1,Email,3664.47,2058.02,0.562,732894,0.0418,6.2,2,64,Monthly,11,False,Nurture,45811.74
CLT0424,2023-05,SMB,North America,Retail & E-commerce,20,1,Email,7615.0,3231.75,0.424,1522999,1.0781,6.2,1,45,Monthly,9,False,Nurture,189896.78
CLT0424,2023-06,SMB,North America,Retail & E-commerce,20,1,Email,4218.62,1588.89,0.377,843724,-0.446,6.2,4,90,Monthly,8,False,Retain,50623.44
CLT0424,2023-07,SMB,North America,Retail & E-commerce,20,1,Email,4128.68,2211.1,0.536,825736,-0.0213,6.2,3,42,Monthly,6,False,Nurture,49544.16
CLT0424,2023-08,SMB,North America,Retail & E-commerce,20,1,Email,4404.89,2384.05,0.541,880977,0.0669,6.2,2,88,Monthly,9,False,Nurture,56394.93
CLT0424,2023-09,SMB,North America,Retail & E-commerce,20,1,Email,4555.18,2028.97,0.445,911035,0.0341,6.2,1,44,Monthly,1,False,Nurture,56526.14
CLT0424,2023-10,SMB,North America,Retail & E-commerce,20,1,Email,5075.38,2761.47,0.544,1015075,0.1142,6.2,3,76,Monthly,6,False,Nurture,67859.86
CLT0424,2023-11,SMB,North America,Retail & E-commerce,20,1,Email,5338.28,2594.27,0.486,1067657,0.0518,6.2,3,74,Monthly,2,False,Nurture,67377.63
CLT0425,2023-01,Enterprise,Southern Europe,Technology & SaaS,51,4,Verification|SMS|Voice|Email,294904.35,147227.75,0.499,18287980,0.0,7.5,2,39,Multi-year,6,False,Expand,3538852.2
CLT0425,2023-03,Enterprise,Southern Europe,Technology & SaaS,51,4,Verification|SMS|Voice|Email,150609.26,75041.5,0.498,9044688,-0.4893,7.5,2,6,Multi-year,5,False,Retain,1807311.12
CLT0425,2023-04,Enterprise,Southern Europe,Technology & SaaS,51,4,Verification|SMS|Voice|Email,150385.84,79483.04,0.529,8730713,-0.0015,7.5,3,80,Multi-year,8,False,Nurture,1804630.08
CLT0425,2023-05,Enterprise,Southern Europe,Technology & SaaS,51,4,Verification|SMS|Voice|Email,314170.07,135999.09,0.433,19035171,1.0891,7.5,4,23,Multi-year,4,False,Expand,7875992.32
CLT0425,2023-06,Enterprise,Southern Europe,Technology & SaaS,51,4,Verification|SMS|Voice|Email,174065.08,91345.52,0.525,10190570,-0.446,7.5,3,51,Multi-year,7,False,Retain,2088780.96
CLT0425,2023-07,Enterprise,Southern Europe,Technology & SaaS,51,4,Verification|SMS|Voice|Email,176761.32,72259.04,0.409,10336174,0.0155,7.5,3,80,Multi-year,5,False,Expand,2154013.45
CLT0425,2023-08,Enterprise,Southern Europe,Technology & SaaS,51,4,Verification|SMS|Voice|Email,179097.62,99647.0,0.556,10291105,0.0132,7.5,4,87,Multi-year,7,False,Expand,2177540.5
CLT0425,2023-09,Enterprise,Southern Europe,Technology & SaaS,51,4,Verification|SMS|Voice|Email,182868.42,74280.65,0.406,10241688,0.0211,7.5,3,17,Multi-year,8,False,Expand,2240723.32
CLT0425,2023-10,Enterprise,Southern Europe,Technology & SaaS,51,4,Verification|SMS|Voice|Email,187496.02,93843.06,0.501,10851709,0.0253,7.5,2,23,Multi-year,9,False,Expand,2306876.03
CLT0425,2023-11,Enterprise,Southern Europe,Technology & SaaS,51,4,Verification|SMS|Voice|Email,200828.88,86865.59,0.433,11522659,0.0711,7.5,2,55,Multi-year,6,False,Expand,2581293.76
CLT0426,2023-01,SMB,APAC,Retail & E-commerce,17,3,SMS|WhatsApp Business|Email,222916.98,110779.64,0.497,7426712,0.0,7.2,3,14,Monthly,9,False,Nurture,2675003.76
CLT0426,2023-03,SMB,APAC,Retail & E-commerce,17,3,SMS|WhatsApp Business|Email,120719.11,54338.49,0.45,3968899,-0.4585,7.2,2,16,Monthly,5,False,Retain,1448629.32
CLT0426,2023-04,SMB,APAC,Retail & E-commerce,17,3,SMS|WhatsApp Business|Email,125076.43,59555.47,0.476,3993024,0.0361,7.2,1,89,Monthly,3,False,Upsell,1555100.27
CLT0426,2023-05,SMB,APAC,Retail & E-commerce,17,3,SMS|WhatsApp Business|Email,257408.07,113956.28,0.443,8059438,1.058,7.2,2,6,Monthly,5,False,Upsell,6356949.7
CLT0426,2023-06,SMB,APAC,Retail & E-commerce,17,3,SMS|WhatsApp Business|Email,131466.41,58466.11,0.445,4266861,-0.4893,7.2,1,29,Monthly,11,False,Retain,1577596.92
CLT0426,2023-07,SMB,APAC,Retail & E-commerce,17,3,SMS|WhatsApp Business|Email,127957.72,72904.67,0.57,4276173,-0.0267,7.2,0,71,Monthly,5,False,Nurture,1535492.64
CLT0426,2023-08,SMB,APAC,Retail & E-commerce,17,3,SMS|WhatsApp Business|Email,131795.42,58160.58,0.441,4356079,0.03,7.2,1,85,Monthly,6,False,Nurture,1628991.39
CLT0426,2023-09,SMB,APAC,Retail & E-commerce,17,3,SMS|WhatsApp Business|Email,134564.82,60676.8,0.451,4409595,0.021,7.2,1,6,Monthly,11,False,Nurture,1648688.17
CLT0426,2023-10,SMB,APAC,Retail & E-commerce,17,3,SMS|WhatsApp Business|Email,138026.03,71462.58,0.518,4683944,0.0257,7.2,2,89,Monthly,5,False,Nurture,1698879.59
CLT0426,2023-11,SMB,APAC,Retail & E-commerce,17,3,SMS|WhatsApp Business|Email,145945.96,57602.28,0.395,4773403,0.0574,7.2,5,52,Monthly,3,False,Upsell,1851879.1
CLT0427,2023-01,Mid-Market,Nordics,Retail & E-commerce,11,2,Email|SMS,282852.25,135313.47,0.478,19779044,0.0,5.9,1,14,Annual,8,False,Retain,3394227.0
CLT0427,2023-03,Mid-Market,Nordics,Retail & E-commerce,11,2,Email|SMS,152306.76,58798.8,0.386,10725776,-0.4615,5.9,2,50,Annual,5,False,Retain,1827681.12
CLT0427,2023-04,Mid-Market,Nordics,Retail & E-commerce,11,2,Email|SMS,164001.46,82754.1,0.505,11581375,0.0768,5.9,1,85,Annual,4,False,Retain,2119161.27
CLT0427,2023-05,Mid-Market,Nordics,Retail & E-commerce,11,2,Email|SMS,326244.95,171219.5,0.525,23318304,0.9893,5.9,4,38,Annual,10,False,Retain,7787988.95
CLT0427,2023-06,Mid-Market,Nordics,Retail & E-commerce,11,2,Email|SMS,173857.61,90813.95,0.522,12763593,-0.4671,5.9,0,26,Annual,10,False,Retain,2086291.32
CLT0427,2023-07,Mid-Market,Nordics,Retail & E-commerce,11,2,Email|SMS,183610.52,75114.53,0.409,13082145,0.0561,5.9,1,37,Annual,2,False,Retain,2326932.84
CLT0427,2023-08,Mid-Market,Nordics,Retail & E-commerce,11,2,Email|SMS,190766.72,70807.54,0.371,13514786,0.039,5.9,3,55,Annual,12,False,Retain,2378479.46
CLT0427,2023-09,Mid-Market,Nordics,Retail & E-commerce,11,2,Email|SMS,196614.88,78061.95,0.397,14065030,0.0307,5.9,1,49,Annual,8,False,Retain,2431811.48
CLT0427,2023-10,Mid-Market,Nordics,Retail & E-commerce,11,2,Email|SMS,202221.82,104468.46,0.517,14171950,0.0285,5.9,1,33,Annual,1,False,Retain,2495821.7
CLT0427,2023-11,Mid-Market,Nordics,Retail & E-commerce,11,2,Email|SMS,209304.53,117944.78,0.564,14525688,0.035,5.9,2,57,Annual,9,False,Retain,2599562.26
CLT0428,2023-01,Mid-Market,APAC,Fintech,17,3,Verification|Voice|SMS,428690.52,184786.4,0.431,6926810,0.0,6.9,0,87,Annual,9,False,Nurture,5144286.24
CLT0428,2023-03,Mid-Market,APAC,Fintech,17,3,Verification|Voice|SMS,239887.88,123108.3,0.513,3900112,-0.4404,6.9,1,87,Annual,12,False,Retain,2878654.56
CLT0428,2023-04,Mid-Market,APAC,Fintech,17,3,Verification|Voice|SMS,239712.08,125208.64,0.522,3910725,-0.0007,6.9,3,54,Annual,10,False,Nurture,2876544.96
CLT0428,2023-05,Mid-Market,APAC,Fintech,17,3,Verification|Voice|SMS,502329.8,206488.08,0.411,8230892,1.0956,6.9,3,66,Annual,12,False,Nurture,12632187.95
CLT0428,2023-06,Mid-Market,APAC,Fintech,17,3,Verification|Voice|SMS,250121.8,137779.64,0.551,4177878,-0.5021,6.9,3,90,Annual,6,False,Retain,3001461.6
CLT0428,2023-07,Mid-Market,APAC,Fintech,17,3,Verification|Voice|SMS,257109.84,130734.93,0.508,4325608,0.0279,6.9,1,69,Annual,6,False,Nurture,3171398.45
CLT0428,2023-08,Mid-Market,APAC,Fintech,17,3,Verification|Voice|SMS,268838.92,138060.11,0.514,4534329,0.0456,6.9,3,58,Annual,5,False,Nurture,3373175.7
CLT0428,2023-09,Mid-Market,APAC,Fintech,17,3,Verification|Voice|SMS,275261.4,131291.92,0.477,4634744,0.0239,6.9,0,80,Annual,2,False,Nurture,3382081.77
CLT0428,2023-10,Mid-Market,APAC,Fintech,17,3,Verification|Voice|SMS,273715.28,133484.17,0.488,4606446,-0.0056,6.9,3,12,Annual,1,False,Nurture,3284583.36
CLT0428,2023-11,Mid-Market,APAC,Fintech,17,3,Verification|Voice|SMS,270531.0,111092.75,0.411,4521806,-0.0116,6.9,3,51,Annual,11,False,Nurture,3246372.0
CLT0429,2023-01,Enterprise,LATAM,Fintech,21,2,SMS|Verification,730951.68,363156.07,0.497,13596678,0.0,8.5,1,56,Annual,8,False,Nurture,8771420.16
CLT0429,2023-03,Enterprise,LATAM,Fintech,21,2,SMS|Verification,374788.24,167669.58,0.447,6847570,-0.4873,8.5,1,83,Annual,3,False,Retain,4497458.88
CLT0429,2023-04,Enterprise,LATAM,Fintech,21,2,SMS|Verification,387467.56,174135.8,0.449,7128287,0.0338,8.5,4,55,Annual,5,False,Upsell,4806767.56
CLT0429,2023-05,Enterprise,LATAM,Fintech,21,2,SMS|Verification,788683.8,379180.17,0.481,14421354,1.0355,8.5,0,12,Annual,9,False,Upsell,19264390.5
CLT0429,2023-06,Enterprise,LATAM,Fintech,21,2,SMS|Verification,438722.52,236352.69,0.539,7993196,-0.4437,8.5,4,58,Annual,10,False,Retain,5264670.24
CLT0429,2023-07,Enterprise,LATAM,Fintech,21,2,SMS|Verification,418538.04,229256.68,0.548,7554150,-0.046,8.5,1,31,Annual,11,False,Nurture,5022456.48
CLT0429,2023-08,Enterprise,LATAM,Fintech,21,2,SMS|Verification,401610.16,155256.49,0.387,7359524,-0.0404,8.5,3,75,Annual,8,False,Nurture,4819321.92
CLT0429,2023-09,Enterprise,LATAM,Fintech,21,2,SMS|Verification,381602.72,194812.32,0.511,7080481,-0.0498,8.5,1,69,Annual,10,False,Nurture,4579232.64
CLT0429,2023-10,Enterprise,LATAM,Fintech,21,2,SMS|Verification,371428.52,194613.1,0.524,6692548,-0.0267,8.5,2,41,Annual,4,False,Nurture,4457142.24
CLT0429,2023-11,Enterprise,LATAM,Fintech,21,2,SMS|Verification,362452.48,175588.44,0.484,6469310,-0.0242,8.5,1,59,Annual,8,False,Nurture,4349429.76
CLT0430,2023-01,SMB,Nordics,Technology & SaaS,20,3,Verification|SMS|Email,42780.62,21354.01,0.499,2671533,0.0,7.0,1,7,Monthly,2,False,Nurture,513367.44
CLT0430,2023-03,SMB,Nordics,Technology & SaaS,20,3,Verification|SMS|Email,20563.31,9720.15,0.473,1298351,-0.5193,7.0,2,21,Monthly,5,False,Retain,246759.72
CLT0430,2023-04,SMB,Nordics,Technology & SaaS,20,3,Verification|SMS|Email,20986.28,11397.23,0.543,1354333,0.0206,7.0,2,74,Monthly,4,False,Nurture,257023.17
CLT0430,2023-05,SMB,Nordics,Technology & SaaS,20,3,Verification|SMS|Email,46057.54,20846.51,0.453,2976894,1.1947,7.0,1,15,Monthly,7,False,Upsell,1212989.8
CLT0430,2023-06,SMB,Nordics,Technology & SaaS,20,3,Verification|SMS|Email,24296.14,12691.78,0.522,1525542,-0.4725,7.0,1,35,Monthly,6,False,Retain,291553.68
CLT0430,2023-07,SMB,Nordics,Technology & SaaS,20,3,Verification|SMS|Email,24733.99,11586.13,0.468,1571499,0.018,7.0,4,87,Monthly,11,False,Nurture,302150.42
CLT0430,2023-08,SMB,Nordics,Technology & SaaS,20,3,Verification|SMS|Email,25070.19,10874.46,0.434,1612325,0.0136,7.0,1,77,Monthly,9,False,Nurture,304933.74
CLT0430,2023-09,SMB,Nordics,Technology & SaaS,20,3,Verification|SMS|Email,25605.02,12941.82,0.505,1647908,0.0213,7.0,2,19,Monthly,5,False,Nurture,313804.88
CLT0430,2023-10,SMB,Nordics,Technology & SaaS,20,3,Verification|SMS|Email,27018.45,13857.12,0.513,1709026,0.0552,7.0,2,32,Monthly,8,False,Upsell,342118.42
CLT0430,2023-11,SMB,Nordics,Technology & SaaS,20,3,Verification|SMS|Email,28077.8,15362.47,0.547,1751133,0.0392,7.0,0,70,Monthly,1,False,Upsell,350141.4
CLT0431,2023-01,SMB,Southern Europe,Retail & E-commerce,14,1,WhatsApp Business,13725.8,6182.27,0.45,24956,0.0,6.1,2,35,Monthly,8,False,Nurture,164709.6
CLT0431,2023-03,SMB,Southern Europe,Retail & E-commerce,14,1,WhatsApp Business,7017.45,3281.17,0.468,12759,-0.4887,6.1,0,1,Monthly,5,False,Retain,84209.4
CLT0431,2023-04,SMB,Southern Europe,Retail & E-commerce,14,1,WhatsApp Business,6959.7,3131.77,0.45,12654,-0.0082,6.1,1,6,Monthly,8,False,Nurture,83516.4
CLT0431,2023-05,SMB,Southern Europe,Retail & E-commerce,14,1,WhatsApp Business,14663.55,6945.89,0.474,26661,1.1069,6.1,2,81,Monthly,10,False,Nurture,370735.6
CLT0431,2023-06,SMB,Southern Europe,Retail & E-commerce,14,1,WhatsApp Business,7838.6,4620.72,0.589,14252,-0.4654,6.1,3,26,Monthly,7,False,Retain,94063.2
CLT0431,2023-07,SMB,Southern Europe,Retail & E-commerce,14,1,WhatsApp Business,7889.2,2852.22,0.362,14344,0.0065,6.1,0,45,Monthly,2,False,Nurture,95285.76
CLT0431,2023-08,SMB,Southern Europe,Retail & E-commerce,14,1,WhatsApp Business,8225.8,4086.46,0.497,14956,0.0427,6.1,1,66,Monthly,8,False,Nurture,102924.5
CLT0431,2023-09,SMB,Southern Europe,Retail & E-commerce,14,1,WhatsApp Business,8381.45,4391.38,0.524,15239,0.0189,6.1,2,48,Monthly,7,False,Nurture,102478.31
CLT0431,2023-10,SMB,Southern Europe,Retail & E-commerce,14,1,WhatsApp Business,8946.3,3815.27,0.426,16266,0.0674,6.1,0,75,Monthly,3,False,Nurture,114591.37
CLT0431,2023-11,SMB,Southern Europe,Retail & E-commerce,14,1,WhatsApp Business,9353.3,5335.89,0.57,17006,0.0455,6.1,3,56,Monthly,12,False,Nurture,117346.5
CLT0432,2023-01,Enterprise,APAC,Fintech,40,4,Voice|SMS|Verification|WhatsApp Business,890428.46,399866.8,0.449,14373971,0.0,8.7,1,76,Annual,3,False,Expand,10685141.52
CLT0432,2023-03,Enterprise,APAC,Fintech,40,4,Voice|SMS|Verification|WhatsApp Business,495224.4,206307.44,0.417,7945312,-0.4438,8.7,3,7,Annual,4,False,Retain,5942692.8
CLT0432,2023-04,Enterprise,APAC,Fintech,40,4,Voice|SMS|Verification|WhatsApp Business,501300.19,212801.21,0.424,8000016,0.0123,8.7,4,86,Annual,12,False,Expand,6089594.19
CLT0432,2023-05,Enterprise,APAC,Fintech,40,4,Voice|SMS|Verification|WhatsApp Business,1067812.44,544040.36,0.509,17200027,1.1301,8.7,3,21,Annual,8,False,Expand,27294567.34
CLT0432,2023-06,Enterprise,APAC,Fintech,40,4,Voice|SMS|Verification|WhatsApp Business,572024.11,281223.74,0.492,9366009,-0.4643,8.7,1,27,Annual,6,False,Retain,6864289.32
CLT0432,2023-07,Enterprise,APAC,Fintech,40,4,Voice|SMS|Verification|WhatsApp Business,599038.47,275524.11,0.46,9837960,0.0472,8.7,3,64,Annual,2,False,Expand,7527757.03
CLT0432,2023-08,Enterprise,APAC,Fintech,40,4,Voice|SMS|Verification|WhatsApp Business,625304.56,293975.86,0.47,10364267,0.0438,8.7,1,19,Annual,6,False,Expand,7832314.8
CLT0432,2023-09,Enterprise,APAC,Fintech,40,4,Voice|SMS|Verification|WhatsApp Business,675710.22,314611.88,0.466,11136521,0.0806,8.7,1,50,Annual,8,False,Expand,8762069.56
CLT0432,2023-10,Enterprise,APAC,Fintech,40,4,Voice|SMS|Verification|WhatsApp Business,687293.55,320110.3,0.466,11485162,0.0171,8.7,1,24,Annual,2,False,Expand,8388555.24
CLT0432,2023-11,Enterprise,APAC,Fintech,40,4,Voice|SMS|Verification|WhatsApp Business,703966.86,336107.52,0.477,11859886,0.0243,8.7,3,20,Annual,4,False,Expand,8652879.06
CLT0433,2023-01,SMB,DACH,Fintech,22,1,SMS,94367.24,46573.58,0.494,2359181,0.0,7.2,0,1,Monthly,1,False,Nurture,1132406.88
CLT0433,2023-03,SMB,DACH,Fintech,22,1,SMS,51399.8,18385.93,0.358,1284995,-0.4553,7.2,2,71,Monthly,6,False,Retain,616797.6
CLT0433,2023-04,SMB,DACH,Fintech,22,1,SMS,57008.48,29831.5,0.523,1425212,0.1091,7.2,0,59,Monthly,11,False,Upsell,758737.26
CLT0433,2023-05,SMB,DACH,Fintech,22,1,SMS,129135.84,62976.3,0.488,3228396,1.2652,7.2,3,65,Monthly,10,False,Upsell,3510222.06
CLT0433,2023-06,SMB,DACH,Fintech,22,1,SMS,72964.48,32247.67,0.442,1824112,-0.435,7.2,5,45,Monthly,10,False,Retain,875573.76
CLT0433,2023-07,SMB,DACH,Fintech,22,1,SMS,71581.84,37539.43,0.524,1789546,-0.0189,7.2,2,15,Monthly,6,False,Nurture,858982.08
CLT0433,2023-08,SMB,DACH,Fintech,22,1,SMS,73646.04,31440.42,0.427,1841151,0.0288,7.2,1,30,Monthly,3,False,Nurture,909204.55
CLT0433,2023-09,SMB,DACH,Fintech,22,1,SMS,74622.84,33792.07,0.453,1865571,0.0133,7.2,3,40,Monthly,3,False,Nurture,907383.89
CLT0433,2023-10,SMB,DACH,Fintech,22,1,SMS,81987.8,43075.4,0.525,2049695,0.0987,7.2,2,44,Monthly,7,False,Upsell,1080959.95
CLT0433,2023-11,SMB,DACH,Fintech,22,1,SMS,84805.8,49568.56,0.584,2120145,0.0344,7.2,2,49,Monthly,1,False,Upsell,1052677.43
CLT0434,2023-01,SMB,LATAM,Gaming & Entertainment,18,3,SMS|Verification|Email,37106.49,18052.2,0.486,1292847,0.0,6.6,5,31,Annual,10,True,Retain,445277.88
CLT0434,2023-03,SMB,LATAM,Gaming & Entertainment,18,3,SMS|Verification|Email,16511.35,7878.14,0.477,570148,-0.555,6.6,0,168,Annual,12,True,Retain,198136.2
CLT0434,2023-04,SMB,LATAM,Gaming & Entertainment,18,3,SMS|Verification|Email,15253.62,7665.36,0.503,533695,-0.0762,6.6,6,30,Annual,6,True,Retain,183043.44
CLT0434,2023-05,SMB,LATAM,Gaming & Entertainment,18,3,SMS|Verification|Email,28950.17,14975.03,0.517,987233,0.8979,6.6,3,155,Annual,9,True,Retain,659334.33
CLT0434,2023-06,SMB,LATAM,Gaming & Entertainment,18,3,SMS|Verification|Email,13848.53,6785.51,0.49,439410,-0.5216,6.6,2,84,Annual,7,True,Retain,166182.36
CLT0434,2023-07,SMB,LATAM,Gaming & Entertainment,18,3,SMS|Verification|Email,12744.56,5669.74,0.445,397977,-0.0797,6.6,5,41,Annual,12,True,Retain,152934.72
CLT0434,2023-08,SMB,LATAM,Gaming & Entertainment,18,3,SMS|Verification|Email,12629.23,6501.78,0.515,378698,-0.009,6.6,1,82,Annual,1,True,Retain,151550.76
CLT0434,2023-09,SMB,LATAM,Gaming & Entertainment,18,3,SMS|Verification|Email,11713.03,5004.81,0.427,350795,-0.0725,6.6,1,81,Annual,5,True,Retain,140556.36
CLT0434,2023-10,SMB,LATAM,Gaming & Entertainment,18,3,SMS|Verification|Email,11238.57,4696.83,0.418,323686,-0.0405,6.6,3,48,Annual,4,True,Retain,134862.84
CLT0434,2023-11,SMB,LATAM,Gaming & Entertainment,18,3,SMS|Verification|Email,10350.11,5711.73,0.552,299622,-0.0791,6.6,4,133,Annual,6,True,Retain,124201.32
CLT0435,2023-01,Mid-Market,Nordics,Logistics,24,2,SMS|Voice,259709.44,130323.05,0.502,4282460,0.0,7.6,0,84,Annual,4,False,Nurture,3116513.28
CLT0435,2023-03,Mid-Market,Nordics,Logistics,24,2,SMS|Voice,132233.28,54795.18,0.414,2182880,-0.4908,7.6,4,17,Annual,10,False,Retain,1586799.36
CLT0435,2023-04,Mid-Market,Nordics,Logistics,24,2,SMS|Voice,137313.12,68116.89,0.496,2283996,0.0384,7.6,1,66,Annual,6,False,Upsell,1711031.33
CLT0435,2023-05,Mid-Market,Nordics,Logistics,24,2,SMS|Voice,288686.56,109940.0,0.381,4774752,1.1024,7.6,3,56,Annual,12,False,Upsell,7283215.48
CLT0435,2023-06,Mid-Market,Nordics,Logistics,24,2,SMS|Voice,146804.44,74485.64,0.507,2445655,-0.4915,7.6,1,69,Annual,5,False,Retain,1761653.28
CLT0435,2023-07,Mid-Market,Nordics,Logistics,24,2,SMS|Voice,156694.2,70870.23,0.452,2656753,0.0674,7.6,0,79,Annual,11,False,Upsell,2007064.67
CLT0435,2023-08,Mid-Market,Nordics,Logistics,24,2,SMS|Voice,163546.84,83388.67,0.51,2775715,0.0437,7.6,0,78,Annual,8,False,Upsell,2048326.04
CLT0435,2023-09,Mid-Market,Nordics,Logistics,24,2,SMS|Voice,165762.96,79550.7,0.48,2804348,0.0136,7.6,1,57,Annual,1,False,Nurture,2016208.04
CLT0435,2023-10,Mid-Market,Nordics,Logistics,24,2,SMS|Voice,172350.96,77553.25,0.45,2871270,0.0397,7.6,2,64,Annual,1,False,Upsell,2150319.52
CLT0435,2023-11,Mid-Market,Nordics,Logistics,24,2,SMS|Voice,180433.72,82313.89,0.456,2955049,0.0469,7.6,1,55,Annual,1,False,Upsell,2266752.74
CLT0436,2023-01,Mid-Market,Southern Europe,Technology & SaaS,22,3,Email|SMS|Verification,325459.73,153302.69,0.471,19661472,0.0,7.0,2,4,Monthly,8,False,Nurture,3905516.76
CLT0436,2023-03,Mid-Market,Southern Europe,Technology & SaaS,22,3,Email|SMS|Verification,165065.17,70957.66,0.43,9583859,-0.4928,7.0,2,35,Monthly,7,False,Retain,1980782.04
CLT0436,2023-04,Mid-Market,Southern Europe,Technology & SaaS,22,3,Email|SMS|Verification,165884.55,91314.85,0.55,9649938,0.005,7.0,2,13,Monthly,5,False,Nurture,2000567.67
CLT0436,2023-05,Mid-Market,Southern Europe,Technology & SaaS,22,3,Email|SMS|Verification,324605.07,176729.97,0.544,19937439,0.9568,7.0,1,31,Monthly,4,False,Upsell,7622246.41
CLT0436,2023-06,Mid-Market,Southern Europe,Technology & SaaS,22,3,Email|SMS|Verification,168985.95,78754.01,0.466,10128761,-0.4794,7.0,3,57,Monthly,1,False,Retain,2027831.4
CLT0436,2023-07,Mid-Market,Southern Europe,Technology & SaaS,22,3,Email|SMS|Verification,179767.04,91821.8,0.511,11161883,0.0638,7.0,1,7,Monthly,5,False,Upsell,2294834.13
CLT0436,2023-08,Mid-Market,Southern Europe,Technology & SaaS,22,3,Email|SMS|Verification,184599.71,80627.27,0.437,11958984,0.0269,7.0,2,76,Monthly,2,False,Nurture,2274785.31
CLT0436,2023-09,Mid-Market,Southern Europe,Technology & SaaS,22,3,Email|SMS|Verification,187443.93,95384.13,0.509,12351765,0.0154,7.0,0,85,Monthly,8,False,Nurture,2283966.8
CLT0436,2023-10,Mid-Market,Southern Europe,Technology & SaaS,22,3,Email|SMS|Verification,185814.62,73813.12,0.397,12852562,-0.0087,7.0,5,40,Monthly,5,False,Retain,2229775.44
CLT0436,2023-11,Mid-Market,Southern Europe,Technology & SaaS,22,3,Email|SMS|Verification,183389.89,98022.86,0.535,12243748,-0.013,7.0,3,26,Monthly,7,False,Nurture,2200678.68
CLT0437,2023-01,Mid-Market,LATAM,Fintech,9,2,Verification|SMS,389156.2,175053.57,0.45,7576025,0.0,7.9,6,72,Multi-year,8,False,Retain,4669874.4
CLT0437,2023-03,Mid-Market,LATAM,Fintech,9,2,Verification|SMS,217160.92,112620.59,0.519,4237582,-0.442,7.9,1,11,Multi-year,11,False,Retain,2605931.04
CLT0437,2023-04,Mid-Market,LATAM,Fintech,9,2,Verification|SMS,223459.52,87255.81,0.39,4375339,0.029,7.9,1,82,Multi-year,7,False,Nurture,2759278.15
CLT0437,2023-05,Mid-Market,LATAM,Fintech,9,2,Verification|SMS,453133.92,206850.87,0.456,8938650,1.0278,7.9,1,31,Multi-year,9,False,Upsell,11026379.56
CLT0437,2023-06,Mid-Market,LATAM,Fintech,9,2,Verification|SMS,245710.88,113180.49,0.461,4854768,-0.4578,7.9,0,90,Multi-year,8,False,Retain,2948530.56
CLT0437,2023-07,Mid-Market,LATAM,Fintech,9,2,Verification|SMS,250299.04,123010.59,0.491,4932781,0.0187,7.9,4,56,Multi-year,3,False,Nurture,3059755.58
CLT0437,2023-08,Mid-Market,LATAM,Fintech,9,2,Verification|SMS,266793.12,141749.1,0.531,5236891,0.0659,7.9,0,11,Multi-year,6,False,Upsell,3412497.44
CLT0437,2023-09,Mid-Market,LATAM,Fintech,9,2,Verification|SMS,275079.2,131987.8,0.48,5373318,0.0311,7.9,2,62,Multi-year,12,False,Upsell,3403609.96
CLT0437,2023-10,Mid-Market,LATAM,Fintech,9,2,Verification|SMS,291728.08,120847.11,0.414,5791968,0.0605,7.9,4,63,Multi-year,5,False,Upsell,3712531.55
CLT0437,2023-11,Mid-Market,LATAM,Fintech,9,2,Verification|SMS,299045.28,147431.06,0.493,6014087,0.0251,7.9,3,1,Multi-year,12,False,Nurture,3678615.8
CLT0438,2023-01,SMB,UK & Ireland,Logistics,3,1,SMS,61615.12,23671.62,0.384,1540378,0.0,6.2,2,42,Annual,5,False,Nurture,739381.44
CLT0438,2023-03,SMB,UK & Ireland,Logistics,3,1,SMS,33276.84,17476.96,0.525,831921,-0.4599,6.2,1,48,Annual,9,False,Retain,399322.08
CLT0438,2023-04,SMB,UK & Ireland,Logistics,3,1,SMS,33951.92,15767.07,0.464,848798,0.0203,6.2,2,56,Annual,7,False,Nurture,415693.73
CLT0438,2023-05,SMB,UK & Ireland,Logistics,3,1,SMS,73887.08,39584.65,0.536,1847177,1.1762,6.2,2,16,Annual,9,False,Nurture,1929516.76
CLT0438,2023-06,SMB,UK & Ireland,Logistics,3,1,SMS,38327.44,21771.74,0.568,958186,-0.4813,6.2,1,20,Annual,5,False,Retain,459929.28
CLT0438,2023-07,SMB,UK & Ireland,Logistics,3,1,SMS,39895.8,22606.33,0.567,997395,0.0409,6.2,2,70,Annual,12,False,Nurture,498330.46
CLT0438,2023-08,SMB,UK & Ireland,Logistics,3,1,SMS,41902.96,19204.44,0.458,1047574,0.0503,6.2,2,64,Annual,5,False,Nurture,528128.15
CLT0438,2023-09,SMB,UK & Ireland,Logistics,3,1,SMS,44148.56,16020.3,0.363,1103714,0.0536,6.2,0,9,Annual,5,False,Nurture,558179.07
CLT0438,2023-10,SMB,UK & Ireland,Logistics,3,1,SMS,44800.12,25158.4,0.562,1120003,0.0148,6.2,0,22,Annual,8,False,Nurture,545557.94
CLT0438,2023-11,SMB,UK & Ireland,Logistics,3,1,SMS,50007.72,25269.22,0.505,1250193,0.1162,6.2,5,65,Annual,6,False,Retain,669823.4
CLT0439,2023-01,Mid-Market,LATAM,Gaming & Entertainment,16,2,Verification|SMS,195064.16,94171.15,0.483,4568295,0.0,5.9,1,30,Annual,11,False,Retain,2340769.92
CLT0439,2023-03,Mid-Market,LATAM,Gaming & Entertainment,16,2,Verification|SMS,100178.92,57308.87,0.572,2339264,-0.4864,5.9,7,9,Annual,5,False,Retain,1202147.04
CLT0439,2023-04,Mid-Market,LATAM,Gaming & Entertainment,16,2,Verification|SMS,103952.12,54606.01,0.525,2421750,0.0377,5.9,1,14,Annual,12,False,Retain,1294453.38
CLT0439,2023-05,Mid-Market,LATAM,Gaming & Entertainment,16,2,Verification|SMS,211706.64,104523.13,0.494,4969049,1.0366,5.9,4,78,Annual,9,False,Retain,5173940.92
CLT0439,2023-06,Mid-Market,LATAM,Gaming & Entertainment,16,2,Verification|SMS,100590.48,42390.97,0.421,2347406,-0.5249,5.9,2,65,Annual,8,False,Retain,1207085.76
CLT0439,2023-07,Mid-Market,LATAM,Gaming & Entertainment,16,2,Verification|SMS,97521.8,54058.67,0.554,2283982,-0.0305,5.9,0,23,Annual,7,False,Retain,1170261.6
CLT0439,2023-08,Mid-Market,LATAM,Gaming & Entertainment,16,2,Verification|SMS,102684.28,52893.57,0.515,2423614,0.0529,5.9,4,27,Annual,12,False,Retain,1297395.34
CLT0439,2023-09,Mid-Market,LATAM,Gaming & Entertainment,16,2,Verification|SMS,104342.92,42283.85,0.405,2468507,0.0162,5.9,2,34,Annual,11,False,Retain,1272399.3
CLT0439,2023-10,Mid-Market,LATAM,Gaming & Entertainment,16,2,Verification|SMS,104455.56,53953.33,0.517,2470856,0.0011,5.9,2,74,Annual,3,False,Retain,1254845.53
CLT0439,2023-11,Mid-Market,LATAM,Gaming & Entertainment,16,2,Verification|SMS,110569.68,63585.98,0.575,2615370,0.0585,5.9,1,11,Annual,11,False,Retain,1404456.08
CLT0440,2023-01,SMB,APAC,Healthcare,2,2,SMS|Verification,56931.2,25889.76,0.455,1149186,0.0,6.6,2,71,Monthly,3,True,Retain,683174.4
CLT0440,2023-03,SMB,APAC,Healthcare,2,2,SMS|Verification,26137.72,13002.21,0.497,531554,-0.5409,6.6,6,82,Monthly,12,True,Retain,313652.64
CLT0440,2023-04,SMB,APAC,Healthcare,2,2,SMS|Verification,24873.08,10914.57,0.439,503248,-0.0484,6.6,4,86,Monthly,10,True,Retain,298476.96
CLT0440,2023-05,SMB,APAC,Healthcare,2,2,SMS|Verification,46861.36,27084.8,0.578,945908,0.884,6.6,1,179,Monthly,9,True,Retain,1059441.63
CLT0440,2023-06,SMB,APAC,Healthcare,2,2,SMS|Verification,21698.96,9603.57,0.443,429188,-0.537,6.6,4,70,Monthly,2,True,Retain,260387.52
CLT0440,2023-07,SMB,APAC,Healthcare,2,2,SMS|Verification,20725.68,11030.49,0.532,411320,-0.0449,6.6,8,110,Monthly,10,True,Retain,248708.16
CLT0440,2023-08,SMB,APAC,Healthcare,2,2,SMS|Verification,19359.76,10020.8,0.518,379555,-0.0659,6.6,6,36,Monthly,1,True,Retain,232317.12
CLT0440,2023-09,SMB,APAC,Healthcare,2,2,SMS|Verification,18398.44,9656.59,0.525,362485,-0.0497,6.6,6,148,Monthly,12,True,Retain,220781.28
CLT0440,2023-10,SMB,APAC,Healthcare,2,2,SMS|Verification,18134.84,9109.06,0.502,360728,-0.0143,6.6,4,61,Monthly,4,True,Retain,217618.08
CLT0440,2023-11,SMB,APAC,Healthcare,2,2,SMS|Verification,17064.68,9153.57,0.536,340032,-0.059,6.6,1,65,Monthly,11,True,Retain,204776.16
CLT0441,2023-01,Enterprise,LATAM,Fintech,19,3,Voice|Verification|SMS,468590.92,195711.76,0.418,7020939,0.0,7.0,1,90,Annual,1,False,Expand,5623091.04
CLT0441,2023-03,Enterprise,LATAM,Fintech,19,3,Voice|Verification|SMS,242333.68,115493.33,0.477,3609034,-0.4828,7.0,1,38,Annual,12,False,Retain,2908004.16
CLT0441,2023-04,Enterprise,LATAM,Fintech,19,3,Voice|Verification|SMS,255166.88,128673.78,0.504,3766669,0.053,7.0,0,35,Annual,9,False,Upsell,3224288.7
CLT0441,2023-05,Enterprise,LATAM,Fintech,19,3,Voice|Verification|SMS,562173.0,248817.98,0.443,8223486,1.2032,7.0,5,34,Annual,6,False,Upsell,14862954.64
CLT0441,2023-06,Enterprise,LATAM,Fintech,19,3,Voice|Verification|SMS,302668.4,161438.76,0.533,4385029,-0.4616,7.0,4,54,Annual,8,False,Retain,3632020.8
CLT0441,2023-07,Enterprise,LATAM,Fintech,19,3,Voice|Verification|SMS,316913.04,168487.09,0.532,4568908,0.0471,7.0,0,62,Annual,2,False,Upsell,3982075.73
CLT0441,2023-08,Enterprise,LATAM,Fintech,19,3,Voice|Verification|SMS,346904.72,191260.46,0.551,4995747,0.0946,7.0,1,47,Annual,11,False,Upsell,4556662.88
CLT0441,2023-09,Enterprise,LATAM,Fintech,19,3,Voice|Verification|SMS,361722.76,181898.53,0.503,5178304,0.0427,7.0,2,35,Annual,2,False,Upsell,4526019.86
CLT0441,2023-10,Enterprise,LATAM,Fintech,19,3,Voice|Verification|SMS,368688.04,145862.42,0.396,5224406,0.0193,7.0,3,60,Annual,11,False,Expand,4509644.63
CLT0441,2023-11,Enterprise,LATAM,Fintech,19,3,Voice|Verification|SMS,385592.76,184137.51,0.478,5449537,0.0459,7.0,3,90,Annual,7,False,Upsell,4839497.61
CLT0442,2023-01,Mid-Market,Nordics,Logistics,21,2,WhatsApp Business|Voice,305672.54,145439.11,0.476,859299,0.0,8.2,4,50,Annual,1,False,Nurture,3668070.48
CLT0442,2023-03,Mid-Market,Nordics,Logistics,21,2,WhatsApp Business|Voice,167289.29,87479.25,0.523,462615,-0.4527,8.2,4,38,Annual,6,False,Retain,2007471.48
CLT0442,2023-04,Mid-Market,Nordics,Logistics,21,2,WhatsApp Business|Voice,180864.47,83751.01,0.463,483227,0.0811,8.2,2,54,Annual,9,False,Upsell,2346390.94
CLT0442,2023-05,Mid-Market,Nordics,Logistics,21,2,WhatsApp Business|Voice,400858.06,204063.13,0.509,1044807,1.2163,8.2,1,76,Annual,4,False,Upsell,10661060.62
CLT0442,2023-06,Mid-Market,Nordics,Logistics,21,2,WhatsApp Business|Voice,208545.64,79606.64,0.382,533006,-0.4798,8.2,5,74,Annual,2,False,Retain,2502547.68
CLT0442,2023-07,Mid-Market,Nordics,Logistics,21,2,WhatsApp Business|Voice,215429.78,87201.03,0.405,533836,0.033,8.2,1,13,Annual,7,False,Upsell,2670467.55
CLT0442,2023-08,Mid-Market,Nordics,Logistics,21,2,WhatsApp Business|Voice,230181.14,98115.45,0.426,570334,0.0685,8.2,6,88,Annual,12,False,Upsell,2951382.58
CLT0442,2023-09,Mid-Market,Nordics,Logistics,21,2,WhatsApp Business|Voice,248734.52,95730.53,0.385,608351,0.0806,8.2,3,40,Annual,6,False,Upsell,3225390.27
CLT0442,2023-10,Mid-Market,Nordics,Logistics,21,2,WhatsApp Business|Voice,263782.12,154774.75,0.587,640710,0.0605,8.2,1,57,Annual,11,False,Upsell,3356891.26
CLT0442,2023-11,Mid-Market,Nordics,Logistics,21,2,WhatsApp Business|Voice,271270.53,142341.67,0.525,648636,0.0284,8.2,1,52,Annual,8,False,Nurture,3347695.36
CLT0443,2023-01,SMB,Southern Europe,Gaming & Entertainment,17,2,Email|Verification,78101.93,32208.29,0.412,4425750,0.0,6.8,7,145,Annual,7,True,Retain,937223.16
CLT0443,2023-03,SMB,Southern Europe,Gaming & Entertainment,17,2,Email|Verification,34016.31,16136.31,0.474,1915017,-0.5645,6.8,2,125,Annual,8,True,Retain,408195.72
CLT0443,2023-04,SMB,Southern Europe,Gaming & Entertainment,17,2,Email|Verification,32313.3,16382.74,0.507,1898729,-0.0501,6.8,5,140,Annual,7,True,Retain,387759.6
CLT0443,2023-05,SMB,Southern Europe,Gaming & Entertainment,17,2,Email|Verification,59913.57,29052.14,0.485,3498310,0.8541,6.8,2,132,Annual,5,True,Retain,1333029.0
CLT0443,2023-06,SMB,Southern Europe,Gaming & Entertainment,17,2,Email|Verification,27236.59,14393.09,0.528,1574602,-0.5454,6.8,5,153,Annual,7,True,Retain,326839.08
CLT0443,2023-07,SMB,Southern Europe,Gaming & Entertainment,17,2,Email|Verification,24488.22,11810.61,0.482,1374595,-0.1009,6.8,0,41,Annual,9,True,Retain,293858.64
CLT0443,2023-08,SMB,Southern Europe,Gaming & Entertainment,17,2,Email|Verification,24548.02,13193.82,0.537,1343413,0.0024,6.8,2,120,Annual,3,True,Retain,295283.22
CLT0443,2023-09,SMB,Southern Europe,Gaming & Entertainment,17,2,Email|Verification,25094.48,11673.7,0.465,1305525,0.0223,6.8,3,32,Annual,9,True,Retain,307849.04
CLT0443,2023-10,SMB,Southern Europe,Gaming & Entertainment,17,2,Email|Verification,23790.19,11233.31,0.472,1228343,-0.052,6.8,1,117,Annual,11,True,Retain,285482.28
CLT0443,2023-11,SMB,Southern Europe,Gaming & Entertainment,17,2,Email|Verification,22169.02,11661.59,0.526,1205773,-0.0681,6.8,2,65,Annual,10,True,Retain,266028.24
CLT0444,2023-01,SMB,LATAM,Fintech,17,3,SMS|Voice|Verification,202390.56,95900.65,0.474,3353954,0.0,4.9,2,56,Annual,5,False,Retain,2428686.72
CLT0444,2023-03,SMB,LATAM,Fintech,17,3,SMS|Voice|Verification,103645.32,51460.97,0.497,1723198,-0.4879,4.9,0,43,Annual,6,False,Retain,1243743.84
CLT0444,2023-04,SMB,LATAM,Fintech,17,3,SMS|Voice|Verification,104873.28,55789.39,0.532,1749067,0.0118,4.9,3,24,Annual,2,False,Retain,1273329.42
CLT0444,2023-05,SMB,LATAM,Fintech,17,3,SMS|Voice|Verification,216055.24,103706.71,0.48,3592787,1.0602,4.9,3,63,Annual,6,False,Retain,5341404.07
CLT0444,2023-06,SMB,LATAM,Fintech,17,3,SMS|Voice|Verification,107760.28,50698.74,0.47,1818670,-0.5012,4.9,2,8,Annual,5,False,Retain,1293123.36
CLT0444,2023-07,SMB,LATAM,Fintech,17,3,SMS|Voice|Verification,108668.32,43159.4,0.397,1865368,0.0084,4.9,1,74,Annual,10,False,Retain,1314973.61
CLT0444,2023-08,SMB,LATAM,Fintech,17,3,SMS|Voice|Verification,112985.44,50268.63,0.445,1943669,0.0397,4.9,4,69,Annual,9,False,Retain,1409651.54
CLT0444,2023-09,SMB,LATAM,Fintech,17,3,SMS|Voice|Verification,114944.72,58637.65,0.51,1988246,0.0173,4.9,1,64,Annual,9,False,Retain,1403199.16
CLT0444,2023-10,SMB,LATAM,Fintech,17,3,SMS|Voice|Verification,112777.2,56999.08,0.505,2004009,-0.0189,4.9,3,18,Annual,10,False,Retain,1353326.4
CLT0444,2023-11,SMB,LATAM,Fintech,17,3,SMS|Voice|Verification,114493.48,57336.59,0.501,2057282,0.0152,4.9,1,72,Annual,9,False,Retain,1394805.37
CLT0445,2023-01,Mid-Market,Nordics,Logistics,16,2,Voice|WhatsApp Business,109722.39,51312.62,0.468,267730,0.0,7.8,3,63,Multi-year,3,False,Nurture,1316668.68
CLT0445,2023-03,Mid-Market,Nordics,Logistics,16,2,Voice|WhatsApp Business,61729.88,28100.65,0.455,151596,-0.4374,7.8,2,60,Multi-year,6,False,Retain,740758.56
CLT0445,2023-04,Mid-Market,Nordics,Logistics,16,2,Voice|WhatsApp Business,66662.74,38504.05,0.578,164230,0.0799,7.8,2,39,Multi-year,12,False,Upsell,863869.12
CLT0445,2023-05,Mid-Market,Nordics,Logistics,16,2,Voice|WhatsApp Business,146048.44,77837.8,0.533,359851,1.1909,7.8,3,36,Multi-year,3,False,Upsell,3839730.33
CLT0445,2023-06,Mid-Market,Nordics,Logistics,16,2,Voice|WhatsApp Business,81053.33,41175.8,0.508,195697,-0.445,7.8,0,22,Multi-year,1,False,Retain,972639.96
CLT0445,2023-07,Mid-Market,Nordics,Logistics,16,2,Voice|WhatsApp Business,86182.16,32316.97,0.375,206757,0.0633,7.8,2,56,Multi-year,2,False,Upsell,1099649.89
CLT0445,2023-08,Mid-Market,Nordics,Logistics,16,2,Voice|WhatsApp Business,88521.2,51874.67,0.586,211930,0.0271,7.8,3,88,Multi-year,12,False,Nurture,1091041.49
CLT0445,2023-09,Mid-Market,Nordics,Logistics,16,2,Voice|WhatsApp Business,89656.32,37963.13,0.423,212603,0.0128,7.8,2,71,Multi-year,6,False,Nurture,1089647.05
CLT0445,2023-10,Mid-Market,Nordics,Logistics,16,2,Voice|WhatsApp Business,96320.18,35223.31,0.366,229084,0.0743,7.8,4,89,Multi-year,1,False,Upsell,1241721.23
CLT0445,2023-11,Mid-Market,Nordics,Logistics,16,2,Voice|WhatsApp Business,101984.88,59591.14,0.584,240349,0.0588,7.8,5,54,Multi-year,10,False,Upsell,1295779.09
CLT0446,2023-01,Mid-Market,North America,Retail & E-commerce,16,2,SMS|Email,225577.27,86752.51,0.385,13823751,0.0,7.3,3,22,Multi-year,10,False,Nurture,2706927.24
CLT0446,2023-03,Mid-Market,North America,Retail & E-commerce,16,2,SMS|Email,107045.24,49360.05,0.461,7101341,-0.5255,7.3,0,69,Multi-year,8,False,Retain,1284542.88
CLT0446,2023-04,Mid-Market,North America,Retail & E-commerce,16,2,SMS|Email,114065.27,64639.19,0.567,7885071,0.0656,7.3,0,87,Multi-year,4,False,Upsell,1458575.42
CLT0446,2023-05,Mid-Market,North America,Retail & E-commerce,16,2,SMS|Email,228609.67,120093.82,0.525,16994080,1.0042,7.3,1,83,Multi-year,9,False,Upsell,5498154.01
CLT0446,2023-06,Mid-Market,North America,Retail & E-commerce,16,2,SMS|Email,121215.11,52344.96,0.432,9248125,-0.4698,7.3,3,56,Multi-year,11,False,Retain,1454581.32
CLT0446,2023-07,Mid-Market,North America,Retail & E-commerce,16,2,SMS|Email,118719.1,57513.15,0.484,9489349,-0.0206,7.3,1,36,Multi-year,1,False,Nurture,1424629.2
CLT0446,2023-08,Mid-Market,North America,Retail & E-commerce,16,2,SMS|Email,120682.68,58104.14,0.481,10360620,0.0165,7.3,1,8,Multi-year,7,False,Nurture,1472087.33
CLT0446,2023-09,Mid-Market,North America,Retail & E-commerce,16,2,SMS|Email,121313.34,60269.78,0.497,10972258,0.0052,7.3,3,62,Multi-year,3,False,Nurture,1463330.03
CLT0446,2023-10,Mid-Market,North America,Retail & E-commerce,16,2,SMS|Email,131223.21,63798.89,0.486,12153747,0.0817,7.3,3,40,Multi-year,7,False,Upsell,1703329.76
CLT0446,2023-11,Mid-Market,North America,Retail & E-commerce,16,2,SMS|Email,140819.15,63688.87,0.452,13012694,0.0731,7.3,0,56,Multi-year,4,False,Upsell,1813356.36
CLT0447,2023-01,Mid-Market,UK & Ireland,Retail & E-commerce,14,2,WhatsApp Business|SMS,209013.55,90381.04,0.432,4109395,0.0,7.6,2,75,Multi-year,1,False,Nurture,2508162.6
CLT0447,2023-03,Mid-Market,UK & Ireland,Retail & E-commerce,14,2,WhatsApp Business|SMS,104403.05,47602.18,0.456,2034758,-0.5005,7.6,2,32,Multi-year,3,False,Retain,1252836.6
CLT0447,2023-04,Mid-Market,UK & Ireland,Retail & E-commerce,14,2,WhatsApp Business|SMS,99583.78,53129.93,0.534,1913881,-0.0462,7.6,3,12,Multi-year,5,False,Nurture,1195005.36
CLT0447,2023-05,Mid-Market,UK & Ireland,Retail & E-commerce,14,2,WhatsApp Business|SMS,205521.02,92685.9,0.451,3966275,1.0638,7.6,1,32,Multi-year,1,False,Upsell,5089851.37
CLT0447,2023-06,Mid-Market,UK & Ireland,Retail & E-commerce,14,2,WhatsApp Business|SMS,101750.82,50428.55,0.496,1934652,-0.5049,7.6,1,25,Multi-year,2,False,Retain,1221009.84
CLT0447,2023-07,Mid-Market,UK & Ireland,Retail & E-commerce,14,2,WhatsApp Business|SMS,104037.24,42264.19,0.406,1972764,0.0225,7.6,1,70,Multi-year,12,False,Nurture,1276536.93
CLT0447,2023-08,Mid-Market,UK & Ireland,Retail & E-commerce,14,2,WhatsApp Business|SMS,105525.44,56869.66,0.539,1986356,0.0143,7.6,1,25,Multi-year,10,False,Nurture,1284413.45
CLT0447,2023-09,Mid-Market,UK & Ireland,Retail & E-commerce,14,2,WhatsApp Business|SMS,100933.95,53958.71,0.535,1870128,-0.0435,7.6,4,31,Multi-year,4,False,Nurture,1211207.4
CLT0447,2023-10,Mid-Market,UK & Ireland,Retail & E-commerce,14,2,WhatsApp Business|SMS,100162.43,51276.2,0.512,1796117,-0.0076,7.6,2,3,Multi-year,2,False,Nurture,1201949.16
CLT0447,2023-11,Mid-Market,UK & Ireland,Retail & E-commerce,14,2,WhatsApp Business|SMS,102134.75,36915.27,0.361,1858838,0.0197,7.6,2,14,Multi-year,2,False,Nurture,1249761.65
CLT0448,2023-01,Mid-Market,APAC,Fintech,7,2,SMS|Verification,116616.28,52022.47,0.446,2130364,0.0,7.0,4,66,Annual,5,False,Nurture,1399395.36
CLT0448,2023-03,Mid-Market,APAC,Fintech,7,2,SMS|Verification,59969.6,25460.26,0.425,1085829,-0.4858,7.0,2,86,Annual,1,False,Retain,719635.2
CLT0448,2023-04,Mid-Market,APAC,Fintech,7,2,SMS|Verification,64573.56,25595.38,0.396,1146600,0.0768,7.0,1,52,Annual,6,False,Upsell,834393.71
CLT0448,2023-05,Mid-Market,APAC,Fintech,7,2,SMS|Verification,132975.8,62239.49,0.468,2348237,1.0593,7.0,1,33,Annual,9,False,Upsell,3286044.78
CLT0448,2023-06,Mid-Market,APAC,Fintech,7,2,SMS|Verification,66542.92,30823.76,0.463,1160665,-0.4996,7.0,8,69,Annual,6,False,Retain,798515.04
CLT0448,2023-07,Mid-Market,APAC,Fintech,7,2,SMS|Verification,72280.68,30076.81,0.416,1257315,0.0862,7.0,0,44,Annual,9,False,Upsell,942135.3
CLT0448,2023-08,Mid-Market,APAC,Fintech,7,2,SMS|Verification,73584.0,31991.33,0.435,1298027,0.018,7.0,3,64,Annual,6,False,Nurture,898902.14
CLT0448,2023-09,Mid-Market,APAC,Fintech,7,2,SMS|Verification,73857.44,35191.6,0.476,1293603,0.0037,7.0,4,48,Annual,3,False,Nurture,889568.55
CLT0448,2023-10,Mid-Market,APAC,Fintech,7,2,SMS|Verification,79741.92,34018.08,0.427,1380363,0.0797,7.0,4,90,Annual,5,False,Upsell,1033168.21
CLT0448,2023-11,Mid-Market,APAC,Fintech,7,2,SMS|Verification,82556.12,34996.87,0.424,1413280,0.0353,7.0,2,46,Annual,3,False,Upsell,1025644.21
CLT0449,2023-01,Mid-Market,LATAM,Logistics,12,2,SMS|Voice,254167.72,117964.64,0.464,3649387,0.0,8.0,2,73,Multi-year,7,False,Nurture,3050012.64
CLT0449,2023-03,Mid-Market,LATAM,Logistics,12,2,SMS|Voice,133876.4,65087.62,0.486,1979162,-0.4733,8.0,2,14,Multi-year,6,False,Retain,1606516.8
CLT0449,2023-04,Mid-Market,LATAM,Logistics,12,2,SMS|Voice,139975.16,68885.35,0.492,2049159,0.0456,8.0,4,10,Multi-year,5,False,Upsell,1756296.33
CLT0449,2023-05,Mid-Market,LATAM,Logistics,12,2,SMS|Voice,287675.16,130823.6,0.455,4236673,1.0552,8.0,2,25,Multi-year,7,False,Upsell,7094759.87
CLT0449,2023-06,Mid-Market,LATAM,Logistics,12,2,SMS|Voice,151483.48,84017.21,0.555,2277311,-0.4734,8.0,1,78,Multi-year,8,False,Retain,1817801.76
CLT0449,2023-07,Mid-Market,LATAM,Logistics,12,2,SMS|Voice,160228.92,78849.54,0.492,2424803,0.0577,8.0,2,33,Multi-year,6,False,Upsell,2033689.54
CLT0449,2023-08,Mid-Market,LATAM,Logistics,12,2,SMS|Voice,165363.12,81371.55,0.492,2571650,0.032,8.0,2,59,Multi-year,12,False,Upsell,2047856.88
CLT0449,2023-09,Mid-Market,LATAM,Logistics,12,2,SMS|Voice,165628.08,66843.76,0.404,2692088,0.0016,8.0,2,67,Multi-year,4,False,Nurture,1990717.02
CLT0449,2023-10,Mid-Market,LATAM,Logistics,12,2,SMS|Voice,171243.44,91977.55,0.537,2783438,0.0339,8.0,0,41,Multi-year,2,False,Upsell,2124583.11
CLT0449,2023-11,Mid-Market,LATAM,Logistics,12,2,SMS|Voice,177180.12,97069.44,0.548,2850193,0.0347,8.0,1,58,Multi-year,10,False,Upsell,2199939.24
CLT0450,2023-01,Mid-Market,LATAM,Retail & E-commerce,20,2,WhatsApp Business|SMS,192127.09,74358.73,0.387,3805120,0.0,6.6,7,70,Monthly,4,False,Retain,2305525.08
CLT0450,2023-03,Mid-Market,LATAM,Retail & E-commerce,20,2,WhatsApp Business|SMS,92423.17,44873.8,0.486,1821604,-0.5189,6.6,1,84,Monthly,9,False,Retain,1109078.04
CLT0450,2023-04,Mid-Market,LATAM,Retail & E-commerce,20,2,WhatsApp Business|SMS,94013.93,39881.91,0.424,1839290,0.0172,6.6,3,59,Monthly,12,False,Nurture,1147571.64
CLT0450,2023-05,Mid-Market,LATAM,Retail & E-commerce,20,2,WhatsApp Business|SMS,189644.41,107344.53,0.566,3676549,1.0172,6.6,1,12,Monthly,11,False,Nurture,4590608.45
CLT0450,2023-06,Mid-Market,LATAM,Retail & E-commerce,20,2,WhatsApp Business|SMS,101972.2,41716.21,0.409,1958827,-0.4623,6.6,3,31,Monthly,6,False,Retain,1223666.4
CLT0450,2023-07,Mid-Market,LATAM,Retail & E-commerce,20,2,WhatsApp Business|SMS,99609.39,48971.03,0.492,1907139,-0.0232,6.6,5,45,Monthly,7,False,Retain,1195312.68
CLT0450,2023-08,Mid-Market,LATAM,Retail & E-commerce,20,2,WhatsApp Business|SMS,101087.28,41501.21,0.411,1887897,0.0148,6.6,1,55,Monthly,10,False,Nurture,1231000.46
CLT0450,2023-09,Mid-Market,LATAM,Retail & E-commerce,20,2,WhatsApp Business|SMS,105188.32,55334.39,0.526,1973389,0.0406,6.6,1,56,Monthly,4,False,Nurture,1313507.59
CLT0450,2023-10,Mid-Market,LATAM,Retail & E-commerce,20,2,WhatsApp Business|SMS,102380.85,54990.44,0.537,1934733,-0.0267,6.6,3,85,Monthly,4,False,Nurture,1228570.2
CLT0450,2023-11,Mid-Market,LATAM,Retail & E-commerce,20,2,WhatsApp Business|SMS,100777.61,40282.18,0.4,1883279,-0.0157,6.6,3,70,Monthly,12,False,Nurture,1209331.32
CLT0451,2023-01,SMB,LATAM,Logistics,11,1,Voice,15012.48,6986.22,0.465,125104,0.0,7.1,3,74,Monthly,6,False,Nurture,180149.76
CLT0451,2023-03,SMB,LATAM,Logistics,11,1,Voice,8313.6,3660.07,0.44,69280,-0.4462,7.1,1,69,Monthly,7,False,Retain,99763.2
CLT0451,2023-04,SMB,LATAM,Logistics,11,1,Voice,8568.12,4110.19,0.48,71401,0.0306,7.1,2,86,Monthly,5,False,Upsell,105963.65
CLT0451,2023-05,SMB,LATAM,Logistics,11,1,Voice,19212.6,10930.11,0.569,160105,1.2423,7.1,4,9,Monthly,8,False,Upsell,516964.96
CLT0451,2023-06,SMB,LATAM,Logistics,11,1,Voice,10338.84,4592.49,0.444,86157,-0.4619,7.1,3,84,Monthly,9,False,Retain,124066.08
CLT0451,2023-07,SMB,LATAM,Logistics,11,1,Voice,10131.12,4420.11,0.436,84426,-0.0201,7.1,4,19,Monthly,6,False,Nurture,121573.44
CLT0451,2023-08,SMB,LATAM,Logistics,11,1,Voice,10902.84,5508.21,0.505,90857,0.0762,7.1,4,88,Monthly,7,False,Upsell,140803.64
CLT0451,2023-09,SMB,LATAM,Logistics,11,1,Voice,11486.76,4638.16,0.404,95723,0.0536,7.1,2,6,Monthly,12,False,Upsell,145229.4
CLT0451,2023-10,SMB,LATAM,Logistics,11,1,Voice,11826.48,4746.95,0.401,98554,0.0296,7.1,1,16,Monthly,10,False,Nurture,146118.53
CLT0451,2023-11,SMB,LATAM,Logistics,11,1,Voice,12820.56,7223.79,0.563,106838,0.0841,7.1,2,79,Monthly,12,False,Upsell,166785.23
CLT0452,2023-01,SMB,DACH,Gaming & Entertainment,17,2,SMS|Email,70726.76,37002.5,0.523,3418148,0.0,6.7,2,75,Monthly,2,False,Nurture,848721.12
CLT0452,2023-03,SMB,DACH,Gaming & Entertainment,17,2,SMS|Email,33461.5,13409.22,0.401,1666783,-0.5269,6.7,1,56,Monthly,3,False,Retain,401538.0
CLT0452,2023-04,SMB,DACH,Gaming & Entertainment,17,2,SMS|Email,36113.69,20325.69,0.563,1704098,0.0793,6.7,2,34,Monthly,7,False,Nurture,467730.07
CLT0452,2023-05,SMB,DACH,Gaming & Entertainment,17,2,SMS|Email,74915.58,39668.19,0.53,3444083,1.0744,6.7,9,78,Monthly,5,False,Retain,1864858.55
CLT0452,2023-06,SMB,DACH,Gaming & Entertainment,17,2,SMS|Email,39622.34,23450.53,0.592,1755991,-0.4711,6.7,2,82,Monthly,8,False,Retain,475468.08
CLT0452,2023-07,SMB,DACH,Gaming & Entertainment,17,2,SMS|Email,39800.94,22502.61,0.565,1754043,0.0045,6.7,3,54,Monthly,12,False,Nurture,479760.53
CLT0452,2023-08,SMB,DACH,Gaming & Entertainment,17,2,SMS|Email,41146.25,15639.77,0.38,1791672,0.0338,6.7,2,22,Monthly,10,False,Nurture,510443.92
CLT0452,2023-09,SMB,DACH,Gaming & Entertainment,17,2,SMS|Email,42524.04,18374.06,0.432,1847415,0.0335,6.7,1,26,Monthly,7,False,Nurture,527383.14
CLT0452,2023-10,SMB,DACH,Gaming & Entertainment,17,2,SMS|Email,43773.75,19286.89,0.441,1917711,0.0294,6.7,1,88,Monthly,9,False,Nurture,540728.38
CLT0452,2023-11,SMB,DACH,Gaming & Entertainment,17,2,SMS|Email,43450.74,18321.41,0.422,1904095,-0.0074,6.7,1,37,Monthly,3,False,Nurture,521408.88
CLT0453,2023-01,Enterprise,DACH,Healthcare,53,3,WhatsApp Business|SMS|Verification,369306.22,166202.06,0.45,3227406,0.0,7.0,2,56,Multi-year,9,False,Expand,4431674.64
CLT0453,2023-03,Enterprise,DACH,Healthcare,53,3,WhatsApp Business|SMS|Verification,197506.69,82815.06,0.419,1716664,-0.4652,7.0,2,47,Multi-year,2,False,Retain,2370080.28
CLT0453,2023-04,Enterprise,DACH,Healthcare,53,3,WhatsApp Business|SMS|Verification,196246.92,103939.84,0.53,1681142,-0.0064,7.0,1,63,Multi-year,10,False,Nurture,2354963.04
CLT0453,2023-05,Enterprise,DACH,Healthcare,53,3,WhatsApp Business|SMS|Verification,411515.85,185103.37,0.45,3443056,1.0969,7.0,4,59,Multi-year,4,False,Upsell,10354891.03
CLT0453,2023-06,Enterprise,DACH,Healthcare,53,3,WhatsApp Business|SMS|Verification,219934.1,93423.0,0.425,1780779,-0.4656,7.0,0,56,Multi-year,8,False,Retain,2639209.2
CLT0453,2023-07,Enterprise,DACH,Healthcare,53,3,WhatsApp Business|SMS|Verification,227113.04,120611.7,0.531,1774316,0.0326,7.0,1,73,Multi-year,12,False,Upsell,2814203.1
CLT0453,2023-08,Enterprise,DACH,Healthcare,53,3,WhatsApp Business|SMS|Verification,227244.28,110217.51,0.485,1733863,0.0006,7.0,4,78,Multi-year,1,False,Expand,2728567.52
CLT0453,2023-09,Enterprise,DACH,Healthcare,53,3,WhatsApp Business|SMS|Verification,233666.83,114141.82,0.488,1747044,0.0283,7.0,2,12,Multi-year,1,False,Expand,2883355.22
CLT0453,2023-10,Enterprise,DACH,Healthcare,53,3,WhatsApp Business|SMS|Verification,250908.29,137023.25,0.546,1861827,0.0738,7.0,2,17,Multi-year,11,False,Upsell,3233103.86
CLT0453,2023-11,Enterprise,DACH,Healthcare,53,3,WhatsApp Business|SMS|Verification,256185.94,106773.97,0.417,1940838,0.021,7.0,2,64,Multi-year,2,False,Expand,3138790.14
CLT0454,2023-01,Enterprise,APAC,Healthcare,60,4,Verification|Voice|SMS|WhatsApp Business,1261949.48,578565.51,0.458,12960305,0.0,7.1,4,78,Annual,1,False,Expand,15143393.76
CLT0454,2023-03,Enterprise,APAC,Healthcare,60,4,Verification|Voice|SMS|WhatsApp Business,643230.6,312163.24,0.485,6602135,-0.4903,7.1,3,87,Annual,10,False,Retain,7718767.2
CLT0454,2023-04,Enterprise,APAC,Healthcare,60,4,Verification|Voice|SMS|WhatsApp Business,642901.66,293091.22,0.456,6481026,-0.0005,7.1,4,41,Annual,12,False,Nurture,7714819.92
CLT0454,2023-05,Enterprise,APAC,Healthcare,60,4,Verification|Voice|SMS|WhatsApp Business,1263281.47,569109.51,0.451,13424441,0.965,7.1,3,87,Annual,3,False,Expand,29788177.06
CLT0454,2023-06,Enterprise,APAC,Healthcare,60,4,Verification|Voice|SMS|WhatsApp Business,652511.72,301820.76,0.463,7067957,-0.4835,7.1,1,2,Annual,4,False,Retain,7830140.64
CLT0454,2023-07,Enterprise,APAC,Healthcare,60,4,Verification|Voice|SMS|WhatsApp Business,661259.77,302348.98,0.457,7204851,0.0134,7.1,1,70,Annual,11,False,Expand,8041447.81
CLT0454,2023-08,Enterprise,APAC,Healthcare,60,4,Verification|Voice|SMS|WhatsApp Business,682824.46,331653.38,0.486,7772056,0.0326,7.1,4,59,Annual,3,False,Expand,8461014.45
CLT0454,2023-09,Enterprise,APAC,Healthcare,60,4,Verification|Voice|SMS|WhatsApp Business,702960.05,343598.57,0.489,8019208,0.0295,7.1,1,13,Annual,3,False,Expand,8684368.46
CLT0454,2023-10,Enterprise,APAC,Healthcare,60,4,Verification|Voice|SMS|WhatsApp Business,717860.18,360759.32,0.503,8097256,0.0212,7.1,0,16,Annual,6,False,Expand,8796945.79
CLT0454,2023-11,Enterprise,APAC,Healthcare,60,4,Verification|Voice|SMS|WhatsApp Business,755582.19,330055.59,0.437,8478087,0.0525,7.1,0,82,Annual,2,False,Expand,9543003.06
CLT0455,2023-01,Mid-Market,North America,Retail & E-commerce,9,2,Email|SMS,226313.16,96512.63,0.426,9052296,0.0,6.7,4,74,Annual,1,False,Nurture,2715757.92
CLT0455,2023-03,Mid-Market,North America,Retail & E-commerce,9,2,Email|SMS,113876.68,57448.33,0.504,4522668,-0.4968,6.7,1,82,Annual,5,False,Retain,1366520.16
CLT0455,2023-04,Mid-Market,North America,Retail & E-commerce,9,2,Email|SMS,121855.17,45529.08,0.374,4935276,0.0701,6.7,1,46,Annual,12,False,Nurture,1564766.61
CLT0455,2023-05,Mid-Market,North America,Retail & E-commerce,9,2,Email|SMS,259779.27,130610.19,0.503,10359830,1.1319,6.7,2,49,Annual,3,False,Nurture,6645881.11
CLT0455,2023-06,Mid-Market,North America,Retail & E-commerce,9,2,Email|SMS,141149.49,77604.38,0.55,5531020,-0.4567,6.7,3,40,Annual,12,False,Retain,1693793.88
CLT0455,2023-07,Mid-Market,North America,Retail & E-commerce,9,2,Email|SMS,154358.26,68641.94,0.445,6068818,0.0936,6.7,3,35,Annual,7,False,Nurture,2025674.32
CLT0455,2023-08,Mid-Market,North America,Retail & E-commerce,9,2,Email|SMS,155506.98,90540.44,0.582,6388190,0.0074,6.7,2,89,Annual,3,False,Nurture,1879892.78
CLT0455,2023-09,Mid-Market,North America,Retail & E-commerce,9,2,Email|SMS,152106.91,84834.61,0.558,6423765,-0.0219,6.7,3,20,Annual,1,False,Nurture,1825282.92
CLT0455,2023-10,Mid-Market,North America,Retail & E-commerce,9,2,Email|SMS,143591.85,77822.31,0.542,6428774,-0.056,6.7,0,13,Annual,7,False,Retain,1723102.2
CLT0455,2023-11,Mid-Market,North America,Retail & E-commerce,9,2,Email|SMS,156189.45,56015.22,0.359,6871276,0.0877,6.7,1,44,Annual,7,False,Nurture,2038647.18
CLT0456,2023-01,SMB,Southern Europe,Gaming & Entertainment,18,3,Email|SMS|Verification,111331.61,54273.28,0.487,3386870,0.0,5.9,2,53,Annual,4,False,Retain,1335979.32
CLT0456,2023-03,SMB,Southern Europe,Gaming & Entertainment,18,3,Email|SMS|Verification,53561.88,24813.5,0.463,1745057,-0.5189,5.9,2,81,Annual,4,False,Retain,642742.56
CLT0456,2023-04,SMB,Southern Europe,Gaming & Entertainment,18,3,Email|SMS|Verification,52995.9,26609.34,0.502,1845364,-0.0106,5.9,2,78,Annual,4,False,Retain,635950.8
CLT0456,2023-05,SMB,Southern Europe,Gaming & Entertainment,18,3,Email|SMS|Verification,99317.18,42579.33,0.429,3640938,0.8741,5.9,3,87,Annual,6,False,Retain,2233563.92
CLT0456,2023-06,SMB,Southern Europe,Gaming & Entertainment,18,3,Email|SMS|Verification,52103.68,26939.53,0.517,1905242,-0.4754,5.9,4,5,Annual,9,False,Retain,625244.16
CLT0456,2023-07,SMB,Southern Europe,Gaming & Entertainment,18,3,Email|SMS|Verification,52910.51,25193.23,0.476,1968683,0.0155,5.9,1,20,Annual,5,False,Retain,644767.47
CLT0456,2023-08,SMB,Southern Europe,Gaming & Entertainment,18,3,Email|SMS|Verification,55231.14,27706.83,0.502,2096138,0.0439,5.9,2,25,Annual,12,False,Retain,691869.44
CLT0456,2023-09,SMB,Southern Europe,Gaming & Entertainment,18,3,Email|SMS|Verification,55756.86,27414.79,0.492,2160216,0.0095,5.9,1,17,Annual,7,False,Retain,675438.6
CLT0456,2023-10,SMB,Southern Europe,Gaming & Entertainment,18,3,Email|SMS|Verification,59445.43,29825.05,0.502,2330885,0.0662,5.9,5,17,Annual,6,False,Retain,760568.61
CLT0456,2023-11,SMB,Southern Europe,Gaming & Entertainment,18,3,Email|SMS|Verification,61972.42,28587.56,0.461,2424085,0.0425,5.9,1,31,Annual,11,False,Retain,775274.97
CLT0457,2023-01,SMB,APAC,Technology & SaaS,12,2,Email|SMS,36025.3,19275.33,0.535,4866058,0.0,4.9,2,69,Monthly,2,False,Retain,432303.6
CLT0457,2023-03,SMB,APAC,Technology & SaaS,12,2,Email|SMS,19442.44,9344.74,0.481,2615202,-0.4603,4.9,0,36,Monthly,1,False,Retain,233309.28
CLT0457,2023-04,SMB,APAC,Technology & SaaS,12,2,Email|SMS,20406.9,7899.09,0.387,2790272,0.0496,4.9,2,31,Monthly,1,False,Retain,257028.99
CLT0457,2023-05,SMB,APAC,Technology & SaaS,12,2,Email|SMS,45041.4,22989.72,0.51,6180965,1.2072,4.9,0,83,Monthly,8,False,Retain,1192984.54
CLT0457,2023-06,SMB,APAC,Technology & SaaS,12,2,Email|SMS,23865.22,11532.33,0.483,3330798,-0.4701,4.9,3,41,Monthly,6,False,Retain,286382.64
CLT0457,2023-07,SMB,APAC,Technology & SaaS,12,2,Email|SMS,24477.97,11056.48,0.452,3353810,0.0257,4.9,3,77,Monthly,9,False,Retain,301284.65
CLT0457,2023-08,SMB,APAC,Technology & SaaS,12,2,Email|SMS,26083.59,13153.94,0.504,3546210,0.0656,4.9,1,37,Monthly,2,False,Retain,333536.08
CLT0457,2023-09,SMB,APAC,Technology & SaaS,12,2,Email|SMS,27183.59,14550.78,0.535,3607890,0.0422,4.9,4,87,Monthly,5,False,Retain,339968.85
CLT0457,2023-10,SMB,APAC,Technology & SaaS,12,2,Email|SMS,28332.51,10059.32,0.355,3808295,0.0423,4.9,3,21,Monthly,1,False,Retain,354371.7
CLT0457,2023-11,SMB,APAC,Technology & SaaS,12,2,Email|SMS,29170.79,12047.76,0.413,3846263,0.0296,4.9,1,19,Monthly,5,False,Retain,360410.94
CLT0458,2023-01,SMB,UK & Ireland,Logistics,4,2,SMS|Voice,82007.76,40510.02,0.494,1066888,0.0,5.3,1,68,Monthly,5,False,Retain,984093.12
CLT0458,2023-03,SMB,UK & Ireland,Logistics,4,2,SMS|Voice,40288.52,17037.7,0.423,538069,-0.5087,5.3,2,25,Monthly,6,False,Retain,483462.24
CLT0458,2023-04,SMB,UK & Ireland,Logistics,4,2,SMS|Voice,40546.52,18336.93,0.452,538411,0.0064,5.3,3,7,Monthly,8,False,Retain,489672.21
CLT0458,2023-05,SMB,UK & Ireland,Logistics,4,2,SMS|Voice,82782.24,36969.25,0.447,1104552,1.0417,5.3,4,36,Monthly,6,False,Retain,2028197.99
CLT0458,2023-06,SMB,UK & Ireland,Logistics,4,2,SMS|Voice,39723.96,17774.76,0.447,534127,-0.5201,5.3,4,2,Monthly,12,False,Retain,476687.52
CLT0458,2023-07,SMB,UK & Ireland,Logistics,4,2,SMS|Voice,42133.32,19168.15,0.455,564703,0.0607,5.3,6,77,Monthly,4,False,Retain,536289.75
CLT0458,2023-08,SMB,UK & Ireland,Logistics,4,2,SMS|Voice,43160.76,18955.11,0.439,580839,0.0244,5.3,3,32,Monthly,3,False,Retain,530566.59
CLT0458,2023-09,SMB,UK & Ireland,Logistics,4,2,SMS|Voice,43861.64,22901.96,0.522,571993,0.0162,5.3,1,66,Monthly,1,False,Retain,534866.38
CLT0458,2023-10,SMB,UK & Ireland,Logistics,4,2,SMS|Voice,45215.44,20658.9,0.457,588260,0.0309,5.3,1,75,Monthly,11,False,Retain,559351.17
CLT0458,2023-11,SMB,UK & Ireland,Logistics,4,2,SMS|Voice,44926.16,22750.63,0.506,582070,-0.0064,5.3,3,73,Monthly,10,False,Retain,539113.92
CLT0459,2023-01,Mid-Market,DACH,Retail & E-commerce,27,2,WhatsApp Business|Voice,319801.57,148444.57,0.464,1090930,0.0,7.1,2,60,Annual,1,False,Nurture,3837618.84
CLT0459,2023-03,Mid-Market,DACH,Retail & E-commerce,27,2,WhatsApp Business|Voice,168836.04,75457.65,0.447,563479,-0.4721,7.1,3,18,Annual,5,False,Retain,2026032.48
CLT0459,2023-04,Mid-Market,DACH,Retail & E-commerce,27,2,WhatsApp Business|Voice,182852.09,71651.31,0.392,622405,0.083,7.1,1,35,Annual,1,False,Upsell,2376345.76
CLT0459,2023-05,Mid-Market,DACH,Retail & E-commerce,27,2,WhatsApp Business|Voice,356100.44,186225.06,0.523,1274350,0.9475,7.1,3,39,Annual,4,False,Upsell,8322067.28
CLT0459,2023-06,Mid-Market,DACH,Retail & E-commerce,27,2,WhatsApp Business|Voice,175657.27,96291.08,0.548,657815,-0.5067,7.1,1,12,Annual,1,False,Retain,2107887.24
CLT0459,2023-07,Mid-Market,DACH,Retail & E-commerce,27,2,WhatsApp Business|Voice,178713.8,77242.09,0.432,681928,0.0174,7.1,1,80,Annual,1,False,Nurture,2181881.04
CLT0459,2023-08,Mid-Market,DACH,Retail & E-commerce,27,2,WhatsApp Business|Voice,175981.54,92778.75,0.527,656572,-0.0153,7.1,4,60,Annual,8,False,Nurture,2111778.48
CLT0459,2023-09,Mid-Market,DACH,Retail & E-commerce,27,2,WhatsApp Business|Voice,181729.33,97182.41,0.535,676660,0.0327,7.1,2,13,Annual,11,False,Upsell,2252062.55
CLT0459,2023-10,Mid-Market,DACH,Retail & E-commerce,27,2,WhatsApp Business|Voice,189883.02,92816.35,0.489,704191,0.0449,7.1,0,72,Annual,3,False,Upsell,2380905.21
CLT0459,2023-11,Mid-Market,DACH,Retail & E-commerce,27,2,WhatsApp Business|Voice,201930.05,110451.81,0.547,758211,0.0634,7.1,0,31,Annual,11,False,Upsell,2576788.98
CLT0460,2023-01,Mid-Market,DACH,Technology & SaaS,6,2,Email|SMS,26507.49,11288.32,0.426,3388264,0.0,6.2,3,43,Annual,12,False,Nurture,318089.88
CLT0460,2023-03,Mid-Market,DACH,Technology & SaaS,6,2,Email|SMS,13451.39,5547.23,0.412,1730878,-0.4925,6.2,0,89,Annual,4,False,Retain,161416.68
CLT0460,2023-04,Mid-Market,DACH,Technology & SaaS,6,2,Email|SMS,13359.81,7107.55,0.532,1721243,-0.0068,6.2,1,17,Annual,8,False,Nurture,160317.72
CLT0460,2023-05,Mid-Market,DACH,Technology & SaaS,6,2,Email|SMS,27342.77,12206.06,0.446,3388825,1.0466,6.2,1,61,Annual,11,False,Nurture,671516.56
CLT0460,2023-06,Mid-Market,DACH,Technology & SaaS,6,2,Email|SMS,14303.97,6982.17,0.488,1771335,-0.4769,6.2,4,83,Annual,4,False,Retain,171647.64
CLT0460,2023-07,Mid-Market,DACH,Technology & SaaS,6,2,Email|SMS,14757.04,7517.77,0.509,1891853,0.0317,6.2,4,63,Annual,7,False,Nurture,182698.06
CLT0460,2023-08,Mid-Market,DACH,Technology & SaaS,6,2,Email|SMS,15603.68,7898.43,0.506,1983383,0.0574,6.2,4,46,Annual,6,False,Nurture,197991.97
CLT0460,2023-09,Mid-Market,DACH,Technology & SaaS,6,2,Email|SMS,16454.59,7056.91,0.429,2087772,0.0545,6.2,1,33,Annual,8,False,Nurture,208216.38
CLT0460,2023-10,Mid-Market,DACH,Technology & SaaS,6,2,Email|SMS,17271.76,7718.87,0.447,2184993,0.0497,6.2,2,51,Annual,2,False,Nurture,217562.0
CLT0460,2023-11,Mid-Market,DACH,Technology & SaaS,6,2,Email|SMS,17583.4,7796.81,0.443,2247026,0.018,6.2,2,57,Annual,3,False,Nurture,214798.81
CLT0461,2023-01,SMB,APAC,Technology & SaaS,20,1,Verification,49603.12,24408.55,0.492,620039,0.0,8.4,0,57,Annual,6,False,Nurture,595237.44
CLT0461,2023-03,SMB,APAC,Technology & SaaS,20,1,Verification,24684.08,10674.34,0.432,308551,-0.5024,8.4,2,61,Annual,4,False,Retain,296208.96
CLT0461,2023-04,SMB,APAC,Technology & SaaS,20,1,Verification,25423.6,12893.0,0.507,317795,0.03,8.4,3,44,Annual,6,False,Nurture,314235.7
CLT0461,2023-05,SMB,APAC,Technology & SaaS,20,1,Verification,46927.68,25954.32,0.553,586596,0.8458,8.4,1,40,Annual,9,False,Upsell,1039429.34
CLT0461,2023-06,SMB,APAC,Technology & SaaS,20,1,Verification,25356.4,11971.67,0.472,316955,-0.4597,8.4,3,14,Annual,5,False,Retain,304276.8
CLT0461,2023-07,SMB,APAC,Technology & SaaS,20,1,Verification,26120.72,12651.89,0.484,326509,0.0301,8.4,0,60,Annual,2,False,Upsell,322883.44
CLT0461,2023-08,SMB,APAC,Technology & SaaS,20,1,Verification,26623.2,12362.18,0.464,332790,0.0192,8.4,1,24,Annual,7,False,Nurture,325612.39
CLT0461,2023-09,SMB,APAC,Technology & SaaS,20,1,Verification,29071.84,12184.26,0.419,363398,0.092,8.4,2,53,Annual,7,False,Upsell,380957.39
CLT0461,2023-10,SMB,APAC,Technology & SaaS,20,1,Verification,26720.72,15811.77,0.592,334009,-0.0809,8.4,1,14,Annual,6,False,Retain,320648.64
CLT0461,2023-11,SMB,APAC,Technology & SaaS,20,1,Verification,26185.04,9586.15,0.366,327313,-0.02,8.4,3,88,Annual,4,False,Nurture,314220.48
CLT0462,2023-01,Enterprise,Southern Europe,Retail & E-commerce,33,4,Voice|Email|SMS|WhatsApp Business,622892.7,308323.75,0.495,18486370,0.0,7.5,1,75,Multi-year,4,False,Expand,7474712.4
CLT0462,2023-03,Enterprise,Southern Europe,Retail & E-commerce,33,4,Voice|Email|SMS|WhatsApp Business,319554.81,181411.57,0.568,9961831,-0.487,7.5,5,74,Multi-year,12,False,Retain,3834657.72
CLT0462,2023-04,Enterprise,Southern Europe,Retail & E-commerce,33,4,Voice|Email|SMS|WhatsApp Business,317703.88,131573.64,0.414,10499487,-0.0058,7.5,1,17,Multi-year,10,False,Nurture,3812446.56
CLT0462,2023-05,Enterprise,Southern Europe,Retail & E-commerce,33,4,Voice|Email|SMS|WhatsApp Business,647007.89,328504.52,0.508,21918421,1.0365,7.5,0,35,Multi-year,3,False,Expand,15811578.82
CLT0462,2023-06,Enterprise,Southern Europe,Retail & E-commerce,33,4,Voice|Email|SMS|WhatsApp Business,331097.17,172124.06,0.52,11280957,-0.4883,7.5,0,60,Multi-year,12,False,Retain,3973166.04
CLT0462,2023-07,Enterprise,Southern Europe,Retail & E-commerce,33,4,Voice|Email|SMS|WhatsApp Business,325288.86,154147.17,0.474,11584762,-0.0175,7.5,3,7,Multi-year,3,False,Nurture,3903466.32
CLT0462,2023-08,Enterprise,Southern Europe,Retail & E-commerce,33,4,Voice|Email|SMS|WhatsApp Business,334880.92,158186.14,0.472,11987029,0.0295,7.5,0,9,Multi-year,6,False,Expand,4137118.89
CLT0462,2023-09,Enterprise,Southern Europe,Retail & E-commerce,33,4,Voice|Email|SMS|WhatsApp Business,340304.71,166897.17,0.49,12273298,0.0162,7.5,5,8,Multi-year,11,False,Expand,4149811.76
CLT0462,2023-10,Enterprise,Southern Europe,Retail & E-commerce,33,4,Voice|Email|SMS|WhatsApp Business,341195.34,170927.37,0.501,12693565,0.0026,7.5,0,13,Multi-year,4,False,Expand,4104989.37
CLT0462,2023-11,Enterprise,Southern Europe,Retail & E-commerce,33,4,Voice|Email|SMS|WhatsApp Business,334690.46,154406.38,0.461,12380316,-0.0191,7.5,0,33,Multi-year,4,False,Nurture,4016285.52
CLT0463,2023-01,Mid-Market,APAC,Fintech,8,2,Verification|SMS,249956.2,114820.01,0.459,3991003,0.0,7.9,1,82,Multi-year,4,False,Nurture,2999474.4
CLT0463,2023-03,Mid-Market,APAC,Fintech,8,2,Verification|SMS,120346.04,61643.34,0.512,1951037,-0.5185,7.9,2,73,Multi-year,1,False,Retain,1444152.48
CLT0463,2023-04,Mid-Market,APAC,Fintech,8,2,Verification|SMS,124974.32,48974.72,0.392,2024657,0.0385,7.9,4,56,Multi-year,3,False,Upsell,1557429.98
CLT0463,2023-05,Mid-Market,APAC,Fintech,8,2,Verification|SMS,253263.76,104674.77,0.413,4059627,1.0265,7.9,1,61,Multi-year,10,False,Upsell,6158868.12
CLT0463,2023-06,Mid-Market,APAC,Fintech,8,2,Verification|SMS,132737.72,70772.24,0.533,2120723,-0.4759,7.9,3,70,Multi-year,10,False,Retain,1592852.64
CLT0463,2023-07,Mid-Market,APAC,Fintech,8,2,Verification|SMS,133798.72,68361.98,0.511,2133422,0.008,7.9,3,83,Multi-year,6,False,Nurture,1618429.32
CLT0463,2023-08,Mid-Market,APAC,Fintech,8,2,Verification|SMS,135965.8,52624.89,0.387,2173794,0.0162,7.9,1,65,Multi-year,3,False,Nurture,1658021.35
CLT0463,2023-09,Mid-Market,APAC,Fintech,8,2,Verification|SMS,143270.44,78074.19,0.545,2288086,0.0537,7.9,0,37,Multi-year,8,False,Upsell,1811568.75
CLT0463,2023-10,Mid-Market,APAC,Fintech,8,2,Verification|SMS,147748.4,84086.81,0.569,2351522,0.0313,7.9,1,61,Multi-year,4,False,Upsell,1828475.1
CLT0463,2023-11,Mid-Market,APAC,Fintech,8,2,Verification|SMS,144448.96,62281.52,0.431,2323004,-0.0223,7.9,3,28,Multi-year,12,False,Nurture,1733387.52
CLT0464,2023-01,SMB,APAC,Logistics,3,2,Voice|SMS,136151.32,70220.31,0.516,2147957,0.0,7.5,0,73,Monthly,2,False,Nurture,1633815.84
CLT0464,2023-03,SMB,APAC,Logistics,3,2,Voice|SMS,69518.16,36458.41,0.524,1079528,-0.4894,7.5,0,17,Monthly,10,False,Retain,834217.92
CLT0464,2023-04,SMB,APAC,Logistics,3,2,Voice|SMS,68535.12,35190.57,0.513,1066610,-0.0141,7.5,1,78,Monthly,1,False,Nurture,822421.44
CLT0464,2023-05,SMB,APAC,Logistics,3,2,Voice|SMS,139560.04,69326.89,0.497,2111163,1.0363,7.5,3,29,Monthly,8,False,Upsell,3410233.31
CLT0464,2023-06,SMB,APAC,Logistics,3,2,Voice|SMS,72581.32,32315.61,0.445,1063753,-0.4799,7.5,2,15,Monthly,12,False,Retain,870975.84
CLT0464,2023-07,SMB,APAC,Logistics,3,2,Voice|SMS,73030.6,30427.85,0.417,1058097,0.0062,7.5,1,77,Monthly,2,False,Nurture,881800.68
CLT0464,2023-08,SMB,APAC,Logistics,3,2,Voice|SMS,70133.96,30115.35,0.429,1025625,-0.0397,7.5,0,19,Monthly,8,False,Nurture,841607.52
CLT0464,2023-09,SMB,APAC,Logistics,3,2,Voice|SMS,67676.84,38118.77,0.563,998681,-0.035,7.5,0,45,Monthly,10,False,Nurture,812122.08
CLT0464,2023-10,SMB,APAC,Logistics,3,2,Voice|SMS,70574.68,35158.3,0.498,1036433,0.0428,7.5,2,32,Monthly,10,False,Upsell,883143.32
CLT0464,2023-11,SMB,APAC,Logistics,3,2,Voice|SMS,70188.96,28391.52,0.405,1028384,-0.0055,7.5,2,90,Monthly,6,False,Nurture,842267.52
CLT0465,2023-01,Mid-Market,UK & Ireland,Healthcare,36,3,Verification|Voice|WhatsApp Business,446338.51,224066.71,0.502,2241470,0.0,7.0,1,41,Annual,8,False,Nurture,5356062.12
CLT0465,2023-03,Mid-Market,UK & Ireland,Healthcare,36,3,Verification|Voice|WhatsApp Business,240000.5,100209.88,0.418,1245106,-0.4623,7.0,1,86,Annual,2,False,Retain,2880006.0
CLT0465,2023-04,Mid-Market,UK & Ireland,Healthcare,36,3,Verification|Voice|WhatsApp Business,243055.48,119063.83,0.49,1312158,0.0127,7.0,0,37,Annual,3,False,Nurture,2953707.42
CLT0465,2023-05,Mid-Market,UK & Ireland,Healthcare,36,3,Verification|Voice|WhatsApp Business,520816.25,248898.56,0.478,2883968,1.1428,7.0,2,11,Annual,12,False,Upsell,13392060.73
CLT0465,2023-06,Mid-Market,UK & Ireland,Healthcare,36,3,Verification|Voice|WhatsApp Business,287645.23,118112.68,0.411,1589430,-0.4477,7.0,1,12,Annual,7,False,Retain,3451742.76
CLT0465,2023-07,Mid-Market,UK & Ireland,Healthcare,36,3,Verification|Voice|WhatsApp Business,300935.44,145557.5,0.484,1713099,0.0462,7.0,0,87,Annual,3,False,Upsell,3778063.89
CLT0465,2023-08,Mid-Market,UK & Ireland,Healthcare,36,3,Verification|Voice|WhatsApp Business,316138.72,170327.59,0.539,1825365,0.0505,7.0,1,23,Annual,1,False,Upsell,3985244.7
CLT0465,2023-09,Mid-Market,UK & Ireland,Healthcare,36,3,Verification|Voice|WhatsApp Business,321736.98,141521.16,0.44,1878331,0.0177,7.0,3,51,Annual,11,False,Nurture,3929180.69
CLT0465,2023-10,Mid-Market,UK & Ireland,Healthcare,36,3,Verification|Voice|WhatsApp Business,337780.6,162762.61,0.482,2025026,0.0499,7.0,3,87,Annual,6,False,Upsell,4255630.22
CLT0465,2023-11,Mid-Market,UK & Ireland,Healthcare,36,3,Verification|Voice|WhatsApp Business,355643.19,162759.86,0.458,2133168,0.0529,7.0,4,77,Annual,2,False,Upsell,4493480.58
CLT0466,2023-01,Mid-Market,DACH,Fintech,24,2,Voice|SMS,132667.32,65996.77,0.497,2739505,0.0,6.7,0,6,Annual,1,False,Nurture,1592007.84
CLT0466,2023-03,Mid-Market,DACH,Fintech,24,2,Voice|SMS,67486.08,30889.57,0.458,1410964,-0.4913,6.7,1,36,Annual,5,False,Retain,809832.96
CLT0466,2023-04,Mid-Market,DACH,Fintech,24,2,Voice|SMS,73090.16,32978.81,0.451,1534758,0.083,6.7,2,25,Annual,7,False,Nurture,949879.72
CLT0466,2023-05,Mid-Market,DACH,Fintech,24,2,Voice|SMS,148427.68,70190.11,0.473,3091986,1.0307,6.7,3,33,Annual,4,False,Nurture,3616945.08
CLT0466,2023-06,Mid-Market,DACH,Fintech,24,2,Voice|SMS,75797.76,36778.54,0.485,1558054,-0.4893,6.7,4,51,Annual,5,False,Retain,909573.12
CLT0466,2023-07,Mid-Market,DACH,Fintech,24,2,Voice|SMS,71376.92,37980.24,0.532,1454027,-0.0583,6.7,3,38,Annual,5,False,Retain,856523.04
CLT0466,2023-08,Mid-Market,DACH,Fintech,24,2,Voice|SMS,72139.8,35269.61,0.489,1473299,0.0107,6.7,2,27,Annual,3,False,Nurture,874940.35
CLT0466,2023-09,Mid-Market,DACH,Fintech,24,2,Voice|SMS,73494.48,32572.39,0.443,1527658,0.0188,6.7,6,73,Annual,7,False,Retain,898514.11
CLT0466,2023-10,Mid-Market,DACH,Fintech,24,2,Voice|SMS,76913.88,42072.6,0.547,1569987,0.0465,6.7,2,76,Annual,2,False,Nurture,965884.51
CLT0466,2023-11,Mid-Market,DACH,Fintech,24,2,Voice|SMS,77366.68,35501.7,0.459,1578573,0.0059,6.7,3,33,Annual,3,False,Nurture,933877.72
CLT0467,2023-01,Enterprise,LATAM,Fintech,34,2,Voice|WhatsApp Business,422907.37,181735.92,0.43,2080693,0.0,7.7,1,21,Annual,12,False,Nurture,5074888.44
CLT0467,2023-03,Enterprise,LATAM,Fintech,34,2,Voice|WhatsApp Business,211648.0,110690.83,0.523,1039341,-0.4995,7.7,1,1,Annual,11,False,Retain,2539776.0
CLT0467,2023-04,Enterprise,LATAM,Fintech,34,2,Voice|WhatsApp Business,217334.31,93798.97,0.432,1075572,0.0269,7.7,3,8,Annual,8,False,Nurture,2678167.24
CLT0467,2023-05,Enterprise,LATAM,Fintech,34,2,Voice|WhatsApp Business,451733.38,207522.22,0.459,2350354,1.0785,7.7,1,81,Annual,3,False,Upsell,11267133.96
CLT0467,2023-06,Enterprise,LATAM,Fintech,34,2,Voice|WhatsApp Business,227384.89,100012.39,0.44,1195927,-0.4966,7.7,2,22,Annual,8,False,Retain,2728618.68
CLT0467,2023-07,Enterprise,LATAM,Fintech,34,2,Voice|WhatsApp Business,249566.19,140516.19,0.563,1325208,0.0975,7.7,2,51,Annual,12,False,Upsell,3286786.72
CLT0467,2023-08,Enterprise,LATAM,Fintech,34,2,Voice|WhatsApp Business,261931.74,141582.21,0.541,1417558,0.0495,7.7,2,65,Annual,4,False,Upsell,3298768.33
CLT0467,2023-09,Enterprise,LATAM,Fintech,34,2,Voice|WhatsApp Business,263888.13,107876.39,0.409,1435678,0.0075,7.7,5,41,Annual,3,False,Retain,3190407.49
CLT0467,2023-10,Enterprise,LATAM,Fintech,34,2,Voice|WhatsApp Business,275190.91,138015.74,0.502,1498528,0.0428,7.7,1,60,Annual,9,False,Upsell,3443628.97
CLT0467,2023-11,Enterprise,LATAM,Fintech,34,2,Voice|WhatsApp Business,281250.52,159591.89,0.567,1545402,0.022,7.7,0,7,Annual,11,False,Nurture,3449256.38
CLT0468,2023-01,Mid-Market,DACH,Gaming & Entertainment,31,2,Verification|Email,223473.68,91094.14,0.408,9883456,0.0,7.2,2,65,Monthly,8,False,Nurture,2681684.16
CLT0468,2023-03,Mid-Market,DACH,Gaming & Entertainment,31,2,Verification|Email,123521.1,66861.23,0.541,5289721,-0.4473,7.2,2,70,Monthly,6,False,Retain,1482253.2
CLT0468,2023-04,Mid-Market,DACH,Gaming & Entertainment,31,2,Verification|Email,126871.62,54121.62,0.427,5434059,0.0271,7.2,1,86,Monthly,8,False,Nurture,1563718.09
CLT0468,2023-05,Mid-Market,DACH,Gaming & Entertainment,31,2,Verification|Email,282554.11,125276.38,0.443,12077326,1.2271,7.2,6,14,Monthly,1,False,Upsell,7551315.1
CLT0468,2023-06,Mid-Market,DACH,Gaming & Entertainment,31,2,Verification|Email,154607.23,66851.92,0.432,6709002,-0.4528,7.2,3,78,Monthly,4,False,Retain,1855286.76
CLT0468,2023-07,Mid-Market,DACH,Gaming & Entertainment,31,2,Verification|Email,160968.94,73065.76,0.454,7080758,0.0411,7.2,2,25,Monthly,9,False,Upsell,2011017.16
CLT0468,2023-08,Mid-Market,DACH,Gaming & Entertainment,31,2,Verification|Email,166650.52,92638.34,0.556,7419868,0.0353,7.2,3,48,Monthly,4,False,Upsell,2070399.4
CLT0468,2023-09,Mid-Market,DACH,Gaming & Entertainment,31,2,Verification|Email,176832.2,80599.89,0.456,7679801,0.0611,7.2,1,6,Monthly,1,False,Upsell,2251639.77
CLT0468,2023-10,Mid-Market,DACH,Gaming & Entertainment,31,2,Verification|Email,191544.62,81465.08,0.425,8340258,0.0832,7.2,2,6,Monthly,10,False,Upsell,2489773.59
CLT0468,2023-11,Mid-Market,DACH,Gaming & Entertainment,31,2,Verification|Email,200636.88,87455.15,0.436,8594975,0.0475,7.2,3,6,Monthly,1,False,Upsell,2522005.58
CLT0469,2023-01,Mid-Market,APAC,Retail & E-commerce,11,2,SMS|Email,179017.87,90665.11,0.506,18060240,0.0,6.7,3,86,Annual,7,False,Nurture,2148214.44
CLT0469,2023-03,Mid-Market,APAC,Retail & E-commerce,11,2,SMS|Email,94150.69,48773.11,0.518,9977840,-0.4741,6.7,3,28,Annual,11,False,Retain,1129808.28
CLT0469,2023-04,Mid-Market,APAC,Retail & E-commerce,11,2,SMS|Email,97711.31,51582.18,0.528,10306630,0.0378,6.7,0,18,Annual,6,False,Nurture,1216857.57
CLT0469,2023-05,Mid-Market,APAC,Retail & E-commerce,11,2,SMS|Email,209195.5,100702.36,0.481,23198464,1.141,6.7,2,66,Annual,12,False,Nurture,5374650.79
CLT0469,2023-06,Mid-Market,APAC,Retail & E-commerce,11,2,SMS|Email,109656.0,51607.59,0.471,12565222,-0.4758,6.7,3,55,Annual,11,False,Retain,1315872.0
CLT0469,2023-07,Mid-Market,APAC,Retail & E-commerce,11,2,SMS|Email,113526.44,60596.39,0.534,13190132,0.0353,6.7,1,61,Annual,8,False,Nurture,1410407.08
CLT0469,2023-08,Mid-Market,APAC,Retail & E-commerce,11,2,SMS|Email,113864.26,56714.12,0.498,13529653,0.003,6.7,2,43,Annual,5,False,Nurture,1370470.23
CLT0469,2023-09,Mid-Market,APAC,Retail & E-commerce,11,2,SMS|Email,121819.5,44138.9,0.362,13811357,0.0699,6.7,1,52,Annual,6,False,Nurture,1564016.2
CLT0469,2023-10,Mid-Market,APAC,Retail & E-commerce,11,2,SMS|Email,125319.75,50100.29,0.4,14906816,0.0287,6.7,2,71,Annual,7,False,Nurture,1546997.12
CLT0469,2023-11,Mid-Market,APAC,Retail & E-commerce,11,2,SMS|Email,133508.56,49266.65,0.369,16249207,0.0653,6.7,2,16,Annual,8,False,Nurture,1706720.03
CLT0470,2023-01,Mid-Market,APAC,Retail & E-commerce,36,3,SMS|Email|Voice,229203.1,116336.99,0.508,12243922,0.0,6.5,3,22,Annual,9,False,Nurture,2750437.2
CLT0470,2023-03,Mid-Market,APAC,Retail & E-commerce,36,3,SMS|Email|Voice,122242.71,61998.74,0.507,6726585,-0.4667,6.5,1,85,Annual,5,False,Retain,1466912.52
CLT0470,2023-04,Mid-Market,APAC,Retail & E-commerce,36,3,SMS|Email|Voice,126100.42,58470.93,0.464,7162193,0.0316,6.5,1,60,Annual,11,False,Nurture,1561022.32
CLT0470,2023-05,Mid-Market,APAC,Retail & E-commerce,36,3,SMS|Email|Voice,274190.23,136103.96,0.496,15705115,1.1744,6.5,0,4,Annual,4,False,Nurture,7154390.83
CLT0470,2023-06,Mid-Market,APAC,Retail & E-commerce,36,3,SMS|Email|Voice,144273.78,65628.6,0.455,8174887,-0.4738,6.5,2,38,Annual,5,False,Retain,1731285.36
CLT0470,2023-07,Mid-Market,APAC,Retail & E-commerce,36,3,SMS|Email|Voice,148226.79,77316.14,0.522,8350707,0.0274,6.5,2,54,Annual,11,False,Nurture,1827458.45
CLT0470,2023-08,Mid-Market,APAC,Retail & E-commerce,36,3,SMS|Email|Voice,154552.48,78179.22,0.506,8461163,0.0427,6.5,0,28,Annual,4,False,Nurture,1933822.45
CLT0470,2023-09,Mid-Market,APAC,Retail & E-commerce,36,3,SMS|Email|Voice,155883.89,71334.0,0.458,8635610,0.0086,6.5,0,24,Annual,12,False,Nurture,1886693.9
CLT0470,2023-10,Mid-Market,APAC,Retail & E-commerce,36,3,SMS|Email|Voice,159791.31,67619.56,0.423,9006751,0.0251,6.5,0,37,Annual,7,False,Nurture,1965624.86
CLT0470,2023-11,Mid-Market,APAC,Retail & E-commerce,36,3,SMS|Email|Voice,167914.75,78547.23,0.468,9335116,0.0508,6.5,3,46,Annual,11,False,Nurture,2117337.83
CLT0471,2023-01,SMB,Southern Europe,Fintech,13,3,SMS|Verification|Voice,107544.24,50902.24,0.473,1938707,0.0,6.7,5,86,Monthly,7,False,Retain,1290530.88
CLT0471,2023-03,SMB,Southern Europe,Fintech,13,3,SMS|Verification|Voice,57287.32,29982.85,0.523,1022727,-0.4673,6.7,2,68,Monthly,5,False,Retain,687447.84
CLT0471,2023-04,SMB,Southern Europe,Fintech,13,3,SMS|Verification|Voice,57151.24,22528.16,0.394,1003303,-0.0024,6.7,4,9,Monthly,6,False,Nurture,685814.88
CLT0471,2023-05,SMB,Southern Europe,Fintech,13,3,SMS|Verification|Voice,116157.08,54710.89,0.471,2001167,1.0325,6.7,2,38,Monthly,12,False,Nurture,2833071.18
CLT0471,2023-06,SMB,Southern Europe,Fintech,13,3,SMS|Verification|Voice,59160.88,29175.52,0.493,1010521,-0.4907,6.7,1,53,Monthly,12,False,Retain,709930.56
CLT0471,2023-07,SMB,Southern Europe,Fintech,13,3,SMS|Verification|Voice,59306.24,26887.63,0.453,993706,0.0025,6.7,1,26,Monthly,6,False,Nurture,713454.07
CLT0471,2023-08,SMB,Southern Europe,Fintech,13,3,SMS|Verification|Voice,59206.4,29594.23,0.5,969038,-0.0017,6.7,2,16,Monthly,8,False,Nurture,710476.8
CLT0471,2023-09,SMB,Southern Europe,Fintech,13,3,SMS|Verification|Voice,59542.32,32467.96,0.545,960540,0.0057,6.7,1,41,Monthly,8,False,Nurture,718580.53
CLT0471,2023-10,SMB,Southern Europe,Fintech,13,3,SMS|Verification|Voice,60587.44,25172.72,0.415,976991,0.0176,6.7,1,27,Monthly,6,False,Nurture,739845.35
CLT0471,2023-11,SMB,Southern Europe,Fintech,13,3,SMS|Verification|Voice,60365.84,28924.04,0.479,975583,-0.0037,6.7,2,9,Monthly,9,False,Nurture,724390.08
CLT0472,2023-01,SMB,UK & Ireland,Retail & E-commerce,21,2,WhatsApp Business|SMS,183068.55,94229.1,0.515,2150733,0.0,6.2,3,47,Monthly,2,False,Nurture,2196822.6
CLT0472,2023-03,SMB,UK & Ireland,Retail & E-commerce,21,2,WhatsApp Business|SMS,93651.63,42221.66,0.451,1051845,-0.4884,6.2,2,64,Monthly,7,False,Retain,1123819.56
CLT0472,2023-04,SMB,UK & Ireland,Retail & E-commerce,21,2,WhatsApp Business|SMS,99258.57,50958.99,0.513,1101111,0.0599,6.2,2,73,Monthly,11,False,Nurture,1262449.9
CLT0472,2023-05,SMB,UK & Ireland,Retail & E-commerce,21,2,WhatsApp Business|SMS,198325.09,98208.69,0.495,2182363,0.9981,6.2,1,50,Monthly,6,False,Nurture,4755280.35
CLT0472,2023-06,SMB,UK & Ireland,Retail & E-commerce,21,2,WhatsApp Business|SMS,97004.55,43857.31,0.452,1139646,-0.5109,6.2,2,73,Monthly,6,False,Retain,1164054.6
CLT0472,2023-07,SMB,UK & Ireland,Retail & E-commerce,21,2,WhatsApp Business|SMS,97872.19,52420.91,0.536,1100239,0.0089,6.2,0,75,Monthly,7,False,Nurture,1184919.03
CLT0472,2023-08,SMB,UK & Ireland,Retail & E-commerce,21,2,WhatsApp Business|SMS,94483.48,42400.86,0.449,1104376,-0.0346,6.2,2,42,Monthly,7,False,Nurture,1133801.76
CLT0472,2023-09,SMB,UK & Ireland,Retail & E-commerce,21,2,WhatsApp Business|SMS,94904.81,48320.96,0.509,1124663,0.0045,6.2,6,2,Monthly,1,False,Retain,1143982.58
CLT0472,2023-10,SMB,UK & Ireland,Retail & E-commerce,21,2,WhatsApp Business|SMS,98490.01,43168.89,0.438,1218169,0.0378,6.2,0,82,Monthly,4,False,Nurture,1226555.19
CLT0472,2023-11,SMB,UK & Ireland,Retail & E-commerce,21,2,WhatsApp Business|SMS,100968.48,45354.13,0.449,1276293,0.0252,6.2,1,29,Monthly,8,False,Nurture,1242154.63
CLT0473,2023-01,Enterprise,Nordics,Retail & E-commerce,22,3,SMS|Email|WhatsApp Business,534929.12,260025.26,0.486,34515010,0.0,9.8,2,41,Annual,3,False,Expand,6419149.44
CLT0473,2023-03,Enterprise,Nordics,Retail & E-commerce,22,3,SMS|Email|WhatsApp Business,276265.34,159119.48,0.576,17960055,-0.4835,9.8,2,24,Annual,10,False,Retain,3315184.08
CLT0473,2023-04,Enterprise,Nordics,Retail & E-commerce,22,3,SMS|Email|WhatsApp Business,283468.89,128983.49,0.455,18139714,0.0261,9.8,1,51,Annual,12,False,Expand,3490409.14
CLT0473,2023-05,Enterprise,Nordics,Retail & E-commerce,22,3,SMS|Email|WhatsApp Business,593687.71,310274.47,0.523,39297117,1.0944,9.8,6,35,Annual,9,False,Upsell,14921034.48
CLT0473,2023-06,Enterprise,Nordics,Retail & E-commerce,22,3,SMS|Email|WhatsApp Business,307194.93,139226.86,0.453,20050920,-0.4826,9.8,0,33,Annual,11,False,Retain,3686339.16
CLT0473,2023-07,Enterprise,Nordics,Retail & E-commerce,22,3,SMS|Email|WhatsApp Business,299966.33,137995.4,0.46,19774051,-0.0235,9.8,1,18,Annual,2,False,Nurture,3599595.96
CLT0473,2023-08,Enterprise,Nordics,Retail & E-commerce,22,3,SMS|Email|WhatsApp Business,307675.28,164814.14,0.536,19602806,0.0257,9.8,1,2,Annual,10,False,Expand,3786990.42
CLT0473,2023-09,Enterprise,Nordics,Retail & E-commerce,22,3,SMS|Email|WhatsApp Business,301431.47,123337.91,0.409,19264935,-0.0203,9.8,3,21,Annual,3,False,Nurture,3617177.64
CLT0473,2023-10,Enterprise,Nordics,Retail & E-commerce,22,3,SMS|Email|WhatsApp Business,307103.02,148504.68,0.484,19412869,0.0188,9.8,1,17,Annual,6,False,Expand,3754518.68
CLT0473,2023-11,Enterprise,Nordics,Retail & E-commerce,22,3,SMS|Email|WhatsApp Business,315563.17,164446.36,0.521,19654886,0.0275,9.8,4,12,Annual,12,False,Expand,3890893.89
CLT0474,2023-01,Enterprise,Nordics,Fintech,21,3,SMS|Voice|Verification,471597.0,230116.08,0.488,8365059,0.0,8.6,1,34,Annual,6,False,Expand,5659164.0
CLT0474,2023-03,Enterprise,Nordics,Fintech,21,3,SMS|Voice|Verification,241839.84,133518.28,0.552,4300016,-0.4872,8.6,2,46,Annual,8,False,Retain,2902078.08
CLT0474,2023-04,Enterprise,Nordics,Fintech,21,3,SMS|Voice|Verification,254295.28,127448.96,0.501,4533296,0.0515,8.6,1,76,Annual,11,False,Upsell,3208697.84
CLT0474,2023-05,Enterprise,Nordics,Fintech,21,3,SMS|Voice|Verification,539063.72,237890.05,0.441,9840112,1.1198,8.6,0,48,Annual,12,False,Upsell,13712487.28
CLT0474,2023-06,Enterprise,Nordics,Fintech,21,3,SMS|Voice|Verification,284405.56,142622.58,0.501,5252381,-0.4724,8.6,3,26,Annual,8,False,Retain,3412866.72
CLT0474,2023-07,Enterprise,Nordics,Fintech,21,3,SMS|Voice|Verification,296938.76,142707.28,0.481,5560706,0.0441,8.6,1,83,Annual,3,False,Upsell,3720405.11
CLT0474,2023-08,Enterprise,Nordics,Fintech,21,3,SMS|Voice|Verification,292739.0,157145.71,0.537,5633583,-0.0141,8.6,3,30,Annual,8,False,Nurture,3512868.0
CLT0474,2023-09,Enterprise,Nordics,Fintech,21,3,SMS|Voice|Verification,322183.28,153705.7,0.477,6218815,0.1006,8.6,2,51,Annual,7,False,Upsell,4255139.02
CLT0474,2023-10,Enterprise,Nordics,Fintech,21,3,SMS|Voice|Verification,341153.52,175442.12,0.514,6634479,0.0589,8.6,3,6,Annual,5,False,Upsell,4334969.55
CLT0474,2023-11,Enterprise,Nordics,Fintech,21,3,SMS|Voice|Verification,343829.96,165526.39,0.481,6698850,0.0078,8.6,2,9,Annual,5,False,Expand,4158142.0
CLT0475,2023-01,Mid-Market,UK & Ireland,Technology & SaaS,15,3,Email|Verification|SMS,227405.99,110269.29,0.485,11797009,0.0,6.8,3,66,Monthly,7,True,Retain,2728871.88
CLT0475,2023-03,Mid-Market,UK & Ireland,Technology & SaaS,15,3,Email|Verification|SMS,98422.88,45730.36,0.465,5276436,-0.5672,6.8,7,108,Monthly,4,True,Retain,1181074.56
CLT0475,2023-04,Mid-Market,UK & Ireland,Technology & SaaS,15,3,Email|Verification|SMS,91953.24,34252.89,0.373,4719050,-0.0657,6.8,2,44,Monthly,3,True,Retain,1103438.88
CLT0475,2023-05,Mid-Market,UK & Ireland,Technology & SaaS,15,3,Email|Verification|SMS,163066.73,82305.93,0.505,8598834,0.7734,6.8,5,150,Monthly,1,True,Retain,3470190.47
CLT0475,2023-06,Mid-Market,UK & Ireland,Technology & SaaS,15,3,Email|Verification|SMS,73033.39,32272.55,0.442,3844890,-0.5521,6.8,3,169,Monthly,2,True,Retain,876400.68
CLT0475,2023-07,Mid-Market,UK & Ireland,Technology & SaaS,15,3,Email|Verification|SMS,67640.28,25919.72,0.383,3586376,-0.0738,6.8,4,86,Monthly,8,True,Retain,811683.36
CLT0475,2023-08,Mid-Market,UK & Ireland,Technology & SaaS,15,3,Email|Verification|SMS,67532.29,30765.45,0.456,3630264,-0.0016,6.8,2,69,Monthly,3,True,Retain,810387.48
CLT0475,2023-09,Mid-Market,UK & Ireland,Technology & SaaS,15,3,Email|Verification|SMS,65687.68,30263.55,0.461,3506964,-0.0273,6.8,7,173,Monthly,3,True,Retain,788252.16
CLT0475,2023-10,Mid-Market,UK & Ireland,Technology & SaaS,15,3,Email|Verification|SMS,63042.4,33027.01,0.524,3328695,-0.0403,6.8,3,61,Monthly,1,True,Retain,756508.8
CLT0475,2023-11,Mid-Market,UK & Ireland,Technology & SaaS,15,3,Email|Verification|SMS,60228.81,26455.18,0.439,3181248,-0.0446,6.8,4,81,Monthly,6,True,Retain,722745.72
CLT0476,2023-01,Mid-Market,Nordics,Gaming & Entertainment,18,3,Email|SMS|Verification,274252.97,133235.94,0.486,11853336,0.0,7.6,2,82,Monthly,3,False,Nurture,3291035.64
CLT0476,2023-03,Mid-Market,Nordics,Gaming & Entertainment,18,3,Email|SMS|Verification,140126.56,74591.28,0.532,6284177,-0.4891,7.6,0,40,Monthly,11,False,Retain,1681518.72
CLT0476,2023-04,Mid-Market,Nordics,Gaming & Entertainment,18,3,Email|SMS|Verification,140746.9,71526.01,0.508,6521299,0.0044,7.6,2,25,Monthly,10,False,Nurture,1696394.24
CLT0476,2023-05,Mid-Market,Nordics,Gaming & Entertainment,18,3,Email|SMS|Verification,295008.88,156809.37,0.532,14063807,1.096,7.6,3,20,Monthly,3,False,Upsell,7420063.35
CLT0476,2023-06,Mid-Market,Nordics,Gaming & Entertainment,18,3,Email|SMS|Verification,156140.02,77811.64,0.498,7954549,-0.4707,7.6,0,78,Monthly,11,False,Retain,1873680.24
CLT0476,2023-07,Mid-Market,Nordics,Gaming & Entertainment,18,3,Email|SMS|Verification,164172.41,82153.82,0.5,8360748,0.0514,7.6,4,48,Monthly,1,False,Upsell,2071330.46
CLT0476,2023-08,Mid-Market,Nordics,Gaming & Entertainment,18,3,Email|SMS|Verification,165766.49,83929.53,0.506,8785850,0.0097,7.6,1,12,Monthly,12,False,Nurture,2008493.1
CLT0476,2023-09,Mid-Market,Nordics,Gaming & Entertainment,18,3,Email|SMS|Verification,163337.46,69975.1,0.428,8875001,-0.0147,7.6,1,87,Monthly,11,False,Nurture,1960049.52
CLT0476,2023-10,Mid-Market,Nordics,Gaming & Entertainment,18,3,Email|SMS|Verification,171029.38,69319.55,0.405,9453766,0.0471,7.6,1,40,Monthly,10,False,Upsell,2149018.37
CLT0476,2023-11,Mid-Market,Nordics,Gaming & Entertainment,18,3,Email|SMS|Verification,175492.02,92018.63,0.524,10044700,0.0261,7.6,2,51,Monthly,3,False,Nurture,2160868.34
CLT0477,2023-01,Enterprise,Southern Europe,Technology & SaaS,29,4,Voice|Verification|Email|SMS,986475.61,462880.63,0.469,43730925,0.0,8.4,0,72,Multi-year,5,False,Expand,11837707.32
CLT0477,2023-03,Enterprise,Southern Europe,Technology & SaaS,29,4,Voice|Verification|Email|SMS,505321.74,220258.08,0.436,22745092,-0.4878,8.4,0,4,Multi-year,8,False,Retain,6063860.88
CLT0477,2023-04,Enterprise,Southern Europe,Technology & SaaS,29,4,Voice|Verification|Email|SMS,517029.51,205729.7,0.398,24496462,0.0232,8.4,2,56,Multi-year,11,False,Expand,6348295.14
CLT0477,2023-05,Enterprise,Southern Europe,Technology & SaaS,29,4,Voice|Verification|Email|SMS,1097602.02,481767.18,0.439,53942555,1.1229,8.4,2,83,Multi-year,11,False,Expand,27961191.94
CLT0477,2023-06,Enterprise,Southern Europe,Technology & SaaS,29,4,Voice|Verification|Email|SMS,597470.19,294488.95,0.493,30300147,-0.4557,8.4,2,76,Multi-year,6,False,Retain,7169642.28
CLT0477,2023-07,Enterprise,Southern Europe,Technology & SaaS,29,4,Voice|Verification|Email|SMS,613398.24,344190.87,0.561,30747496,0.0267,8.4,2,26,Multi-year,10,False,Expand,7557311.68
CLT0477,2023-08,Enterprise,Southern Europe,Technology & SaaS,29,4,Voice|Verification|Email|SMS,631665.41,264528.95,0.419,31978491,0.0298,8.4,2,7,Multi-year,9,False,Expand,7805868.47
CLT0477,2023-09,Enterprise,Southern Europe,Technology & SaaS,29,4,Voice|Verification|Email|SMS,644380.25,296431.99,0.46,33402686,0.0201,8.4,1,60,Multi-year,9,False,Expand,7887987.52
CLT0477,2023-10,Enterprise,Southern Europe,Technology & SaaS,29,4,Voice|Verification|Email|SMS,650271.68,277938.91,0.427,34621614,0.0091,8.4,2,28,Multi-year,11,False,Expand,7874269.83
CLT0477,2023-11,Enterprise,Southern Europe,Technology & SaaS,29,4,Voice|Verification|Email|SMS,673155.25,300702.71,0.447,36869712,0.0352,8.4,3,85,Multi-year,5,False,Expand,8362203.78
CLT0478,2023-01,Enterprise,North America,Fintech,34,4,SMS|Voice|Verification|WhatsApp Business,1137931.97,578177.57,0.508,14617655,0.0,8.9,2,64,Annual,7,False,Expand,13655183.64
CLT0478,2023-03,Enterprise,North America,Fintech,34,4,SMS|Voice|Verification|WhatsApp Business,608795.22,327989.32,0.539,8151283,-0.465,8.9,5,59,Annual,11,False,Retain,7305542.64
CLT0478,2023-04,Enterprise,North America,Fintech,34,4,SMS|Voice|Verification|WhatsApp Business,620951.79,275327.68,0.443,8437513,0.02,8.9,2,80,Annual,1,False,Expand,7600449.91
CLT0478,2023-05,Enterprise,North America,Fintech,34,4,SMS|Voice|Verification|WhatsApp Business,1251367.21,642999.89,0.514,17240520,1.0152,8.9,1,7,Annual,8,False,Expand,30261062.42
CLT0478,2023-06,Enterprise,North America,Fintech,34,4,SMS|Voice|Verification|WhatsApp Business,649435.35,283431.84,0.436,9043273,-0.481,8.9,4,65,Annual,3,False,Retain,7793224.2
CLT0478,2023-07,Enterprise,North America,Fintech,34,4,SMS|Voice|Verification|WhatsApp Business,658802.19,341982.93,0.519,9092420,0.0144,8.9,4,40,Annual,5,False,Expand,8019467.3
CLT0478,2023-08,Enterprise,North America,Fintech,34,4,SMS|Voice|Verification|WhatsApp Business,648713.08,295496.82,0.456,8814972,-0.0153,8.9,2,52,Annual,7,False,Nurture,7784556.96
CLT0478,2023-09,Enterprise,North America,Fintech,34,4,SMS|Voice|Verification|WhatsApp Business,663502.55,330590.9,0.498,9110021,0.0228,8.9,1,51,Annual,7,False,Expand,8143564.9
CLT0478,2023-10,Enterprise,North America,Fintech,34,4,SMS|Voice|Verification|WhatsApp Business,677659.51,253994.32,0.375,9217613,0.0213,8.9,3,78,Annual,5,False,Expand,8305123.89
CLT0478,2023-11,Enterprise,North America,Fintech,34,4,SMS|Voice|Verification|WhatsApp Business,687550.83,279221.43,0.406,9519359,0.0146,8.9,3,89,Annual,9,False,Expand,8371068.87
CLT0479,2023-01,Enterprise,Southern Europe,Fintech,54,4,Verification|WhatsApp Business|Voice|SMS,962507.29,499867.71,0.519,7937538,0.0,7.0,0,29,Multi-year,7,False,Expand,11550087.48
CLT0479,2023-03,Enterprise,Southern Europe,Fintech,54,4,Verification|WhatsApp Business|Voice|SMS,492368.96,261764.71,0.532,4168681,-0.4885,7.0,3,88,Multi-year,1,False,Retain,5908427.52
CLT0479,2023-04,Enterprise,Southern Europe,Fintech,54,4,Verification|WhatsApp Business|Voice|SMS,497714.43,248365.58,0.499,4337653,0.0109,7.0,1,88,Multi-year,10,False,Expand,6037674.21
CLT0479,2023-05,Enterprise,Southern Europe,Fintech,54,4,Verification|WhatsApp Business|Voice|SMS,1028227.74,461209.59,0.449,8858975,1.0659,7.0,3,82,Multi-year,5,False,Expand,25490588.26
CLT0479,2023-06,Enterprise,Southern Europe,Fintech,54,4,Verification|WhatsApp Business|Voice|SMS,541125.66,229235.01,0.424,4831496,-0.4737,7.0,1,27,Multi-year,9,False,Retain,6493507.92
CLT0479,2023-07,Enterprise,Southern Europe,Fintech,54,4,Verification|WhatsApp Business|Voice|SMS,564554.11,234141.12,0.415,5140557,0.0433,7.0,3,53,Multi-year,9,False,Expand,7067991.64
CLT0479,2023-08,Enterprise,Southern Europe,Fintech,54,4,Verification|WhatsApp Business|Voice|SMS,609696.3,251716.58,0.413,5542848,0.08,7.0,2,21,Multi-year,11,False,Expand,7901664.05
CLT0479,2023-09,Enterprise,Southern Europe,Fintech,54,4,Verification|WhatsApp Business|Voice|SMS,623905.95,267882.66,0.429,5619399,0.0233,7.0,1,46,Multi-year,12,False,Expand,7661315.5
CLT0479,2023-10,Enterprise,Southern Europe,Fintech,54,4,Verification|WhatsApp Business|Voice|SMS,640493.29,293913.71,0.459,5870606,0.0266,7.0,4,3,Multi-year,9,False,Expand,7890364.94
CLT0479,2023-11,Enterprise,Southern Europe,Fintech,54,4,Verification|WhatsApp Business|Voice|SMS,664436.12,304583.01,0.458,6196242,0.0374,7.0,1,42,Multi-year,6,False,Expand,8271432.37
CLT0480,2023-01,SMB,Southern Europe,Technology & SaaS,4,2,SMS|Email,75050.5,31177.08,0.415,5120317,0.0,5.3,3,178,Annual,3,True,Retain,900606.0
CLT0480,2023-03,SMB,Southern Europe,Technology & SaaS,4,2,SMS|Email,33948.67,16784.6,0.494,2368527,-0.5477,5.3,2,115,Annual,11,True,Retain,407384.04
CLT0480,2023-04,SMB,Southern Europe,Technology & SaaS,4,2,SMS|Email,32149.03,17982.35,0.559,2200811,-0.053,5.3,2,139,Annual,3,True,Retain,385788.36
CLT0480,2023-05,SMB,Southern Europe,Technology & SaaS,4,2,SMS|Email,53997.03,27595.56,0.511,3699243,0.6796,5.3,8,176,Annual,8,True,Retain,1088320.94
CLT0480,2023-06,SMB,Southern Europe,Technology & SaaS,4,2,SMS|Email,24214.32,13173.07,0.544,1636556,-0.5516,5.3,3,77,Annual,7,True,Retain,290571.84
CLT0480,2023-07,SMB,Southern Europe,Technology & SaaS,4,2,SMS|Email,23078.21,9378.72,0.406,1560918,-0.0469,5.3,4,127,Annual,10,True,Retain,276938.52
CLT0480,2023-08,SMB,Southern Europe,Technology & SaaS,4,2,SMS|Email,20537.19,9421.96,0.459,1370095,-0.1101,5.3,3,67,Annual,4,True,Retain,246446.28
CLT0480,2023-09,SMB,Southern Europe,Technology & SaaS,4,2,SMS|Email,19702.76,10033.81,0.509,1347492,-0.0406,5.3,5,66,Annual,6,True,Retain,236433.12
CLT0480,2023-10,SMB,Southern Europe,Technology & SaaS,4,2,SMS|Email,18728.81,9181.14,0.49,1268776,-0.0494,5.3,2,144,Annual,12,True,Retain,224745.72
CLT0480,2023-11,SMB,Southern Europe,Technology & SaaS,4,2,SMS|Email,17156.49,7294.54,0.425,1183611,-0.084,5.3,1,70,Annual,8,True,Retain,205877.88
CLT0481,2023-01,Mid-Market,LATAM,Fintech,15,3,Voice|Verification|SMS,228492.6,107194.13,0.469,2625272,0.0,6.4,3,32,Multi-year,11,False,Nurture,2741911.2
CLT0481,2023-03,Mid-Market,LATAM,Fintech,15,3,Voice|Verification|SMS,117881.84,47425.37,0.402,1354734,-0.4841,6.4,1,39,Multi-year,12,False,Retain,1414582.08
CLT0481,2023-04,Mid-Market,LATAM,Fintech,15,3,Voice|Verification|SMS,121962.16,60230.6,0.494,1394680,0.0346,6.4,9,53,Multi-year,9,False,Retain,1514184.61
CLT0481,2023-05,Mid-Market,LATAM,Fintech,15,3,Voice|Verification|SMS,255209.24,123100.1,0.482,2899974,1.0925,6.4,0,78,Multi-year,12,False,Nurture,6408304.02
CLT0481,2023-06,Mid-Market,LATAM,Fintech,15,3,Voice|Verification|SMS,130444.0,68992.79,0.529,1480765,-0.4889,6.4,2,22,Multi-year,8,False,Retain,1565328.0
CLT0481,2023-07,Mid-Market,LATAM,Fintech,15,3,Voice|Verification|SMS,132928.6,56732.95,0.427,1517969,0.019,6.4,2,8,Multi-year,12,False,Nurture,1625450.92
CLT0481,2023-08,Mid-Market,LATAM,Fintech,15,3,Voice|Verification|SMS,134093.2,64515.89,0.481,1541361,0.0088,6.4,3,88,Multi-year,5,False,Nurture,1623278.64
CLT0481,2023-09,Mid-Market,LATAM,Fintech,15,3,Voice|Verification|SMS,141272.96,57459.72,0.407,1626242,0.0535,6.4,2,60,Multi-year,3,False,Nurture,1785972.76
CLT0481,2023-10,Mid-Market,LATAM,Fintech,15,3,Voice|Verification|SMS,141439.36,78398.16,0.554,1639855,0.0012,6.4,5,25,Multi-year,11,False,Retain,1699309.05
CLT0481,2023-11,Mid-Market,LATAM,Fintech,15,3,Voice|Verification|SMS,145366.04,79567.64,0.547,1689450,0.0278,6.4,2,88,Multi-year,4,False,Nurture,1792886.59
CLT0482,2023-01,Mid-Market,UK & Ireland,Technology & SaaS,21,3,SMS|Verification|Email,483328.58,218855.39,0.453,22223145,0.0,7.1,4,33,Multi-year,11,False,Nurture,5799942.96
CLT0482,2023-03,Mid-Market,UK & Ireland,Technology & SaaS,21,3,SMS|Verification|Email,252868.09,133461.23,0.528,11457748,-0.4768,7.1,0,33,Multi-year,7,False,Retain,3034417.08
CLT0482,2023-04,Mid-Market,UK & Ireland,Technology & SaaS,21,3,SMS|Verification|Email,260539.52,110796.51,0.425,11652184,0.0303,7.1,3,54,Multi-year,7,False,Upsell,3221206.41
CLT0482,2023-05,Mid-Market,UK & Ireland,Technology & SaaS,21,3,SMS|Verification|Email,531260.7,258297.72,0.486,24315268,1.0391,7.1,1,14,Multi-year,1,False,Upsell,12999524.32
CLT0482,2023-06,Mid-Market,UK & Ireland,Technology & SaaS,21,3,SMS|Verification|Email,272192.62,116910.45,0.43,12936312,-0.4876,7.1,1,46,Multi-year,2,False,Retain,3266311.44
CLT0482,2023-07,Mid-Market,UK & Ireland,Technology & SaaS,21,3,SMS|Verification|Email,291742.12,144242.3,0.494,14054292,0.0718,7.1,2,39,Multi-year,10,False,Upsell,3752270.45
CLT0482,2023-08,Mid-Market,UK & Ireland,Technology & SaaS,21,3,SMS|Verification|Email,310453.64,170294.23,0.549,14477572,0.0641,7.1,1,50,Multi-year,2,False,Upsell,3964244.62
CLT0482,2023-09,Mid-Market,UK & Ireland,Technology & SaaS,21,3,SMS|Verification|Email,325664.3,130334.97,0.4,15043977,0.049,7.1,0,70,Multi-year,1,False,Upsell,4099462.21
CLT0482,2023-10,Mid-Market,UK & Ireland,Technology & SaaS,21,3,SMS|Verification|Email,336277.88,138594.7,0.412,15606197,0.0326,7.1,1,49,Multi-year,9,False,Upsell,4166886.47
CLT0482,2023-11,Mid-Market,UK & Ireland,Technology & SaaS,21,3,SMS|Verification|Email,363713.56,166596.32,0.458,16806245,0.0816,7.1,0,51,Multi-year,3,False,Upsell,4720711.04
CLT0483,2023-01,SMB,APAC,Retail & E-commerce,10,2,SMS|Email,10323.63,5462.77,0.529,1058028,0.0,3.6,3,65,Annual,9,False,Retain,123883.56
CLT0483,2023-03,SMB,APAC,Retail & E-commerce,10,2,SMS|Email,5311.61,2633.97,0.496,564922,-0.4855,3.6,1,50,Annual,12,False,Retain,63739.32
CLT0483,2023-04,SMB,APAC,Retail & E-commerce,10,2,SMS|Email,5295.65,2745.58,0.518,555298,-0.003,3.6,2,67,Annual,12,False,Retain,63547.8
CLT0483,2023-05,SMB,APAC,Retail & E-commerce,10,2,SMS|Email,10681.2,4792.49,0.449,1159250,1.017,3.6,0,67,Annual,8,False,Retain,258527.76
CLT0483,2023-06,SMB,APAC,Retail & E-commerce,10,2,SMS|Email,5915.53,2875.88,0.486,673680,-0.4462,3.6,1,79,Annual,3,False,Retain,70986.36
CLT0483,2023-07,SMB,APAC,Retail & E-commerce,10,2,SMS|Email,6158.63,2354.17,0.382,715974,0.0411,3.6,0,35,Annual,5,False,Retain,76941.0
CLT0483,2023-08,SMB,APAC,Retail & E-commerce,10,2,SMS|Email,6361.74,3260.23,0.512,776306,0.033,3.6,1,78,Annual,5,False,Retain,78860.13
CLT0483,2023-09,SMB,APAC,Retail & E-commerce,10,2,SMS|Email,6923.59,3723.4,0.538,819958,0.0883,3.6,1,3,Annual,4,False,Retain,90419.32
CLT0483,2023-10,SMB,APAC,Retail & E-commerce,10,2,SMS|Email,7221.55,2796.27,0.387,860223,0.043,3.6,2,88,Annual,11,False,Retain,90384.92
CLT0483,2023-11,SMB,APAC,Retail & E-commerce,10,2,SMS|Email,7695.12,3771.6,0.49,938557,0.0656,3.6,3,87,Annual,10,False,Retain,98399.04
CLT0484,2023-01,SMB,North America,Retail & E-commerce,15,2,Email|WhatsApp Business,130066.39,61951.22,0.476,6785133,0.0,5.8,0,47,Multi-year,2,False,Retain,1560796.68
CLT0484,2023-03,SMB,North America,Retail & E-commerce,15,2,Email|WhatsApp Business,70136.43,28268.23,0.403,3471726,-0.4608,5.8,2,67,Multi-year,7,False,Retain,841637.16
CLT0484,2023-04,SMB,North America,Retail & E-commerce,15,2,Email|WhatsApp Business,74886.46,27207.29,0.363,3560742,0.0677,5.8,3,80,Multi-year,12,False,Retain,959475.28
CLT0484,2023-05,SMB,North America,Retail & E-commerce,15,2,Email|WhatsApp Business,164660.6,67611.75,0.411,7465578,1.1988,5.8,2,42,Multi-year,7,False,Retain,4344668.73
CLT0484,2023-06,SMB,North America,Retail & E-commerce,15,2,Email|WhatsApp Business,88768.9,44585.92,0.502,3926041,-0.4609,5.8,2,12,Multi-year,4,False,Retain,1065226.8
CLT0484,2023-07,SMB,North America,Retail & E-commerce,15,2,Email|WhatsApp Business,91097.21,36055.02,0.396,4154409,0.0262,5.8,1,86,Multi-year,5,False,Retain,1121807.48
CLT0484,2023-08,SMB,North America,Retail & E-commerce,15,2,Email|WhatsApp Business,89804.41,34553.93,0.385,4418613,-0.0142,5.8,0,35,Multi-year,1,False,Retain,1077652.92
CLT0484,2023-09,SMB,North America,Retail & E-commerce,15,2,Email|WhatsApp Business,92483.2,42642.68,0.461,4824117,0.0298,5.8,1,72,Multi-year,9,False,Retain,1142870.39
CLT0484,2023-10,SMB,North America,Retail & E-commerce,15,2,Email|WhatsApp Business,95456.07,47009.71,0.492,4892546,0.0321,5.8,0,30,Multi-year,12,False,Retain,1182242.52
CLT0484,2023-11,SMB,North America,Retail & E-commerce,15,2,Email|WhatsApp Business,101813.73,43881.65,0.431,4772693,0.0666,5.8,4,84,Multi-year,4,False,Retain,1303134.29
CLT0485,2023-01,Mid-Market,DACH,Technology & SaaS,28,2,Verification|Email,165765.8,77454.19,0.467,9164576,0.0,8.3,0,13,Annual,9,False,Nurture,1989189.6
CLT0485,2023-03,Mid-Market,DACH,Technology & SaaS,28,2,Verification|Email,81401.96,32167.64,0.395,4623757,-0.5089,8.3,3,32,Annual,9,False,Retain,976823.52
CLT0485,2023-04,Mid-Market,DACH,Technology & SaaS,28,2,Verification|Email,82516.73,40120.01,0.486,4402275,0.0137,8.3,1,4,Annual,2,False,Nurture,1003766.51
CLT0485,2023-05,Mid-Market,DACH,Technology & SaaS,28,2,Verification|Email,178353.88,92880.08,0.521,9164950,1.1614,8.3,2,51,Annual,10,False,Upsell,4625928.91
CLT0485,2023-06,Mid-Market,DACH,Technology & SaaS,28,2,Verification|Email,93547.91,33414.5,0.357,4614667,-0.4755,8.3,4,25,Annual,5,False,Retain,1122574.92
CLT0485,2023-07,Mid-Market,DACH,Technology & SaaS,28,2,Verification|Email,90239.04,46703.56,0.518,4617753,-0.0354,8.3,3,61,Annual,7,False,Nurture,1082868.48
CLT0485,2023-08,Mid-Market,DACH,Technology & SaaS,28,2,Verification|Email,90485.2,43499.93,0.481,4696700,0.0027,8.3,1,75,Annual,2,False,Nurture,1088754.12
CLT0485,2023-09,Mid-Market,DACH,Technology & SaaS,28,2,Verification|Email,97407.49,39973.66,0.41,4878518,0.0765,8.3,0,18,Annual,11,False,Upsell,1258309.96
CLT0485,2023-10,Mid-Market,DACH,Technology & SaaS,28,2,Verification|Email,101664.46,55542.54,0.546,4901448,0.0437,8.3,5,27,Annual,8,False,Upsell,1273286.36
CLT0485,2023-11,Mid-Market,DACH,Technology & SaaS,28,2,Verification|Email,97932.58,36426.55,0.372,4921165,-0.0367,8.3,4,64,Annual,10,False,Nurture,1175190.96
CLT0486,2023-01,Enterprise,LATAM,Gaming & Entertainment,24,3,SMS|Verification|Email,410989.9,180641.08,0.44,17597352,0.0,7.0,5,32,Annual,11,False,Expand,4931878.8
CLT0486,2023-03,Enterprise,LATAM,Gaming & Entertainment,24,3,SMS|Verification|Email,197042.77,107674.44,0.546,8669253,-0.5206,7.0,1,79,Annual,9,False,Retain,2364513.24
CLT0486,2023-04,Enterprise,LATAM,Gaming & Entertainment,24,3,SMS|Verification|Email,202109.49,84056.5,0.416,8856415,0.0257,7.0,2,1,Annual,2,False,Expand,2487644.45
CLT0486,2023-05,Enterprise,LATAM,Gaming & Entertainment,24,3,SMS|Verification|Email,429529.52,191539.6,0.446,18345068,1.1252,7.0,2,87,Annual,3,False,Upsell,10954033.63
CLT0486,2023-06,Enterprise,LATAM,Gaming & Entertainment,24,3,SMS|Verification|Email,226307.4,110411.79,0.488,9441215,-0.4731,7.0,3,21,Annual,1,False,Retain,2715688.8
CLT0486,2023-07,Enterprise,LATAM,Gaming & Entertainment,24,3,SMS|Verification|Email,242830.18,125504.67,0.517,9922766,0.073,7.0,3,10,Annual,7,False,Upsell,3126681.4
CLT0486,2023-08,Enterprise,LATAM,Gaming & Entertainment,24,3,SMS|Verification|Email,222524.86,94038.12,0.423,9463752,-0.0836,7.0,4,28,Annual,2,False,Retain,2670298.32
CLT0486,2023-09,Enterprise,LATAM,Gaming & Entertainment,24,3,SMS|Verification|Email,228223.21,110741.81,0.485,9382437,0.0256,7.0,3,65,Annual,6,False,Expand,2808788.69
CLT0486,2023-10,Enterprise,LATAM,Gaming & Entertainment,24,3,SMS|Verification|Email,212352.88,120550.95,0.568,8799222,-0.0695,7.0,1,24,Annual,1,False,Retain,2548234.56
CLT0486,2023-11,Enterprise,LATAM,Gaming & Entertainment,24,3,SMS|Verification|Email,219914.99,89682.4,0.408,9159649,0.0356,7.0,1,1,Annual,11,False,Upsell,2732927.56
CLT0487,2023-01,SMB,North America,Retail & E-commerce,18,3,SMS|Email|WhatsApp Business,187335.11,81809.5,0.437,8556628,0.0,6.7,4,20,Monthly,4,False,Nurture,2248021.32
CLT0487,2023-03,SMB,North America,Retail & E-commerce,18,3,SMS|Email|WhatsApp Business,100147.72,46076.53,0.46,4381139,-0.4654,6.7,3,75,Monthly,2,False,Retain,1201772.64
CLT0487,2023-04,SMB,North America,Retail & E-commerce,18,3,SMS|Email|WhatsApp Business,102174.37,43367.33,0.424,4355290,0.0202,6.7,3,47,Monthly,3,False,Nurture,1250859.51
CLT0487,2023-05,SMB,North America,Retail & E-commerce,18,3,SMS|Email|WhatsApp Business,217809.05,89864.03,0.413,9758298,1.1317,6.7,1,28,Monthly,2,False,Nurture,5571642.62
CLT0487,2023-06,SMB,North America,Retail & E-commerce,18,3,SMS|Email|WhatsApp Business,115010.75,58866.67,0.512,5061598,-0.472,6.7,3,25,Monthly,4,False,Retain,1380129.0
CLT0487,2023-07,SMB,North America,Retail & E-commerce,18,3,SMS|Email|WhatsApp Business,124841.57,66450.59,0.532,5280131,0.0855,6.7,0,51,Monthly,11,False,Nurture,1626186.29
CLT0487,2023-08,SMB,North America,Retail & E-commerce,18,3,SMS|Email|WhatsApp Business,136068.68,67111.61,0.493,5507668,0.0899,6.7,1,88,Monthly,4,False,Nurture,1779615.05
CLT0487,2023-09,SMB,North America,Retail & E-commerce,18,3,SMS|Email|WhatsApp Business,147506.94,69772.21,0.473,5939745,0.0841,6.7,1,87,Monthly,2,False,Nurture,1918947.28
CLT0487,2023-10,SMB,North America,Retail & E-commerce,18,3,SMS|Email|WhatsApp Business,157689.61,69513.28,0.441,6176468,0.069,6.7,4,38,Monthly,1,False,Nurture,2022842.32
CLT0487,2023-11,SMB,North America,Retail & E-commerce,18,3,SMS|Email|WhatsApp Business,155192.27,69158.79,0.446,6022255,-0.0158,6.7,2,76,Monthly,9,False,Nurture,1862307.24
CLT0488,2023-01,Mid-Market,UK & Ireland,Gaming & Entertainment,23,2,Email|Verification,67906.9,37671.03,0.555,3994204,0.0,7.4,4,23,Multi-year,2,False,Nurture,814882.8
CLT0488,2023-03,Mid-Market,UK & Ireland,Gaming & Entertainment,23,2,Email|Verification,37534.39,19447.43,0.518,2172309,-0.4473,7.4,2,22,Multi-year,8,False,Retain,450412.68
CLT0488,2023-04,Mid-Market,UK & Ireland,Gaming & Entertainment,23,2,Email|Verification,38852.18,19058.22,0.491,2458156,0.0351,7.4,3,6,Multi-year,3,False,Upsell,482590.7
CLT0488,2023-05,Mid-Market,UK & Ireland,Gaming & Entertainment,23,2,Email|Verification,77314.28,39255.07,0.508,5270070,0.99,7.4,1,32,Multi-year,2,False,Upsell,1846265.01
CLT0488,2023-06,Mid-Market,UK & Ireland,Gaming & Entertainment,23,2,Email|Verification,38917.86,18475.79,0.475,2684861,-0.4966,7.4,1,71,Multi-year,10,False,Retain,467014.32
CLT0488,2023-07,Mid-Market,UK & Ireland,Gaming & Entertainment,23,2,Email|Verification,40640.97,19596.11,0.482,2875509,0.0443,7.4,3,55,Multi-year,8,False,Upsell,509296.38
CLT0488,2023-08,Mid-Market,UK & Ireland,Gaming & Entertainment,23,2,Email|Verification,41668.33,19876.3,0.477,3137711,0.0253,7.4,1,24,Multi-year,1,False,Nurture,512670.46
CLT0488,2023-09,Mid-Market,UK & Ireland,Gaming & Entertainment,23,2,Email|Verification,43374.86,18295.87,0.422,3259897,0.041,7.4,1,15,Multi-year,3,False,Upsell,541838.75
CLT0488,2023-10,Mid-Market,UK & Ireland,Gaming & Entertainment,23,2,Email|Verification,43640.0,22756.5,0.521,3152424,0.0061,7.4,3,80,Multi-year,6,False,Nurture,526874.45
CLT0488,2023-11,Mid-Market,UK & Ireland,Gaming & Entertainment,23,2,Email|Verification,44827.04,20475.17,0.457,3318719,0.0272,7.4,0,78,Multi-year,1,False,Nurture,552556.03
CLT0489,2023-01,Mid-Market,Nordics,Fintech,6,2,SMS|Verification,242953.28,116840.12,0.481,5051398,0.0,7.2,1,32,Annual,2,False,Nurture,2915439.36
CLT0489,2023-03,Mid-Market,Nordics,Fintech,6,2,SMS|Verification,115395.4,46422.24,0.402,2359632,-0.525,7.2,0,85,Annual,8,False,Retain,1384744.8
CLT0489,2023-04,Mid-Market,Nordics,Fintech,6,2,SMS|Verification,116052.0,59022.3,0.509,2386946,0.0057,7.2,4,63,Annual,11,False,Nurture,1400561.96
CLT0489,2023-05,Mid-Market,Nordics,Fintech,6,2,SMS|Verification,237006.44,106022.56,0.447,4876446,1.0422,7.2,0,41,Annual,7,False,Upsell,5808174.62
CLT0489,2023-06,Mid-Market,Nordics,Fintech,6,2,SMS|Verification,123369.6,71396.83,0.579,2538526,-0.4795,7.2,0,74,Annual,12,False,Retain,1480435.2
CLT0489,2023-07,Mid-Market,Nordics,Fintech,6,2,SMS|Verification,127325.8,55338.0,0.435,2614715,0.0321,7.2,2,89,Annual,1,False,Upsell,1576955.5
CLT0489,2023-08,Mid-Market,Nordics,Fintech,6,2,SMS|Verification,129414.36,61387.41,0.474,2647968,0.0164,7.2,2,1,Annual,12,False,Nurture,1578441.07
CLT0489,2023-09,Mid-Market,Nordics,Fintech,6,2,SMS|Verification,126818.84,51638.17,0.407,2629275,-0.0201,7.2,3,1,Annual,12,False,Nurture,1521826.08
CLT0489,2023-10,Mid-Market,Nordics,Fintech,6,2,SMS|Verification,125389.6,55370.7,0.442,2564665,-0.0113,7.2,2,14,Annual,11,False,Nurture,1504675.2
CLT0489,2023-11,Mid-Market,Nordics,Fintech,6,2,SMS|Verification,127477.64,62192.89,0.488,2578849,0.0167,7.2,1,75,Annual,11,False,Nurture,1555278.2
CLT0490,2023-01,Enterprise,Southern Europe,Fintech,44,4,Verification|WhatsApp Business|SMS|Voice,1508839.5,747413.51,0.495,15178950,0.0,8.8,4,11,Annual,8,False,Expand,18106074.0
CLT0490,2023-03,Enterprise,Southern Europe,Fintech,44,4,Verification|WhatsApp Business|SMS|Voice,830172.15,365581.6,0.44,8110144,-0.4498,8.8,3,49,Annual,6,False,Retain,9962065.8
CLT0490,2023-04,Enterprise,Southern Europe,Fintech,44,4,Verification|WhatsApp Business|SMS|Voice,850440.63,397845.76,0.468,8193240,0.0244,8.8,2,28,Annual,3,False,Expand,10454296.58
CLT0490,2023-05,Enterprise,Southern Europe,Fintech,44,4,Verification|WhatsApp Business|SMS|Voice,1811771.84,841730.13,0.465,17831934,1.1304,8.8,4,38,Annual,5,False,Expand,46317584.74
CLT0490,2023-06,Enterprise,Southern Europe,Fintech,44,4,Verification|WhatsApp Business|SMS|Voice,974252.24,509128.64,0.523,9556109,-0.4623,8.8,0,68,Annual,4,False,Retain,11691026.88
CLT0490,2023-07,Enterprise,Southern Europe,Fintech,44,4,Verification|WhatsApp Business|SMS|Voice,1005338.35,458123.4,0.456,10039477,0.0319,8.8,1,33,Annual,4,False,Expand,12448903.72
CLT0490,2023-08,Enterprise,Southern Europe,Fintech,44,4,Verification|WhatsApp Business|SMS|Voice,1056401.96,503991.92,0.477,10316261,0.0508,8.8,4,66,Annual,8,False,Expand,13320806.15
CLT0490,2023-09,Enterprise,Southern Europe,Fintech,44,4,Verification|WhatsApp Business|SMS|Voice,1074160.68,465061.86,0.433,10805128,0.0168,8.8,4,15,Annual,6,False,Expand,13106478.95
CLT0490,2023-10,Enterprise,Southern Europe,Fintech,44,4,Verification|WhatsApp Business|SMS|Voice,1106237.48,595241.54,0.538,11065892,0.0299,8.8,1,10,Annual,6,False,Expand,13671767.77
CLT0490,2023-11,Enterprise,Southern Europe,Fintech,44,4,Verification|WhatsApp Business|SMS|Voice,1188183.85,656950.38,0.553,12095633,0.0741,8.8,1,37,Annual,12,False,Expand,15314739.28
CLT0491,2023-01,Mid-Market,DACH,Retail & E-commerce,9,2,Email|SMS,122354.7,63104.37,0.516,10001549,0.0,7.8,3,64,Annual,5,False,Nurture,1468256.4
CLT0491,2023-03,Mid-Market,DACH,Retail & E-commerce,9,2,Email|SMS,62496.03,27954.84,0.447,5214978,-0.4892,7.8,3,56,Annual,10,False,Retain,749952.36
CLT0491,2023-04,Mid-Market,DACH,Retail & E-commerce,9,2,Email|SMS,63385.37,35409.29,0.559,5329803,0.0142,7.8,2,15,Annual,2,False,Nurture,771425.31
CLT0491,2023-05,Mid-Market,DACH,Retail & E-commerce,9,2,Email|SMS,133719.5,57211.46,0.428,10470698,1.1096,7.8,1,60,Annual,11,False,Upsell,3385135.89
CLT0491,2023-06,Mid-Market,DACH,Retail & E-commerce,9,2,Email|SMS,69593.3,35449.85,0.509,5301498,-0.4796,7.8,2,8,Annual,12,False,Retain,835119.6
CLT0491,2023-07,Mid-Market,DACH,Retail & E-commerce,9,2,Email|SMS,69914.91,29482.0,0.422,5193711,0.0046,7.8,4,89,Annual,9,False,Nurture,842838.22
CLT0491,2023-08,Mid-Market,DACH,Retail & E-commerce,9,2,Email|SMS,71529.55,32756.41,0.458,5428041,0.0231,7.8,2,58,Annual,1,False,Nurture,878182.59
CLT0491,2023-09,Mid-Market,DACH,Retail & E-commerce,9,2,Email|SMS,64551.26,26788.46,0.415,4909160,-0.0976,7.8,2,18,Annual,8,False,Retain,774615.12
CLT0491,2023-10,Mid-Market,DACH,Retail & E-commerce,9,2,Email|SMS,61781.93,27471.31,0.445,4742058,-0.0429,7.8,3,19,Annual,9,False,Nurture,741383.16
CLT0491,2023-11,Mid-Market,DACH,Retail & E-commerce,9,2,Email|SMS,61935.09,28704.33,0.463,4685352,0.0025,7.8,2,24,Annual,1,False,Nurture,745079.13
CLT0492,2023-01,Mid-Market,APAC,Fintech,33,2,SMS|Verification,94788.76,52366.13,0.552,1319489,0.0,8.6,4,33,Annual,1,False,Nurture,1137465.12
CLT0492,2023-03,Mid-Market,APAC,Fintech,33,2,SMS|Verification,47119.76,20041.54,0.425,657314,-0.5029,8.6,7,6,Annual,10,False,Retain,565437.12
CLT0492,2023-04,Mid-Market,APAC,Fintech,33,2,SMS|Verification,49475.0,25541.72,0.516,691381,0.05,8.6,2,31,Annual,11,False,Upsell,623385.0
CLT0492,2023-05,Mid-Market,APAC,Fintech,33,2,SMS|Verification,101497.08,45973.62,0.453,1433044,1.0515,8.6,1,67,Annual,1,False,Upsell,2498655.12
CLT0492,2023-06,Mid-Market,APAC,Fintech,33,2,SMS|Verification,54086.76,27109.62,0.501,766865,-0.4671,8.6,2,70,Annual,12,False,Retain,649041.12
CLT0492,2023-07,Mid-Market,APAC,Fintech,33,2,SMS|Verification,53967.16,27884.1,0.517,766083,-0.0022,8.6,1,26,Annual,5,False,Nurture,647605.92
CLT0492,2023-08,Mid-Market,APAC,Fintech,33,2,SMS|Verification,57476.6,30306.72,0.527,816654,0.065,8.6,3,81,Annual,12,False,Upsell,734550.95
CLT0492,2023-09,Mid-Market,APAC,Fintech,33,2,SMS|Verification,57460.32,30165.07,0.525,819991,-0.0003,8.6,2,73,Annual,11,False,Nurture,689523.84
CLT0492,2023-10,Mid-Market,APAC,Fintech,33,2,SMS|Verification,61254.68,29074.53,0.475,872577,0.066,8.6,1,15,Annual,3,False,Upsell,783569.87
CLT0492,2023-11,Mid-Market,APAC,Fintech,33,2,SMS|Verification,62984.76,28535.21,0.453,898996,0.0282,8.6,2,27,Annual,3,False,Nurture,777131.16
CLT0493,2023-01,Mid-Market,North America,Retail & E-commerce,31,2,Email|WhatsApp Business,192409.04,91898.36,0.478,7785010,0.0,7.0,4,15,Annual,7,False,Nurture,2308908.48
CLT0493,2023-03,Mid-Market,North America,Retail & E-commerce,31,2,Email|WhatsApp Business,97403.69,45333.66,0.465,4130703,-0.4938,7.0,5,86,Annual,11,False,Retain,1168844.28
CLT0493,2023-04,Mid-Market,North America,Retail & E-commerce,31,2,Email|WhatsApp Business,98280.82,41805.57,0.425,4322370,0.009,7.0,5,2,Annual,1,False,Retain,1189984.17
CLT0493,2023-05,Mid-Market,North America,Retail & E-commerce,31,2,Email|WhatsApp Business,193323.43,100925.84,0.522,8885775,0.9671,7.0,2,48,Annual,10,False,Upsell,4563438.23
CLT0493,2023-06,Mid-Market,North America,Retail & E-commerce,31,2,Email|WhatsApp Business,98835.55,38274.66,0.387,4650989,-0.4888,7.0,0,28,Annual,3,False,Retain,1186026.6
CLT0493,2023-07,Mid-Market,North America,Retail & E-commerce,31,2,Email|WhatsApp Business,99928.38,40447.19,0.405,5009185,0.0111,7.0,3,34,Annual,12,False,Nurture,1212451.02
CLT0493,2023-08,Mid-Market,North America,Retail & E-commerce,31,2,Email|WhatsApp Business,98395.18,40040.72,0.407,5530072,-0.0153,7.0,2,10,Annual,9,False,Nurture,1180742.16
CLT0493,2023-09,Mid-Market,North America,Retail & E-commerce,31,2,Email|WhatsApp Business,100319.62,47923.45,0.478,5571829,0.0196,7.0,5,30,Annual,3,False,Retain,1227430.61
CLT0493,2023-10,Mid-Market,North America,Retail & E-commerce,31,2,Email|WhatsApp Business,100346.91,41357.47,0.412,6244040,0.0003,7.0,1,88,Annual,12,False,Nurture,1204524.17
CLT0493,2023-11,Mid-Market,North America,Retail & E-commerce,31,2,Email|WhatsApp Business,98845.87,46708.03,0.473,6550962,-0.015,7.0,4,45,Annual,3,False,Nurture,1186150.44
CLT0494,2023-01,Enterprise,DACH,Healthcare,46,2,Voice|SMS,625425.4,255388.82,0.408,9306201,0.0,7.6,3,58,Multi-year,7,False,Nurture,7505104.8
CLT0494,2023-03,Enterprise,DACH,Healthcare,46,2,Voice|SMS,297772.68,124078.11,0.417,4417539,-0.5239,7.6,2,21,Multi-year,6,False,Retain,3573272.16
CLT0494,2023-04,Enterprise,DACH,Healthcare,46,2,Voice|SMS,315981.28,127911.79,0.405,4650006,0.0611,7.6,4,19,Multi-year,11,False,Upsell,4023452.83
CLT0494,2023-05,Enterprise,DACH,Healthcare,46,2,Voice|SMS,642228.8,283955.19,0.442,9184672,1.0325,7.6,1,6,Multi-year,3,False,Upsell,15663960.43
CLT0494,2023-06,Enterprise,DACH,Healthcare,46,2,Voice|SMS,335534.92,162599.21,0.485,4759089,-0.4775,7.6,4,12,Multi-year,4,False,Retain,4026419.04
CLT0494,2023-07,Enterprise,DACH,Healthcare,46,2,Voice|SMS,348435.36,178539.29,0.512,4871302,0.0384,7.6,3,15,Multi-year,2,False,Upsell,4341783.33
CLT0494,2023-08,Enterprise,DACH,Healthcare,46,2,Voice|SMS,344345.56,122567.45,0.356,4697759,-0.0117,7.6,0,56,Multi-year,8,False,Nurture,4132146.72
CLT0494,2023-09,Enterprise,DACH,Healthcare,46,2,Voice|SMS,377399.28,189946.13,0.503,5102812,0.096,7.6,2,73,Multi-year,6,False,Upsell,4963555.33
CLT0494,2023-10,Enterprise,DACH,Healthcare,46,2,Voice|SMS,372331.68,164908.3,0.443,5021052,-0.0134,7.6,1,38,Multi-year,3,False,Nurture,4467980.16
CLT0494,2023-11,Enterprise,DACH,Healthcare,46,2,Voice|SMS,387692.68,194803.69,0.502,5120093,0.0413,7.6,0,68,Multi-year,12,False,Upsell,4844452.65
CLT0495,2023-01,SMB,Southern Europe,Logistics,8,2,Voice|SMS,50085.0,21896.49,0.437,569663,0.0,6.7,4,85,Monthly,3,True,Retain,601020.0
CLT0495,2023-03,SMB,Southern Europe,Logistics,8,2,Voice|SMS,26044.92,15281.24,0.587,293451,-0.48,6.7,3,128,Monthly,8,True,Retain,312539.04
CLT0495,2023-04,SMB,Southern Europe,Logistics,8,2,Voice|SMS,23749.36,11533.61,0.486,269988,-0.0881,6.7,4,36,Monthly,2,True,Retain,284992.32
CLT0495,2023-05,SMB,Southern Europe,Logistics,8,2,Voice|SMS,47360.12,22394.76,0.473,533127,0.9942,6.7,4,51,Monthly,7,True,Retain,1133346.62
CLT0495,2023-06,SMB,Southern Europe,Logistics,8,2,Voice|SMS,22820.16,8740.9,0.383,255912,-0.5182,6.7,4,144,Monthly,9,True,Retain,273841.92
CLT0495,2023-07,SMB,Southern Europe,Logistics,8,2,Voice|SMS,22516.52,11381.85,0.505,247365,-0.0133,6.7,2,58,Monthly,2,True,Retain,270198.24
CLT0495,2023-08,SMB,Southern Europe,Logistics,8,2,Voice|SMS,22466.52,11579.16,0.515,243301,-0.0022,6.7,5,140,Monthly,8,True,Retain,269598.24
CLT0495,2023-09,SMB,Southern Europe,Logistics,8,2,Voice|SMS,20902.32,9123.21,0.436,230852,-0.0696,6.7,2,167,Monthly,7,True,Retain,250827.84
CLT0495,2023-10,SMB,Southern Europe,Logistics,8,2,Voice|SMS,21488.16,9762.39,0.454,233380,0.028,6.7,6,64,Monthly,10,True,Retain,265077.94
CLT0495,2023-11,SMB,Southern Europe,Logistics,8,2,Voice|SMS,19939.92,8936.94,0.448,222262,-0.0721,6.7,7,31,Monthly,3,True,Retain,239279.04
CLT0496,2023-01,Enterprise,APAC,Retail & E-commerce,30,4,WhatsApp Business|Voice|Email|SMS,1091834.0,455054.38,0.417,25321916,0.0,8.3,0,41,Multi-year,2,False,Expand,13102008.0
CLT0496,2023-03,Enterprise,APAC,Retail & E-commerce,30,4,WhatsApp Business|Voice|Email|SMS,570532.16,276915.01,0.485,12150315,-0.4775,8.3,2,43,Multi-year,4,False,Retain,6846385.92
CLT0496,2023-04,Enterprise,APAC,Retail & E-commerce,30,4,WhatsApp Business|Voice|Email|SMS,579738.1,262875.13,0.453,11909242,0.0161,8.3,2,65,Multi-year,7,False,Expand,7068862.6
CLT0496,2023-05,Enterprise,APAC,Retail & E-commerce,30,4,WhatsApp Business|Voice|Email|SMS,1292665.93,635378.47,0.492,24288445,1.2297,8.3,0,33,Multi-year,3,False,Expand,34587086.69
CLT0496,2023-06,Enterprise,APAC,Retail & E-commerce,30,4,WhatsApp Business|Voice|Email|SMS,751905.01,343351.24,0.457,12402469,-0.4183,8.3,1,56,Multi-year,8,False,Retain,9022860.12
CLT0496,2023-07,Enterprise,APAC,Retail & E-commerce,30,4,WhatsApp Business|Voice|Email|SMS,820271.59,433743.89,0.529,12813206,0.0909,8.3,2,30,Multi-year,1,False,Expand,10738011.33
CLT0496,2023-08,Enterprise,APAC,Retail & E-commerce,30,4,WhatsApp Business|Voice|Email|SMS,854984.7,321655.62,0.376,12487477,0.0423,8.3,1,22,Multi-year,3,False,Expand,10693806.63
CLT0496,2023-09,Enterprise,APAC,Retail & E-commerce,30,4,WhatsApp Business|Voice|Email|SMS,940715.37,466595.3,0.496,12864716,0.1003,8.3,1,6,Multi-year,10,False,Expand,12420829.46
CLT0496,2023-10,Enterprise,APAC,Retail & E-commerce,30,4,WhatsApp Business|Voice|Email|SMS,1032389.75,474233.61,0.459,12981297,0.0975,8.3,4,74,Multi-year,5,False,Expand,13596573.01
CLT0496,2023-11,Enterprise,APAC,Retail & E-commerce,30,4,WhatsApp Business|Voice|Email|SMS,1157117.07,527947.77,0.456,13417490,0.1208,8.3,2,11,Multi-year,8,False,Expand,15562761.74
CLT0497,2023-01,Mid-Market,Southern Europe,Fintech,11,2,Verification|SMS,295092.92,131350.37,0.445,6044403,0.0,7.6,4,116,Annual,4,True,Retain,3541115.04
CLT0497,2023-03,Mid-Market,Southern Europe,Fintech,11,2,Verification|SMS,136645.72,70229.35,0.514,2799762,-0.5369,7.6,4,35,Annual,5,True,Retain,1639748.64
CLT0497,2023-04,Mid-Market,Southern Europe,Fintech,11,2,Verification|SMS,132270.28,47555.99,0.36,2697593,-0.032,7.6,1,33,Annual,6,True,Retain,1587243.36
CLT0497,2023-05,Mid-Market,Southern Europe,Fintech,11,2,Verification|SMS,254359.4,134221.14,0.528,5232771,0.923,7.6,6,80,Annual,2,True,Retain,5869597.51
CLT0497,2023-06,Mid-Market,Southern Europe,Fintech,11,2,Verification|SMS,113631.28,59532.21,0.524,2329452,-0.5533,7.6,4,163,Annual,5,True,Retain,1363575.36
CLT0497,2023-07,Mid-Market,Southern Europe,Fintech,11,2,Verification|SMS,102385.16,45993.98,0.449,2114801,-0.099,7.6,2,49,Annual,1,True,Retain,1228621.92
CLT0497,2023-08,Mid-Market,Southern Europe,Fintech,11,2,Verification|SMS,98841.08,39436.32,0.399,2075025,-0.0346,7.6,4,117,Annual,1,True,Retain,1186092.96
CLT0497,2023-09,Mid-Market,Southern Europe,Fintech,11,2,Verification|SMS,91735.92,40741.22,0.444,1938085,-0.0719,7.6,6,144,Annual,6,True,Retain,1100831.04
CLT0497,2023-10,Mid-Market,Southern Europe,Fintech,11,2,Verification|SMS,91943.32,40177.02,0.437,1939340,0.0023,7.6,3,111,Annual,1,True,Retain,1105857.48
CLT0497,2023-11,Mid-Market,Southern Europe,Fintech,11,2,Verification|SMS,85263.68,38380.44,0.45,1812249,-0.0726,7.6,3,165,Annual,5,True,Retain,1023164.16
CLT0498,2023-01,SMB,Southern Europe,Fintech,7,2,SMS|Verification,93351.64,41268.67,0.442,2084087,0.0,5.1,3,65,Multi-year,6,False,Retain,1120219.68
CLT0498,2023-03,SMB,Southern Europe,Fintech,7,2,SMS|Verification,47508.76,24200.62,0.509,1050764,-0.4911,5.1,1,21,Multi-year,9,False,Retain,570105.12
CLT0498,2023-04,SMB,Southern Europe,Fintech,7,2,SMS|Verification,47652.0,25668.05,0.539,1054781,0.003,5.1,2,38,Multi-year,7,False,Retain,573539.47
CLT0498,2023-05,SMB,Southern Europe,Fintech,7,2,SMS|Verification,99472.8,47672.47,0.479,2217102,1.0875,5.1,0,63,Multi-year,8,False,Retain,2491793.64
CLT0498,2023-06,SMB,Southern Europe,Fintech,7,2,SMS|Verification,49430.72,22660.39,0.458,1098138,-0.5031,5.1,1,8,Multi-year,4,False,Retain,593168.64
CLT0498,2023-07,SMB,Southern Europe,Fintech,7,2,SMS|Verification,50375.12,20664.56,0.41,1122814,0.0191,5.1,3,64,Multi-year,9,False,Retain,616047.42
CLT0498,2023-08,SMB,Southern Europe,Fintech,7,2,SMS|Verification,50201.8,23722.25,0.473,1122635,-0.0034,5.1,2,33,Multi-year,7,False,Retain,602421.6
CLT0498,2023-09,SMB,Southern Europe,Fintech,7,2,SMS|Verification,50421.88,22758.36,0.451,1126158,0.0044,5.1,2,58,Multi-year,10,False,Retain,607724.84
CLT0498,2023-10,SMB,Southern Europe,Fintech,7,2,SMS|Verification,51728.0,24530.11,0.474,1158751,0.0259,5.1,5,63,Multi-year,1,False,Retain,636813.06
CLT0498,2023-11,SMB,Southern Europe,Fintech,7,2,SMS|Verification,52427.24,25340.37,0.483,1170297,0.0135,5.1,2,1,Multi-year,9,False,Retain,637620.09
CLT0499,2023-01,Enterprise,North America,Retail & E-commerce,27,3,Voice|SMS|Email,813183.61,384214.79,0.472,36617386,0.0,8.6,1,84,Monthly,12,False,Expand,9758203.32
CLT0499,2023-03,Enterprise,North America,Retail & E-commerce,27,3,Voice|SMS|Email,404811.19,153215.49,0.378,17852955,-0.5022,8.6,0,30,Monthly,1,False,Retain,4857734.28
CLT0499,2023-04,Enterprise,North America,Retail & E-commerce,27,3,Voice|SMS|Email,433121.38,196592.88,0.454,18910914,0.0699,8.6,0,84,Monthly,8,False,Upsell,5560758.77
CLT0499,2023-05,Enterprise,North America,Retail & E-commerce,27,3,Voice|SMS|Email,878924.22,466242.49,0.53,37614485,1.0293,8.6,1,51,Monthly,5,False,Upsell,21403211.04
CLT0499,2023-06,Enterprise,North America,Retail & E-commerce,27,3,Voice|SMS|Email,439098.5,169457.59,0.386,18969453,-0.5004,8.6,4,85,Monthly,5,False,Retain,5269182.0
CLT0499,2023-07,Enterprise,North America,Retail & E-commerce,27,3,Voice|SMS|Email,469152.1,220001.4,0.469,20279903,0.0684,8.6,3,6,Monthly,6,False,Upsell,6014905.24
CLT0499,2023-08,Enterprise,North America,Retail & E-commerce,27,3,Voice|SMS|Email,482764.66,181816.77,0.377,20652279,0.029,8.6,3,66,Monthly,4,False,Expand,5961178.02
CLT0499,2023-09,Enterprise,North America,Retail & E-commerce,27,3,Voice|SMS|Email,511649.57,223557.9,0.437,21885532,0.0598,8.6,2,42,Monthly,6,False,Upsell,6506954.57
CLT0499,2023-10,Enterprise,North America,Retail & E-commerce,27,3,Voice|SMS|Email,518383.68,228094.68,0.44,21952921,0.0132,8.6,1,1,Monthly,2,False,Expand,6302716.13
CLT0499,2023-11,Enterprise,North America,Retail & E-commerce,27,3,Voice|SMS|Email,541282.4,235154.01,0.434,23187056,0.0442,8.6,1,64,Monthly,3,False,Upsell,6782484.98
CLT0500,2023-01,Mid-Market,LATAM,Healthcare,9,2,SMS|Verification,329581.92,163563.7,0.496,7008842,0.0,5.9,1,57,Annual,3,False,Retain,3954983.04
CLT0500,2023-03,Mid-Market,LATAM,Healthcare,9,2,SMS|Verification,166516.32,89768.46,0.539,3550580,-0.4948,5.9,1,59,Annual,11,False,Retain,1998195.84
CLT0500,2023-04,Mid-Market,LATAM,Healthcare,9,2,SMS|Verification,184274.68,90285.53,0.49,3960759,0.1066,5.9,3,77,Annual,8,False,Retain,2447020.33
CLT0500,2023-05,Mid-Market,LATAM,Healthcare,9,2,SMS|Verification,373935.52,193659.48,0.518,8092732,1.0292,5.9,3,32,Annual,12,False,Retain,9105479.49
CLT0500,2023-06,Mid-Market,LATAM,Healthcare,9,2,SMS|Verification,196024.48,84839.08,0.433,4262824,-0.4758,5.9,3,18,Annual,9,False,Retain,2352293.76
CLT0500,2023-07,Mid-Market,LATAM,Healthcare,9,2,SMS|Verification,199541.68,105577.9,0.529,4342668,0.0179,5.9,3,24,Annual,10,False,Retain,2437361.71
CLT0500,2023-08,Mid-Market,LATAM,Healthcare,9,2,SMS|Verification,190590.6,73483.12,0.386,4138106,-0.0449,5.9,1,4,Annual,2,False,Retain,2287087.2
CLT0500,2023-09,Mid-Market,LATAM,Healthcare,9,2,SMS|Verification,201781.48,79133.56,0.392,4389381,0.0587,5.9,3,89,Annual,9,False,Retain,2563512.63
CLT0500,2023-10,Mid-Market,LATAM,Healthcare,9,2,SMS|Verification,194547.52,81807.01,0.42,4183259,-0.0359,5.9,3,31,Annual,3,False,Retain,2334570.24
CLT0500,2023-11,Mid-Market,LATAM,Healthcare,9,2,SMS|Verification,195060.04,108271.26,0.555,4192258,0.0026,5.9,1,2,Annual,6,False,Retain,2346806.35
